LTspice 24.1.9 for Windows
Circuit: \\ARX-704\Line-2-ARX\Блок базы - Подложки\Model I-Buf-TLV9152+AMPL-A\Draft17.net
Start Time: Tue Aug 11 13:45:17 2026
Options: itl4=50
solver = Normal
Maximum thread count: 4
tnom = 27
temp = 27
method = trap
Direct Newton iteration failed to find .op point.  (Use ".option noopiter" to skip.)
Starting Gmin stepping
Increasing initial diagonal Gmin to 100
Gmin = 100
Gmin = 10.7374
Gmin = 1.15292
vernier = 0.5
vernier = 0.25
vernier = 0.125
vernier = 0.0625
Gmin = 1.00905
vernier = 0.03125
vernier = 0.015625
vernier = 0.0078125
Gmin = 0.995387
vernier = 0.0104167
vernier = 0.0138889
Gmin = 0.969414
vernier = 0.0185185
Gmin = 0.929934
vernier = 0.0246913
vernier = 0.0329218
Gmin = 0.867316
vernier = 0.0438957
vernier = 0.0585276
Gmin = 0.776249
vernier = 0.0780367
Gmin = 0.652259
vernier = 0.104049
vernier = 0.138732
Gmin = 0.487838
vernier = 0.184976
vernier = 0.246634
Gmin = 0.308243
vernier = 0.328846
Gmin = 0.151036
vernier = 0.438461
vernier = 0.584614
Gmin = 0.0468895
vernier = 0.779486
vernier = 1
Gmin = 0.00784952
Gmin = 0.000842836
Gmin = 9.04988e-05
Gmin = 9.71723e-06
Gmin = 1.04338e-06
Gmin = 1.12032e-07
Gmin = 1.20294e-08
Gmin = 1.29164e-09
Gmin = 1.38689e-10
Gmin = 1.48916e-11
Gmin = 1.59897e-12
Gmin = 1.71689e-13
Gmin = 0
Gmin stepping succeeded in finding the operating point.

Warning: Simulation tolerance relaxed to achieve convergence from 1.3839934328883726e-13 to 1.3840034328883726e-13 seconds.
Warning: Simulation tolerance relaxed to achieve convergence from 1.3847734328883720e-13 to 1.3847834328883720e-13 seconds.
Warning: Simulation tolerance relaxed to achieve convergence from 1.3860434328883723e-13 to 1.3860534328883723e-13 seconds.
Warning: Simulation tolerance relaxed to achieve convergence from 1.3932434328883718e-13 to 1.3932534328883718e-13 seconds.
Warning: Simulation tolerance relaxed to achieve convergence from 1.3932634328883717e-13 to 1.3932734328883717e-13 seconds.
Warning: Simulation tolerance relaxed to achieve convergence from 1.3932934328883716e-13 to 1.3933034328883716e-13 seconds.
Warning: Simulation tolerance relaxed to achieve convergence from 1.3933034328883716e-13 to 1.3933134328883716e-13 seconds.
Warning: Simulation tolerance relaxed to achieve convergence from 1.3933334328883715e-13 to 1.3933434328883715e-13 seconds.
Warning: Simulation tolerance relaxed to achieve convergence from 1.3933534328883714e-13 to 1.3933634328883714e-13 seconds.
Warning: Simulation tolerance relaxed to achieve convergence from 1.3933634328883714e-13 to 1.3933734328883714e-13 seconds.
Warning: Simulation tolerance relaxed to achieve convergence from 1.3957634328883712e-13 to 1.3957734328883712e-13 seconds.
Warning: Simulation tolerance relaxed to achieve convergence from 1.3957734328883712e-13 to 1.3957834328883712e-13 seconds.
Warning: Simulation tolerance relaxed to achieve convergence from 1.3959834328883712e-13 to 1.3959934328883712e-13 seconds.
Warning: Simulation tolerance relaxed to achieve convergence from 1.3959934328883712e-13 to 1.3960034328883712e-13 seconds.
Warning: Simulation tolerance relaxed to achieve convergence from 1.3960634328883712e-13 to 1.3960734328883712e-13 seconds.
Warning: Simulation tolerance relaxed to achieve convergence from 1.3986134328883718e-13 to 1.3986234328883718e-13 seconds.
Warning: Simulation tolerance relaxed to achieve convergence from 1.3986234328883718e-13 to 1.3986334328883717e-13 seconds.
Warning: Simulation tolerance relaxed to achieve convergence from 1.3989434328883717e-13 to 1.3989534328883717e-13 seconds.
Warning: Simulation tolerance relaxed to achieve convergence from 1.3993734328883718e-13 to 1.3993834328883718e-13 seconds.
Warning: Simulation tolerance relaxed to achieve convergence from 1.4050234328883726e-13 to 1.4050334328883726e-13 seconds.
Warning: Simulation tolerance relaxed to achieve convergence from 1.4054434328883725e-13 to 1.4054534328883725e-13 seconds.
Warning: Simulation tolerance relaxed to achieve convergence from 1.4054534328883725e-13 to 1.4054634328883724e-13 seconds.
Warning: Simulation tolerance relaxed to achieve convergence from 1.4063834328883724e-13 to 1.4063934328883724e-13 seconds.
Warning: Simulation tolerance relaxed to achieve convergence from 1.4064234328883723e-13 to 1.4064334328883722e-13 seconds.
Warning: Simulation tolerance relaxed to achieve convergence from 1.4064834328883721e-13 to 1.4064934328883720e-13 seconds.
Warning: Simulation tolerance relaxed to achieve convergence from 1.4083334328883724e-13 to 1.4083434328883724e-13 seconds.
Warning: Simulation tolerance relaxed to achieve convergence from 1.4083434328883724e-13 to 1.4083534328883724e-13 seconds.
Warning: Simulation tolerance relaxed to achieve convergence from 1.4083534328883724e-13 to 1.4083634328883723e-13 seconds.
Warning: Simulation tolerance relaxed to achieve convergence from 1.4604134328883703e-13 to 1.4604234328883703e-13 seconds.
Warning: Simulation tolerance relaxed to achieve convergence from 1.4605834328883703e-13 to 1.4605934328883702e-13 seconds.
Warning: Simulation tolerance relaxed to achieve convergence from 1.4605934328883702e-13 to 1.4606034328883702e-13 seconds.
Warning: Simulation tolerance relaxed to achieve convergence from 1.4606034328883702e-13 to 1.4606134328883702e-13 seconds.
Warning: Simulation tolerance relaxed to achieve convergence from 1.4606134328883702e-13 to 1.4606234328883701e-13 seconds.
Warning: Simulation tolerance relaxed to achieve convergence from 1.4606234328883701e-13 to 1.4606334328883701e-13 seconds.
Warning: Simulation tolerance relaxed to achieve convergence from 1.4606334328883701e-13 to 1.4606434328883701e-13 seconds.
Warning: Simulation tolerance relaxed to achieve convergence from 1.4606434328883701e-13 to 1.4606534328883700e-13 seconds.
Warning: Simulation tolerance relaxed to achieve convergence from 1.4606534328883700e-13 to 1.4606634328883700e-13 seconds.
Warning: Simulation tolerance relaxed to achieve convergence from 1.4606634328883700e-13 to 1.4606734328883700e-13 seconds.
Warning: Simulation tolerance relaxed to achieve convergence from 1.4606734328883700e-13 to 1.4606834328883699e-13 seconds.
Warning: Simulation tolerance relaxed to achieve convergence from 1.4606834328883699e-13 to 1.4606934328883699e-13 seconds.
Warning: Simulation tolerance relaxed to achieve convergence from 1.4606934328883699e-13 to 1.4607034328883699e-13 seconds.
Warning: Simulation tolerance relaxed to achieve convergence from 1.4607634328883699e-13 to 1.4607734328883699e-13 seconds.
Warning: Simulation tolerance relaxed to achieve convergence from 1.4607734328883699e-13 to 1.4607834328883699e-13 seconds.
Warning: Simulation tolerance relaxed to achieve convergence from 1.4607834328883699e-13 to 1.4607934328883698e-13 seconds.
Warning: Simulation tolerance relaxed to achieve convergence from 1.4607934328883698e-13 to 1.4608034328883698e-13 seconds.
Warning: Simulation tolerance relaxed to achieve convergence from 1.4608034328883698e-13 to 1.4608134328883698e-13 seconds.
Warning: Simulation tolerance relaxed to achieve convergence from 1.4608134328883698e-13 to 1.4608234328883697e-13 seconds.
Warning: Simulation tolerance relaxed to achieve convergence from 1.4608234328883697e-13 to 1.4608334328883697e-13 seconds.
Warning: Simulation tolerance relaxed to achieve convergence from 1.4608334328883697e-13 to 1.4608434328883697e-13 seconds.
Warning: Simulation tolerance relaxed to achieve convergence from 1.4608434328883697e-13 to 1.4608534328883696e-13 seconds.
Warning: Simulation tolerance relaxed to achieve convergence from 1.4608534328883696e-13 to 1.4608634328883696e-13 seconds.
Warning: Simulation tolerance relaxed to achieve convergence from 1.4608634328883696e-13 to 1.4608734328883696e-13 seconds.
Warning: Simulation tolerance relaxed to achieve convergence from 1.4608734328883696e-13 to 1.4608834328883695e-13 seconds.
Warning: Simulation tolerance relaxed to achieve convergence from 1.4608834328883695e-13 to 1.4608934328883695e-13 seconds.
Warning: Simulation tolerance relaxed to achieve convergence from 1.4608934328883695e-13 to 1.4609034328883695e-13 seconds.
Warning: Simulation tolerance relaxed to achieve convergence from 1.4609034328883695e-13 to 1.4609134328883694e-13 seconds.
Warning: Simulation tolerance relaxed to achieve convergence from 1.4609134328883694e-13 to 1.4609234328883694e-13 seconds.
Warning: Simulation tolerance relaxed to achieve convergence from 1.4609234328883694e-13 to 1.4609334328883694e-13 seconds.
Warning: Simulation tolerance relaxed to achieve convergence from 1.4609934328883694e-13 to 1.4610034328883694e-13 seconds.
Warning: Simulation tolerance relaxed to achieve convergence from 1.4610034328883694e-13 to 1.4610134328883693e-13 seconds.
Warning: Simulation tolerance relaxed to achieve convergence from 1.4669634328883704e-13 to 1.4669734328883704e-13 seconds.
Warning: Simulation tolerance relaxed to achieve convergence from 1.4746034328883692e-13 to 1.4746134328883692e-13 seconds.
Warning: Simulation tolerance relaxed to achieve convergence from 1.4746134328883692e-13 to 1.4746234328883691e-13 seconds.
Warning: Simulation tolerance relaxed to achieve convergence from 1.5138834328883651e-13 to 1.5138934328883651e-13 seconds.
Warning: Simulation tolerance relaxed to achieve convergence from 1.5139034328883650e-13 to 1.5139134328883650e-13 seconds.
Warning: Simulation tolerance relaxed to achieve convergence from 1.5373434328883659e-13 to 1.5373534328883658e-13 seconds.
Warning: Simulation tolerance relaxed to achieve convergence from 1.5723134328883709e-13 to 1.5723234328883708e-13 seconds.
Warning: Simulation tolerance relaxed to achieve convergence from 1.5730134328883710e-13 to 1.5730234328883710e-13 seconds.
Warning: Simulation tolerance relaxed to achieve convergence from 1.5741334328883713e-13 to 1.5741434328883713e-13 seconds.
Warning: Simulation tolerance relaxed to achieve convergence from 1.5741434328883713e-13 to 1.5741534328883713e-13 seconds.
Warning: Simulation tolerance relaxed to achieve convergence from 1.6141334328883798e-13 to 1.6141434328883797e-13 seconds.
Warning: Simulation tolerance relaxed to achieve convergence from 1.6141434328883797e-13 to 1.6141534328883797e-13 seconds.
Warning: Simulation tolerance relaxed to achieve convergence from 1.6142134328883797e-13 to 1.6142234328883797e-13 seconds.
Warning: Simulation tolerance relaxed to achieve convergence from 1.6188334328883807e-13 to 1.6188434328883807e-13 seconds.
Warning: Simulation tolerance relaxed to achieve convergence from 1.6189034328883808e-13 to 1.6189134328883807e-13 seconds.
Warning: Simulation tolerance relaxed to achieve convergence from 1.6235734328883813e-13 to 1.6235834328883813e-13 seconds.
Warning: Simulation tolerance relaxed to achieve convergence from 1.6263334328883820e-13 to 1.6263434328883819e-13 seconds.
Warning: Simulation tolerance relaxed to achieve convergence from 1.6265734328883819e-13 to 1.6265834328883819e-13 seconds.
Warning: Simulation tolerance relaxed to achieve convergence from 1.6276334328883822e-13 to 1.6276434328883821e-13 seconds.
Warning: Simulation tolerance relaxed to achieve convergence from 1.6277134328883822e-13 to 1.6277234328883821e-13 seconds.
Warning: Simulation tolerance relaxed to achieve convergence from 1.6277834328883822e-13 to 1.6277934328883821e-13 seconds.
Warning: Simulation tolerance relaxed to achieve convergence from 1.6278634328883822e-13 to 1.6278734328883821e-13 seconds.
Warning: Simulation tolerance relaxed to achieve convergence from 1.6280234328883821e-13 to 1.6280334328883821e-13 seconds.
Warning: Simulation tolerance relaxed to achieve convergence from 1.6292334328883821e-13 to 1.6292434328883821e-13 seconds.
Warning: Simulation tolerance relaxed to achieve convergence from 1.6302434328883820e-13 to 1.6302534328883820e-13 seconds.
Warning: Simulation tolerance relaxed to achieve convergence from 1.6307334328883817e-13 to 1.6307434328883816e-13 seconds.
Warning: Simulation tolerance relaxed to achieve convergence from 1.6319334328883812e-13 to 1.6319434328883812e-13 seconds.
Warning: Simulation tolerance relaxed to achieve convergence from 1.6319434328883812e-13 to 1.6319534328883811e-13 seconds.
Warning: Simulation tolerance relaxed to achieve convergence from 1.6319534328883811e-13 to 1.6319634328883811e-13 seconds.
Warning: Simulation tolerance relaxed to achieve convergence from 1.6319634328883811e-13 to 1.6319734328883811e-13 seconds.
Warning: Simulation tolerance relaxed to achieve convergence from 1.6320334328883811e-13 to 1.6320434328883811e-13 seconds.
Warning: Simulation tolerance relaxed to achieve convergence from 1.6349234328883811e-13 to 1.6349334328883810e-13 seconds.
Warning: Simulation tolerance relaxed to achieve convergence from 1.6349334328883810e-13 to 1.6349434328883810e-13 seconds.
Warning: Simulation tolerance relaxed to achieve convergence from 1.6349434328883810e-13 to 1.6349534328883810e-13 seconds.
Warning: Simulation tolerance relaxed to achieve convergence from 1.6349534328883810e-13 to 1.6349634328883809e-13 seconds.
Warning: Simulation tolerance relaxed to achieve convergence from 1.6349634328883809e-13 to 1.6349734328883809e-13 seconds.
Warning: Simulation tolerance relaxed to achieve convergence from 1.6349734328883809e-13 to 1.6349834328883809e-13 seconds.
Warning: Simulation tolerance relaxed to achieve convergence from 1.6353234328883810e-13 to 1.6353334328883810e-13 seconds.
Warning: Simulation tolerance relaxed to achieve convergence from 1.6353334328883810e-13 to 1.6353434328883809e-13 seconds.
Warning: Simulation tolerance relaxed to achieve convergence from 1.6353434328883809e-13 to 1.6353534328883809e-13 seconds.
Warning: Simulation tolerance relaxed to achieve convergence from 1.6353534328883809e-13 to 1.6353634328883809e-13 seconds.
Warning: Simulation tolerance relaxed to achieve convergence from 1.6353634328883809e-13 to 1.6353734328883808e-13 seconds.
Warning: Simulation tolerance relaxed to achieve convergence from 1.6353734328883808e-13 to 1.6353834328883808e-13 seconds.
Warning: Simulation tolerance relaxed to achieve convergence from 1.6353834328883808e-13 to 1.6353934328883808e-13 seconds.
Warning: Simulation tolerance relaxed to achieve convergence from 1.6353934328883808e-13 to 1.6354034328883807e-13 seconds.
Warning: Simulation tolerance relaxed to achieve convergence from 1.6354034328883807e-13 to 1.6354134328883807e-13 seconds.
Warning: Simulation tolerance relaxed to achieve convergence from 1.6354134328883807e-13 to 1.6354234328883807e-13 seconds.
Warning: Simulation tolerance relaxed to achieve convergence from 1.6354234328883807e-13 to 1.6354334328883806e-13 seconds.
Warning: Simulation tolerance relaxed to achieve convergence from 1.6354334328883806e-13 to 1.6354434328883806e-13 seconds.
Warning: Simulation tolerance relaxed to achieve convergence from 1.6364434328883808e-13 to 1.6364534328883808e-13 seconds.
Warning: Simulation tolerance relaxed to achieve convergence from 1.6364534328883808e-13 to 1.6364634328883807e-13 seconds.
Warning: Simulation tolerance relaxed to achieve convergence from 1.6371134328883808e-13 to 1.6371234328883808e-13 seconds.
Warning: Simulation tolerance relaxed to achieve convergence from 1.6387734328883811e-13 to 1.6387834328883811e-13 seconds.
Warning: Simulation tolerance relaxed to achieve convergence from 1.6392034328883812e-13 to 1.6392134328883812e-13 seconds.
Warning: Simulation tolerance relaxed to achieve convergence from 1.6495734328883817e-13 to 1.6495834328883816e-13 seconds.
Warning: Simulation tolerance relaxed to achieve convergence from 1.6495834328883816e-13 to 1.6495934328883816e-13 seconds.
Warning: Simulation tolerance relaxed to achieve convergence from 1.6495934328883816e-13 to 1.6496034328883816e-13 seconds.
Warning: Simulation tolerance relaxed to achieve convergence from 1.6496034328883816e-13 to 1.6496134328883815e-13 seconds.
Warning: Simulation tolerance relaxed to achieve convergence from 1.6496134328883815e-13 to 1.6496234328883815e-13 seconds.
Warning: Simulation tolerance relaxed to achieve convergence from 1.6496334328883815e-13 to 1.6496434328883814e-13 seconds.
Warning: Simulation tolerance relaxed to achieve convergence from 1.6519534328883818e-13 to 1.6519634328883818e-13 seconds.
Warning: Simulation tolerance relaxed to achieve convergence from 1.6531434328883819e-13 to 1.6531534328883818e-13 seconds.
Warning: Simulation tolerance relaxed to achieve convergence from 1.6531534328883818e-13 to 1.6531634328883818e-13 seconds.
Warning: Simulation tolerance relaxed to achieve convergence from 1.6531634328883818e-13 to 1.6531734328883818e-13 seconds.
Warning: Simulation tolerance relaxed to achieve convergence from 1.6531734328883818e-13 to 1.6531834328883817e-13 seconds.
Warning: Simulation tolerance relaxed to achieve convergence from 1.6531834328883817e-13 to 1.6531934328883817e-13 seconds.
Warning: Simulation tolerance relaxed to achieve convergence from 1.6531934328883817e-13 to 1.6532034328883817e-13 seconds.
Warning: Simulation tolerance relaxed to achieve convergence from 1.6624734328883805e-13 to 1.6624834328883805e-13 seconds.
Warning: Simulation tolerance relaxed to achieve convergence from 1.6631334328883804e-13 to 1.6631434328883803e-13 seconds.
Warning: Simulation tolerance relaxed to achieve convergence from 1.6756634328883787e-13 to 1.6756734328883787e-13 seconds.
Warning: Simulation tolerance relaxed to achieve convergence from 1.6757534328883784e-13 to 1.6757634328883784e-13 seconds.
Warning: Simulation tolerance relaxed to achieve convergence from 1.6758534328883781e-13 to 1.6758634328883780e-13 seconds.
Warning: Simulation tolerance relaxed to achieve convergence from 1.7111534328883734e-13 to 1.7111634328883733e-13 seconds.
Warning: Simulation tolerance relaxed to achieve convergence from 1.7112334328883734e-13 to 1.7112434328883733e-13 seconds.
Warning: Simulation tolerance relaxed to achieve convergence from 1.7365134328883741e-13 to 1.7365234328883740e-13 seconds.
Warning: Simulation tolerance relaxed to achieve convergence from 1.7365834328883741e-13 to 1.7365934328883741e-13 seconds.
Warning: Simulation tolerance relaxed to achieve convergence from 1.7366134328883740e-13 to 1.7366234328883740e-13 seconds.
Warning: Simulation tolerance relaxed to achieve convergence from 1.7387234328883745e-13 to 1.7387334328883745e-13 seconds.
Warning: Simulation tolerance relaxed to achieve convergence from 1.7387334328883745e-13 to 1.7387434328883745e-13 seconds.
Warning: Simulation tolerance relaxed to achieve convergence from 1.7388034328883745e-13 to 1.7388134328883745e-13 seconds.
Warning: Simulation tolerance relaxed to achieve convergence from 1.7388834328883745e-13 to 1.7388934328883745e-13 seconds.
Warning: Simulation tolerance relaxed to achieve convergence from 1.7388934328883745e-13 to 1.7389034328883744e-13 seconds.
Warning: Simulation tolerance relaxed to achieve convergence from 1.7390334328883745e-13 to 1.7390434328883745e-13 seconds.
Warning: Simulation tolerance relaxed to achieve convergence from 1.7391134328883745e-13 to 1.7391234328883745e-13 seconds.
Warning: Simulation tolerance relaxed to achieve convergence from 1.7391234328883745e-13 to 1.7391334328883744e-13 seconds.
Warning: Simulation tolerance relaxed to achieve convergence from 1.7391334328883744e-13 to 1.7391434328883744e-13 seconds.
Warning: Simulation tolerance relaxed to achieve convergence from 1.7392034328883744e-13 to 1.7392134328883744e-13 seconds.
Warning: Simulation tolerance relaxed to achieve convergence from 1.7392134328883744e-13 to 1.7392234328883744e-13 seconds.
Warning: Simulation tolerance relaxed to achieve convergence from 1.7393034328883744e-13 to 1.7393134328883743e-13 seconds.
Warning: Simulation tolerance relaxed to achieve convergence from 1.7393734328883744e-13 to 1.7393834328883744e-13 seconds.
Warning: Simulation tolerance relaxed to achieve convergence from 1.7395934328883744e-13 to 1.7396034328883744e-13 seconds.
Warning: Simulation tolerance relaxed to achieve convergence from 1.7398134328883744e-13 to 1.7398234328883744e-13 seconds.
Warning: Simulation tolerance relaxed to achieve convergence from 1.7400234328883745e-13 to 1.7400334328883745e-13 seconds.
Warning: Simulation tolerance relaxed to achieve convergence from 1.7400434328883744e-13 to 1.7400534328883744e-13 seconds.
Warning: Simulation tolerance relaxed to achieve convergence from 1.7401134328883744e-13 to 1.7401234328883744e-13 seconds.
Warning: Simulation tolerance relaxed to achieve convergence from 1.7401334328883744e-13 to 1.7401434328883743e-13 seconds.
Warning: Simulation tolerance relaxed to achieve convergence from 1.7401434328883743e-13 to 1.7401534328883743e-13 seconds.
Warning: Simulation tolerance relaxed to achieve convergence from 1.7401634328883743e-13 to 1.7401734328883742e-13 seconds.
Warning: Simulation tolerance relaxed to achieve convergence from 1.7402334328883743e-13 to 1.7402434328883743e-13 seconds.
Warning: Simulation tolerance relaxed to achieve convergence from 1.7402634328883742e-13 to 1.7402734328883742e-13 seconds.
Warning: Simulation tolerance relaxed to achieve convergence from 1.7402734328883742e-13 to 1.7402834328883741e-13 seconds.
Warning: Simulation tolerance relaxed to achieve convergence from 1.7402834328883741e-13 to 1.7402934328883741e-13 seconds.
Warning: Simulation tolerance relaxed to achieve convergence from 1.7403634328883741e-13 to 1.7403734328883741e-13 seconds.
Warning: Simulation tolerance relaxed to achieve convergence from 1.7403734328883741e-13 to 1.7403834328883740e-13 seconds.
Warning: Simulation tolerance relaxed to achieve convergence from 1.7403834328883740e-13 to 1.7403934328883740e-13 seconds.
Warning: Simulation tolerance relaxed to achieve convergence from 1.7403934328883740e-13 to 1.7404034328883740e-13 seconds.
Warning: Simulation tolerance relaxed to achieve convergence from 1.7404034328883740e-13 to 1.7404134328883739e-13 seconds.
Warning: Simulation tolerance relaxed to achieve convergence from 1.7404134328883739e-13 to 1.7404234328883739e-13 seconds.
Warning: Simulation tolerance relaxed to achieve convergence from 1.7404834328883740e-13 to 1.7404934328883739e-13 seconds.
Warning: Simulation tolerance relaxed to achieve convergence from 1.7405034328883739e-13 to 1.7405134328883739e-13 seconds.
Warning: Simulation tolerance relaxed to achieve convergence from 1.7409334328883740e-13 to 1.7409434328883739e-13 seconds.
Warning: Simulation tolerance relaxed to achieve convergence from 1.7409434328883739e-13 to 1.7409534328883739e-13 seconds.
Warning: Simulation tolerance relaxed to achieve convergence from 1.7409534328883739e-13 to 1.7409634328883739e-13 seconds.
Warning: Simulation tolerance relaxed to achieve convergence from 1.7409634328883739e-13 to 1.7409734328883738e-13 seconds.
Warning: Simulation tolerance relaxed to achieve convergence from 1.7409734328883738e-13 to 1.7409834328883738e-13 seconds.
Warning: Simulation tolerance relaxed to achieve convergence from 1.7409834328883738e-13 to 1.7409934328883738e-13 seconds.
Warning: Simulation tolerance relaxed to achieve convergence from 1.7409934328883738e-13 to 1.7410034328883737e-13 seconds.
Warning: Simulation tolerance relaxed to achieve convergence from 1.7410034328883737e-13 to 1.7410134328883737e-13 seconds.
Warning: Simulation tolerance relaxed to achieve convergence from 1.7410134328883737e-13 to 1.7410234328883737e-13 seconds.
Warning: Simulation tolerance relaxed to achieve convergence from 1.7410234328883737e-13 to 1.7410334328883736e-13 seconds.
Warning: Simulation tolerance relaxed to achieve convergence from 1.7410334328883736e-13 to 1.7410434328883736e-13 seconds.
Warning: Simulation tolerance relaxed to achieve convergence from 1.7410434328883736e-13 to 1.7410534328883736e-13 seconds.
Warning: Simulation tolerance relaxed to achieve convergence from 1.7410534328883736e-13 to 1.7410634328883735e-13 seconds.
Warning: Simulation tolerance relaxed to achieve convergence from 1.7410734328883735e-13 to 1.7410834328883735e-13 seconds.
Warning: Simulation tolerance relaxed to achieve convergence from 1.7410834328883735e-13 to 1.7410934328883734e-13 seconds.
Warning: Simulation tolerance relaxed to achieve convergence from 1.7410934328883734e-13 to 1.7411034328883734e-13 seconds.
Warning: Simulation tolerance relaxed to achieve convergence from 1.7411034328883734e-13 to 1.7411134328883734e-13 seconds.
Warning: Simulation tolerance relaxed to achieve convergence from 1.7411134328883734e-13 to 1.7411234328883733e-13 seconds.
Warning: Simulation tolerance relaxed to achieve convergence from 1.7411234328883733e-13 to 1.7411334328883733e-13 seconds.
Warning: Simulation tolerance relaxed to achieve convergence from 1.7411434328883733e-13 to 1.7411534328883732e-13 seconds.
Warning: Simulation tolerance relaxed to achieve convergence from 1.7411534328883732e-13 to 1.7411634328883732e-13 seconds.
Warning: Simulation tolerance relaxed to achieve convergence from 1.7411634328883732e-13 to 1.7411734328883732e-13 seconds.
Warning: Simulation tolerance relaxed to achieve convergence from 1.7411734328883732e-13 to 1.7411834328883731e-13 seconds.
Warning: Simulation tolerance relaxed to achieve convergence from 1.7411834328883731e-13 to 1.7411934328883731e-13 seconds.
Warning: Simulation tolerance relaxed to achieve convergence from 1.7411934328883731e-13 to 1.7412034328883731e-13 seconds.
Warning: Simulation tolerance relaxed to achieve convergence from 1.7412034328883731e-13 to 1.7412134328883730e-13 seconds.
Warning: Simulation tolerance relaxed to achieve convergence from 1.7412134328883730e-13 to 1.7412234328883730e-13 seconds.
Warning: Simulation tolerance relaxed to achieve convergence from 1.7412234328883730e-13 to 1.7412334328883730e-13 seconds.
Warning: Simulation tolerance relaxed to achieve convergence from 1.7412334328883730e-13 to 1.7412434328883729e-13 seconds.
Warning: Simulation tolerance relaxed to achieve convergence from 1.7412534328883729e-13 to 1.7412634328883729e-13 seconds.
Warning: Simulation tolerance relaxed to achieve convergence from 1.7413334328883729e-13 to 1.7413434328883729e-13 seconds.
Warning: Simulation tolerance relaxed to achieve convergence from 1.7414134328883729e-13 to 1.7414234328883728e-13 seconds.
Warning: Simulation tolerance relaxed to achieve convergence from 1.7414834328883729e-13 to 1.7414934328883729e-13 seconds.
Warning: Simulation tolerance relaxed to achieve convergence from 1.7416034328883728e-13 to 1.7416134328883727e-13 seconds.
Warning: Simulation tolerance relaxed to achieve convergence from 1.7416434328883726e-13 to 1.7416534328883726e-13 seconds.
Warning: Simulation tolerance relaxed to achieve convergence from 1.7416634328883726e-13 to 1.7416734328883725e-13 seconds.
Warning: Simulation tolerance relaxed to achieve convergence from 1.7416734328883725e-13 to 1.7416834328883725e-13 seconds.
Warning: Simulation tolerance relaxed to achieve convergence from 1.7416834328883725e-13 to 1.7416934328883725e-13 seconds.
Warning: Simulation tolerance relaxed to achieve convergence from 1.7416934328883725e-13 to 1.7417034328883724e-13 seconds.
Warning: Simulation tolerance relaxed to achieve convergence from 1.7417034328883724e-13 to 1.7417134328883724e-13 seconds.
Warning: Simulation tolerance relaxed to achieve convergence from 1.7417134328883724e-13 to 1.7417234328883724e-13 seconds.
Warning: Simulation tolerance relaxed to achieve convergence from 1.7417234328883724e-13 to 1.7417334328883723e-13 seconds.
Warning: Simulation tolerance relaxed to achieve convergence from 1.7417334328883723e-13 to 1.7417434328883723e-13 seconds.
Warning: Simulation tolerance relaxed to achieve convergence from 1.7417434328883723e-13 to 1.7417534328883723e-13 seconds.
Warning: Simulation tolerance relaxed to achieve convergence from 1.7417534328883723e-13 to 1.7417634328883722e-13 seconds.
Warning: Simulation tolerance relaxed to achieve convergence from 1.7417734328883722e-13 to 1.7417834328883722e-13 seconds.
Warning: Simulation tolerance relaxed to achieve convergence from 1.7417834328883722e-13 to 1.7417934328883721e-13 seconds.
Warning: Simulation tolerance relaxed to achieve convergence from 1.7418134328883721e-13 to 1.7418234328883720e-13 seconds.
Warning: Simulation tolerance relaxed to achieve convergence from 1.7420634328883712e-13 to 1.7420734328883712e-13 seconds.
Warning: Simulation tolerance relaxed to achieve convergence from 1.7420734328883712e-13 to 1.7420834328883711e-13 seconds.
Warning: Simulation tolerance relaxed to achieve convergence from 1.7420834328883711e-13 to 1.7420934328883711e-13 seconds.
Warning: Simulation tolerance relaxed to achieve convergence from 1.7420934328883711e-13 to 1.7421034328883711e-13 seconds.
Warning: Simulation tolerance relaxed to achieve convergence from 1.7421034328883711e-13 to 1.7421134328883710e-13 seconds.
Warning: Simulation tolerance relaxed to achieve convergence from 1.7421134328883710e-13 to 1.7421234328883710e-13 seconds.
Warning: Simulation tolerance relaxed to achieve convergence from 1.7421234328883710e-13 to 1.7421334328883710e-13 seconds.
Warning: Simulation tolerance relaxed to achieve convergence from 1.7421334328883710e-13 to 1.7421434328883709e-13 seconds.
Warning: Simulation tolerance relaxed to achieve convergence from 1.7421434328883709e-13 to 1.7421534328883709e-13 seconds.
Warning: Simulation tolerance relaxed to achieve convergence from 1.7421534328883709e-13 to 1.7421634328883709e-13 seconds.
Warning: Simulation tolerance relaxed to achieve convergence from 1.7421634328883709e-13 to 1.7421734328883708e-13 seconds.
Warning: Simulation tolerance relaxed to achieve convergence from 1.7421734328883708e-13 to 1.7421834328883708e-13 seconds.
Warning: Simulation tolerance relaxed to achieve convergence from 1.7421834328883708e-13 to 1.7421934328883708e-13 seconds.
Warning: Simulation tolerance relaxed to achieve convergence from 1.7421934328883708e-13 to 1.7422034328883707e-13 seconds.
Warning: Simulation tolerance relaxed to achieve convergence from 1.7422134328883707e-13 to 1.7422234328883707e-13 seconds.
Warning: Simulation tolerance relaxed to achieve convergence from 1.7422234328883707e-13 to 1.7422334328883706e-13 seconds.
Warning: Simulation tolerance relaxed to achieve convergence from 1.7422534328883706e-13 to 1.7422634328883705e-13 seconds.
Warning: Simulation tolerance relaxed to achieve convergence from 1.7423134328883704e-13 to 1.7423234328883703e-13 seconds.
Warning: Simulation tolerance relaxed to achieve convergence from 1.7423334328883703e-13 to 1.7423434328883703e-13 seconds.
Warning: Simulation tolerance relaxed to achieve convergence from 1.7423434328883703e-13 to 1.7423534328883702e-13 seconds.
Warning: Simulation tolerance relaxed to achieve convergence from 1.7423634328883702e-13 to 1.7423734328883702e-13 seconds.
Warning: Simulation tolerance relaxed to achieve convergence from 1.7423734328883702e-13 to 1.7423834328883701e-13 seconds.
Warning: Simulation tolerance relaxed to achieve convergence from 1.7423934328883701e-13 to 1.7424034328883701e-13 seconds.
Warning: Simulation tolerance relaxed to achieve convergence from 1.7430234328883703e-13 to 1.7430334328883703e-13 seconds.
Warning: Simulation tolerance relaxed to achieve convergence from 1.7430334328883703e-13 to 1.7430434328883702e-13 seconds.
Warning: Simulation tolerance relaxed to achieve convergence from 1.7440234328883705e-13 to 1.7440334328883704e-13 seconds.
Warning: Simulation tolerance relaxed to achieve convergence from 1.7441034328883705e-13 to 1.7441134328883704e-13 seconds.
Warning: Simulation tolerance relaxed to achieve convergence from 1.7442634328883704e-13 to 1.7442734328883704e-13 seconds.
Warning: Simulation tolerance relaxed to achieve convergence from 1.7442834328883704e-13 to 1.7442934328883703e-13 seconds.
Warning: Simulation tolerance relaxed to achieve convergence from 1.7443634328883704e-13 to 1.7443734328883703e-13 seconds.
Warning: Simulation tolerance relaxed to achieve convergence from 1.7444534328883703e-13 to 1.7444634328883703e-13 seconds.
Warning: Simulation tolerance relaxed to achieve convergence from 1.7445234328883703e-13 to 1.7445334328883703e-13 seconds.
Warning: Simulation tolerance relaxed to achieve convergence from 1.7446034328883703e-13 to 1.7446134328883703e-13 seconds.
Warning: Simulation tolerance relaxed to achieve convergence from 1.7446134328883703e-13 to 1.7446234328883702e-13 seconds.
Warning: Simulation tolerance relaxed to achieve convergence from 1.7446234328883702e-13 to 1.7446334328883702e-13 seconds.
Warning: Simulation tolerance relaxed to achieve convergence from 1.7446334328883702e-13 to 1.7446434328883702e-13 seconds.
Warning: Simulation tolerance relaxed to achieve convergence from 1.7446434328883702e-13 to 1.7446534328883701e-13 seconds.
Warning: Simulation tolerance relaxed to achieve convergence from 1.7446534328883701e-13 to 1.7446634328883701e-13 seconds.
Warning: Simulation tolerance relaxed to achieve convergence from 1.7447234328883702e-13 to 1.7447334328883701e-13 seconds.
Warning: Simulation tolerance relaxed to achieve convergence from 1.7447434328883701e-13 to 1.7447534328883701e-13 seconds.
Warning: Simulation tolerance relaxed to achieve convergence from 1.7447534328883701e-13 to 1.7447634328883700e-13 seconds.
Warning: Simulation tolerance relaxed to achieve convergence from 1.7447634328883700e-13 to 1.7447734328883700e-13 seconds.
Warning: Simulation tolerance relaxed to achieve convergence from 1.7447734328883700e-13 to 1.7447834328883700e-13 seconds.
Warning: Simulation tolerance relaxed to achieve convergence from 1.7447834328883700e-13 to 1.7447934328883699e-13 seconds.
Warning: Simulation tolerance relaxed to achieve convergence from 1.7448634328883700e-13 to 1.7448734328883699e-13 seconds.
Warning: Simulation tolerance relaxed to achieve convergence from 1.7448734328883699e-13 to 1.7448834328883699e-13 seconds.
Warning: Simulation tolerance relaxed to achieve convergence from 1.7448834328883699e-13 to 1.7448934328883699e-13 seconds.
Warning: Simulation tolerance relaxed to achieve convergence from 1.7448934328883699e-13 to 1.7449034328883698e-13 seconds.
Warning: Simulation tolerance relaxed to achieve convergence from 1.7449034328883698e-13 to 1.7449134328883698e-13 seconds.
Warning: Simulation tolerance relaxed to achieve convergence from 1.7449134328883698e-13 to 1.7449234328883698e-13 seconds.
Warning: Simulation tolerance relaxed to achieve convergence from 1.7449234328883698e-13 to 1.7449334328883697e-13 seconds.
Warning: Simulation tolerance relaxed to achieve convergence from 1.7449934328883698e-13 to 1.7450034328883697e-13 seconds.
Warning: Simulation tolerance relaxed to achieve convergence from 1.7450034328883697e-13 to 1.7450134328883697e-13 seconds.
Warning: Simulation tolerance relaxed to achieve convergence from 1.7450134328883697e-13 to 1.7450234328883697e-13 seconds.
Warning: Simulation tolerance relaxed to achieve convergence from 1.7450834328883697e-13 to 1.7450934328883697e-13 seconds.
Warning: Simulation tolerance relaxed to achieve convergence from 1.7450934328883697e-13 to 1.7451034328883697e-13 seconds.
Warning: Simulation tolerance relaxed to achieve convergence from 1.7451034328883697e-13 to 1.7451134328883696e-13 seconds.
Warning: Simulation tolerance relaxed to achieve convergence from 1.7451734328883697e-13 to 1.7451834328883696e-13 seconds.
Warning: Simulation tolerance relaxed to achieve convergence from 1.7451834328883696e-13 to 1.7451934328883696e-13 seconds.
Warning: Simulation tolerance relaxed to achieve convergence from 1.7451934328883696e-13 to 1.7452034328883696e-13 seconds.
Warning: Simulation tolerance relaxed to achieve convergence from 1.7452034328883696e-13 to 1.7452134328883695e-13 seconds.
Warning: Simulation tolerance relaxed to achieve convergence from 1.7452134328883695e-13 to 1.7452234328883695e-13 seconds.
Warning: Simulation tolerance relaxed to achieve convergence from 1.7452834328883696e-13 to 1.7452934328883695e-13 seconds.
Warning: Simulation tolerance relaxed to achieve convergence from 1.7452934328883695e-13 to 1.7453034328883695e-13 seconds.
Warning: Simulation tolerance relaxed to achieve convergence from 1.7453034328883695e-13 to 1.7453134328883695e-13 seconds.
Warning: Simulation tolerance relaxed to achieve convergence from 1.7453734328883695e-13 to 1.7453834328883695e-13 seconds.
Warning: Simulation tolerance relaxed to achieve convergence from 1.7454434328883695e-13 to 1.7454534328883695e-13 seconds.
Warning: Simulation tolerance relaxed to achieve convergence from 1.7455134328883696e-13 to 1.7455234328883695e-13 seconds.
Warning: Simulation tolerance relaxed to achieve convergence from 1.7455834328883696e-13 to 1.7455934328883695e-13 seconds.
Warning: Simulation tolerance relaxed to achieve convergence from 1.7455934328883695e-13 to 1.7456034328883695e-13 seconds.
Warning: Simulation tolerance relaxed to achieve convergence from 1.7456034328883695e-13 to 1.7456134328883695e-13 seconds.
Warning: Simulation tolerance relaxed to achieve convergence from 1.7456734328883695e-13 to 1.7456834328883695e-13 seconds.
Warning: Simulation tolerance relaxed to achieve convergence from 1.7457534328883695e-13 to 1.7457634328883695e-13 seconds.
Warning: Simulation tolerance relaxed to achieve convergence from 1.7457634328883695e-13 to 1.7457734328883694e-13 seconds.
Warning: Simulation tolerance relaxed to achieve convergence from 1.7457734328883694e-13 to 1.7457834328883694e-13 seconds.
Warning: Simulation tolerance relaxed to achieve convergence from 1.7459134328883695e-13 to 1.7459234328883694e-13 seconds.
Warning: Simulation tolerance relaxed to achieve convergence from 1.7459834328883695e-13 to 1.7459934328883695e-13 seconds.
Warning: Simulation tolerance relaxed to achieve convergence from 1.7460034328883694e-13 to 1.7460134328883694e-13 seconds.
Warning: Simulation tolerance relaxed to achieve convergence from 1.7460734328883694e-13 to 1.7460834328883694e-13 seconds.
Warning: Simulation tolerance relaxed to achieve convergence from 1.7460834328883694e-13 to 1.7460934328883694e-13 seconds.
Warning: Simulation tolerance relaxed to achieve convergence from 1.7460934328883694e-13 to 1.7461034328883693e-13 seconds.
Warning: Simulation tolerance relaxed to achieve convergence from 1.7461034328883693e-13 to 1.7461134328883693e-13 seconds.
Warning: Simulation tolerance relaxed to achieve convergence from 1.7461434328883692e-13 to 1.7461534328883692e-13 seconds.
Warning: Simulation tolerance relaxed to achieve convergence from 1.7461534328883692e-13 to 1.7461634328883691e-13 seconds.
Warning: Simulation tolerance relaxed to achieve convergence from 1.7461934328883690e-13 to 1.7462034328883690e-13 seconds.
Warning: Simulation tolerance relaxed to achieve convergence from 1.7462034328883690e-13 to 1.7462134328883690e-13 seconds.
Warning: Simulation tolerance relaxed to achieve convergence from 1.7462134328883690e-13 to 1.7462234328883689e-13 seconds.
Warning: Simulation tolerance relaxed to achieve convergence from 1.7462834328883690e-13 to 1.7462934328883690e-13 seconds.
Warning: Simulation tolerance relaxed to achieve convergence from 1.7462934328883690e-13 to 1.7463034328883689e-13 seconds.
Warning: Simulation tolerance relaxed to achieve convergence from 1.7463034328883689e-13 to 1.7463134328883689e-13 seconds.
Warning: Simulation tolerance relaxed to achieve convergence from 1.7463134328883689e-13 to 1.7463234328883689e-13 seconds.
Warning: Simulation tolerance relaxed to achieve convergence from 1.7463234328883689e-13 to 1.7463334328883688e-13 seconds.
Warning: Simulation tolerance relaxed to achieve convergence from 1.7463334328883688e-13 to 1.7463434328883688e-13 seconds.
Warning: Simulation tolerance relaxed to achieve convergence from 1.7463434328883688e-13 to 1.7463534328883688e-13 seconds.
Warning: Simulation tolerance relaxed to achieve convergence from 1.7463534328883688e-13 to 1.7463634328883687e-13 seconds.
Warning: Simulation tolerance relaxed to achieve convergence from 1.7464234328883688e-13 to 1.7464334328883688e-13 seconds.
Warning: Simulation tolerance relaxed to achieve convergence from 1.7464434328883687e-13 to 1.7464534328883687e-13 seconds.
Warning: Simulation tolerance relaxed to achieve convergence from 1.7464634328883687e-13 to 1.7464734328883686e-13 seconds.
Warning: Simulation tolerance relaxed to achieve convergence from 1.7464734328883686e-13 to 1.7464834328883686e-13 seconds.
Warning: Simulation tolerance relaxed to achieve convergence from 1.7464834328883686e-13 to 1.7464934328883686e-13 seconds.
Warning: Simulation tolerance relaxed to achieve convergence from 1.7464934328883686e-13 to 1.7465034328883685e-13 seconds.
Warning: Simulation tolerance relaxed to achieve convergence from 1.7465634328883686e-13 to 1.7465734328883685e-13 seconds.
Warning: Simulation tolerance relaxed to achieve convergence from 1.7465734328883685e-13 to 1.7465834328883685e-13 seconds.
Warning: Simulation tolerance relaxed to achieve convergence from 1.7465834328883685e-13 to 1.7465934328883685e-13 seconds.
Warning: Simulation tolerance relaxed to achieve convergence from 1.7466534328883685e-13 to 1.7466634328883685e-13 seconds.
Warning: Simulation tolerance relaxed to achieve convergence from 1.7466634328883685e-13 to 1.7466734328883685e-13 seconds.
Warning: Simulation tolerance relaxed to achieve convergence from 1.7466734328883685e-13 to 1.7466834328883684e-13 seconds.
Warning: Simulation tolerance relaxed to achieve convergence from 1.7466834328883684e-13 to 1.7466934328883684e-13 seconds.
Warning: Simulation tolerance relaxed to achieve convergence from 1.7466934328883684e-13 to 1.7467034328883684e-13 seconds.
Warning: Simulation tolerance relaxed to achieve convergence from 1.7467034328883684e-13 to 1.7467134328883683e-13 seconds.
Warning: Simulation tolerance relaxed to achieve convergence from 1.7467134328883683e-13 to 1.7467234328883683e-13 seconds.
Warning: Simulation tolerance relaxed to achieve convergence from 1.7467234328883683e-13 to 1.7467334328883683e-13 seconds.
Warning: Simulation tolerance relaxed to achieve convergence from 1.7467334328883683e-13 to 1.7467434328883682e-13 seconds.
Warning: Simulation tolerance relaxed to achieve convergence from 1.7467434328883682e-13 to 1.7467534328883682e-13 seconds.
Warning: Simulation tolerance relaxed to achieve convergence from 1.7467534328883682e-13 to 1.7467634328883682e-13 seconds.
Warning: Simulation tolerance relaxed to achieve convergence from 1.7467634328883682e-13 to 1.7467734328883681e-13 seconds.
Warning: Simulation tolerance relaxed to achieve convergence from 1.7467734328883681e-13 to 1.7467834328883681e-13 seconds.
Warning: Simulation tolerance relaxed to achieve convergence from 1.7467834328883681e-13 to 1.7467934328883681e-13 seconds.
Warning: Simulation tolerance relaxed to achieve convergence from 1.7467934328883681e-13 to 1.7468034328883680e-13 seconds.
Warning: Simulation tolerance relaxed to achieve convergence from 1.7468034328883680e-13 to 1.7468134328883680e-13 seconds.
Warning: Simulation tolerance relaxed to achieve convergence from 1.7468134328883680e-13 to 1.7468234328883680e-13 seconds.
Warning: Simulation tolerance relaxed to achieve convergence from 1.7468234328883680e-13 to 1.7468334328883679e-13 seconds.
Warning: Simulation tolerance relaxed to achieve convergence from 1.7468334328883679e-13 to 1.7468434328883679e-13 seconds.
Warning: Simulation tolerance relaxed to achieve convergence from 1.7468434328883679e-13 to 1.7468534328883679e-13 seconds.
Warning: Simulation tolerance relaxed to achieve convergence from 1.7468534328883679e-13 to 1.7468634328883678e-13 seconds.
Warning: Simulation tolerance relaxed to achieve convergence from 1.7468634328883678e-13 to 1.7468734328883678e-13 seconds.
Warning: Simulation tolerance relaxed to achieve convergence from 1.7468734328883678e-13 to 1.7468834328883678e-13 seconds.
Warning: Simulation tolerance relaxed to achieve convergence from 1.7468834328883678e-13 to 1.7468934328883677e-13 seconds.
Warning: Simulation tolerance relaxed to achieve convergence from 1.7468934328883677e-13 to 1.7469034328883677e-13 seconds.
Warning: Simulation tolerance relaxed to achieve convergence from 1.7469034328883677e-13 to 1.7469134328883677e-13 seconds.
Warning: Simulation tolerance relaxed to achieve convergence from 1.7469134328883677e-13 to 1.7469234328883676e-13 seconds.
Warning: Simulation tolerance relaxed to achieve convergence from 1.7469234328883676e-13 to 1.7469334328883676e-13 seconds.
Warning: Simulation tolerance relaxed to achieve convergence from 1.7469334328883676e-13 to 1.7469434328883676e-13 seconds.
Warning: Simulation tolerance relaxed to achieve convergence from 1.7469434328883676e-13 to 1.7469534328883675e-13 seconds.
Warning: Simulation tolerance relaxed to achieve convergence from 1.7470134328883676e-13 to 1.7470234328883675e-13 seconds.
Warning: Simulation tolerance relaxed to achieve convergence from 1.7470334328883675e-13 to 1.7470434328883675e-13 seconds.
Warning: Simulation tolerance relaxed to achieve convergence from 1.7471134328883675e-13 to 1.7471234328883675e-13 seconds.
Warning: Simulation tolerance relaxed to achieve convergence from 1.7471234328883675e-13 to 1.7471334328883674e-13 seconds.
Warning: Simulation tolerance relaxed to achieve convergence from 1.7471334328883674e-13 to 1.7471434328883674e-13 seconds.
Warning: Simulation tolerance relaxed to achieve convergence from 1.7471434328883674e-13 to 1.7471534328883674e-13 seconds.
Warning: Simulation tolerance relaxed to achieve convergence from 1.7472134328883674e-13 to 1.7472234328883674e-13 seconds.
Warning: Simulation tolerance relaxed to achieve convergence from 1.7473034328883674e-13 to 1.7473134328883673e-13 seconds.
Warning: Simulation tolerance relaxed to achieve convergence from 1.7473834328883674e-13 to 1.7473934328883673e-13 seconds.
Warning: Simulation tolerance relaxed to achieve convergence from 1.7485034328883677e-13 to 1.7485134328883676e-13 seconds.
Warning: Simulation tolerance relaxed to achieve convergence from 1.7485734328883677e-13 to 1.7485834328883676e-13 seconds.
Warning: Simulation tolerance relaxed to achieve convergence from 1.7486434328883677e-13 to 1.7486534328883677e-13 seconds.
Warning: Simulation tolerance relaxed to achieve convergence from 1.7487134328883677e-13 to 1.7487234328883677e-13 seconds.
Warning: Simulation tolerance relaxed to achieve convergence from 1.7489434328883677e-13 to 1.7489534328883677e-13 seconds.
Warning: Simulation tolerance relaxed to achieve convergence from 1.7490334328883677e-13 to 1.7490434328883676e-13 seconds.
Warning: Simulation tolerance relaxed to achieve convergence from 1.7492534328883677e-13 to 1.7492634328883676e-13 seconds.
Warning: Simulation tolerance relaxed to achieve convergence from 1.7492834328883676e-13 to 1.7492934328883675e-13 seconds.
Warning: Simulation tolerance relaxed to achieve convergence from 1.7493234328883674e-13 to 1.7493334328883674e-13 seconds.
Warning: Simulation tolerance relaxed to achieve convergence from 1.7493534328883673e-13 to 1.7493634328883673e-13 seconds.
Warning: Simulation tolerance relaxed to achieve convergence from 1.7493834328883672e-13 to 1.7493934328883672e-13 seconds.
Warning: Simulation tolerance relaxed to achieve convergence from 1.7494134328883671e-13 to 1.7494234328883671e-13 seconds.
Warning: Simulation tolerance relaxed to achieve convergence from 1.7494434328883670e-13 to 1.7494534328883670e-13 seconds.
Warning: Simulation tolerance relaxed to achieve convergence from 1.7495034328883668e-13 to 1.7495134328883668e-13 seconds.
Warning: Simulation tolerance relaxed to achieve convergence from 1.7495334328883667e-13 to 1.7495434328883667e-13 seconds.
Warning: Simulation tolerance relaxed to achieve convergence from 1.7495634328883666e-13 to 1.7495734328883666e-13 seconds.
Warning: Simulation tolerance relaxed to achieve convergence from 1.7495834328883666e-13 to 1.7495934328883665e-13 seconds.
Warning: Simulation tolerance relaxed to achieve convergence from 1.7496134328883665e-13 to 1.7496234328883664e-13 seconds.
Warning: Simulation tolerance relaxed to achieve convergence from 1.7496434328883664e-13 to 1.7496534328883663e-13 seconds.
Warning: Simulation tolerance relaxed to achieve convergence from 1.7497134328883661e-13 to 1.7497234328883661e-13 seconds.
Warning: Simulation tolerance relaxed to achieve convergence from 1.7497434328883660e-13 to 1.7497534328883660e-13 seconds.
Warning: Simulation tolerance relaxed to achieve convergence from 1.7497634328883660e-13 to 1.7497734328883659e-13 seconds.
Warning: Simulation tolerance relaxed to achieve convergence from 1.7497934328883659e-13 to 1.7498034328883658e-13 seconds.
Warning: Simulation tolerance relaxed to achieve convergence from 1.7499034328883658e-13 to 1.7499134328883657e-13 seconds.
Warning: Simulation tolerance relaxed to achieve convergence from 1.7499334328883657e-13 to 1.7499434328883656e-13 seconds.
Warning: Simulation tolerance relaxed to achieve convergence from 1.7499534328883656e-13 to 1.7499634328883656e-13 seconds.
Warning: Simulation tolerance relaxed to achieve convergence from 1.7499634328883656e-13 to 1.7499734328883655e-13 seconds.
Warning: Simulation tolerance relaxed to achieve convergence from 1.7499734328883655e-13 to 1.7499834328883655e-13 seconds.
Warning: Simulation tolerance relaxed to achieve convergence from 1.7500034328883654e-13 to 1.7500134328883654e-13 seconds.
Warning: Simulation tolerance relaxed to achieve convergence from 1.7500234328883654e-13 to 1.7500334328883653e-13 seconds.
Warning: Simulation tolerance relaxed to achieve convergence from 1.7500534328883653e-13 to 1.7500634328883652e-13 seconds.
Warning: Simulation tolerance relaxed to achieve convergence from 1.7500634328883652e-13 to 1.7500734328883652e-13 seconds.
Warning: Simulation tolerance relaxed to achieve convergence from 1.7500934328883651e-13 to 1.7501034328883651e-13 seconds.
Warning: Simulation tolerance relaxed to achieve convergence from 1.7501034328883651e-13 to 1.7501134328883651e-13 seconds.
Warning: Simulation tolerance relaxed to achieve convergence from 1.7501134328883651e-13 to 1.7501234328883650e-13 seconds.
Warning: Simulation tolerance relaxed to achieve convergence from 1.7501434328883650e-13 to 1.7501534328883649e-13 seconds.
Warning: Simulation tolerance relaxed to achieve convergence from 1.7501534328883649e-13 to 1.7501634328883649e-13 seconds.
Warning: Simulation tolerance relaxed to achieve convergence from 1.7501634328883649e-13 to 1.7501734328883649e-13 seconds.
Warning: Simulation tolerance relaxed to achieve convergence from 1.7501734328883649e-13 to 1.7501834328883648e-13 seconds.
Warning: Simulation tolerance relaxed to achieve convergence from 1.7501834328883648e-13 to 1.7501934328883648e-13 seconds.
Warning: Simulation tolerance relaxed to achieve convergence from 1.7501934328883648e-13 to 1.7502034328883648e-13 seconds.
Warning: Simulation tolerance relaxed to achieve convergence from 1.7502034328883648e-13 to 1.7502134328883647e-13 seconds.
Warning: Simulation tolerance relaxed to achieve convergence from 1.7502134328883647e-13 to 1.7502234328883647e-13 seconds.
Warning: Simulation tolerance relaxed to achieve convergence from 1.7502234328883647e-13 to 1.7502334328883647e-13 seconds.
Warning: Simulation tolerance relaxed to achieve convergence from 1.7502534328883646e-13 to 1.7502634328883646e-13 seconds.
Warning: Simulation tolerance relaxed to achieve convergence from 1.7502634328883646e-13 to 1.7502734328883645e-13 seconds.
Warning: Simulation tolerance relaxed to achieve convergence from 1.7502734328883645e-13 to 1.7502834328883645e-13 seconds.
Warning: Simulation tolerance relaxed to achieve convergence from 1.7502834328883645e-13 to 1.7502934328883645e-13 seconds.
Warning: Simulation tolerance relaxed to achieve convergence from 1.7502934328883645e-13 to 1.7503034328883644e-13 seconds.
Warning: Simulation tolerance relaxed to achieve convergence from 1.7503034328883644e-13 to 1.7503134328883644e-13 seconds.
Warning: Simulation tolerance relaxed to achieve convergence from 1.7503134328883644e-13 to 1.7503234328883644e-13 seconds.
Warning: Simulation tolerance relaxed to achieve convergence from 1.7503234328883644e-13 to 1.7503334328883643e-13 seconds.
Warning: Simulation tolerance relaxed to achieve convergence from 1.7503334328883643e-13 to 1.7503434328883643e-13 seconds.
Warning: Simulation tolerance relaxed to achieve convergence from 1.7503434328883643e-13 to 1.7503534328883643e-13 seconds.
Warning: Simulation tolerance relaxed to achieve convergence from 1.7503534328883643e-13 to 1.7503634328883642e-13 seconds.
Warning: Simulation tolerance relaxed to achieve convergence from 1.7503634328883642e-13 to 1.7503734328883642e-13 seconds.
Warning: Simulation tolerance relaxed to achieve convergence from 1.7503734328883642e-13 to 1.7503834328883642e-13 seconds.
Warning: Simulation tolerance relaxed to achieve convergence from 1.7503834328883642e-13 to 1.7503934328883641e-13 seconds.
Warning: Simulation tolerance relaxed to achieve convergence from 1.7503934328883641e-13 to 1.7504034328883641e-13 seconds.
Warning: Simulation tolerance relaxed to achieve convergence from 1.7504034328883641e-13 to 1.7504134328883641e-13 seconds.
Warning: Simulation tolerance relaxed to achieve convergence from 1.7504134328883641e-13 to 1.7504234328883640e-13 seconds.
Warning: Simulation tolerance relaxed to achieve convergence from 1.7504234328883640e-13 to 1.7504334328883640e-13 seconds.
Warning: Simulation tolerance relaxed to achieve convergence from 1.7504334328883640e-13 to 1.7504434328883640e-13 seconds.
Warning: Simulation tolerance relaxed to achieve convergence from 1.7504434328883640e-13 to 1.7504534328883639e-13 seconds.
Warning: Simulation tolerance relaxed to achieve convergence from 1.7504534328883639e-13 to 1.7504634328883639e-13 seconds.
Warning: Simulation tolerance relaxed to achieve convergence from 1.7504634328883639e-13 to 1.7504734328883639e-13 seconds.
Warning: Simulation tolerance relaxed to achieve convergence from 1.7504734328883639e-13 to 1.7504834328883638e-13 seconds.
Warning: Simulation tolerance relaxed to achieve convergence from 1.7504934328883638e-13 to 1.7505034328883638e-13 seconds.
Warning: Simulation tolerance relaxed to achieve convergence from 1.7505034328883638e-13 to 1.7505134328883637e-13 seconds.
Warning: Simulation tolerance relaxed to achieve convergence from 1.7505134328883637e-13 to 1.7505234328883637e-13 seconds.
Warning: Simulation tolerance relaxed to achieve convergence from 1.7505234328883637e-13 to 1.7505334328883637e-13 seconds.
Warning: Simulation tolerance relaxed to achieve convergence from 1.7505334328883637e-13 to 1.7505434328883636e-13 seconds.
Warning: Simulation tolerance relaxed to achieve convergence from 1.7505434328883636e-13 to 1.7505534328883636e-13 seconds.
Warning: Simulation tolerance relaxed to achieve convergence from 1.7505534328883636e-13 to 1.7505634328883636e-13 seconds.
Warning: Simulation tolerance relaxed to achieve convergence from 1.7519134328883633e-13 to 1.7519234328883633e-13 seconds.
Warning: Simulation tolerance relaxed to achieve convergence from 1.7521334328883634e-13 to 1.7521434328883633e-13 seconds.
Warning: Simulation tolerance relaxed to achieve convergence from 1.7522034328883634e-13 to 1.7522134328883634e-13 seconds.
Warning: Simulation tolerance relaxed to achieve convergence from 1.7529534328883634e-13 to 1.7529634328883634e-13 seconds.
Warning: Simulation tolerance relaxed to achieve convergence from 1.7529734328883633e-13 to 1.7529834328883633e-13 seconds.
Warning: Simulation tolerance relaxed to achieve convergence from 1.7533434328883634e-13 to 1.7533534328883633e-13 seconds.
Warning: Simulation tolerance relaxed to achieve convergence from 1.7533534328883633e-13 to 1.7533634328883633e-13 seconds.
Warning: Simulation tolerance relaxed to achieve convergence from 1.7534234328883634e-13 to 1.7534334328883633e-13 seconds.
Warning: Simulation tolerance relaxed to achieve convergence from 1.7534934328883634e-13 to 1.7535034328883633e-13 seconds.
Warning: Simulation tolerance relaxed to achieve convergence from 1.7536434328883634e-13 to 1.7536534328883633e-13 seconds.
Warning: Simulation tolerance relaxed to achieve convergence from 1.7536634328883633e-13 to 1.7536734328883633e-13 seconds.
Warning: Simulation tolerance relaxed to achieve convergence from 1.7536734328883633e-13 to 1.7536834328883632e-13 seconds.
Warning: Simulation tolerance relaxed to achieve convergence from 1.7536834328883632e-13 to 1.7536934328883632e-13 seconds.
Warning: Simulation tolerance relaxed to achieve convergence from 1.7536934328883632e-13 to 1.7537034328883632e-13 seconds.
Warning: Simulation tolerance relaxed to achieve convergence from 1.7552434328883636e-13 to 1.7552534328883636e-13 seconds.
Warning: Simulation tolerance relaxed to achieve convergence from 1.7552534328883636e-13 to 1.7552634328883635e-13 seconds.
Warning: Simulation tolerance relaxed to achieve convergence from 1.7552634328883635e-13 to 1.7552734328883635e-13 seconds.
Warning: Simulation tolerance relaxed to achieve convergence from 1.7553334328883635e-13 to 1.7553434328883635e-13 seconds.
Warning: Simulation tolerance relaxed to achieve convergence from 1.7554134328883635e-13 to 1.7554234328883635e-13 seconds.
Warning: Simulation tolerance relaxed to achieve convergence from 1.7557134328883635e-13 to 1.7557234328883635e-13 seconds.
Warning: Simulation tolerance relaxed to achieve convergence from 1.7557234328883635e-13 to 1.7557334328883635e-13 seconds.
Warning: Simulation tolerance relaxed to achieve convergence from 1.7557434328883634e-13 to 1.7557534328883634e-13 seconds.
Warning: Simulation tolerance relaxed to achieve convergence from 1.7558834328883635e-13 to 1.7558934328883634e-13 seconds.
Warning: Simulation tolerance relaxed to achieve convergence from 1.7559634328883635e-13 to 1.7559734328883634e-13 seconds.
Warning: Simulation tolerance relaxed to achieve convergence from 1.7561034328883635e-13 to 1.7561134328883635e-13 seconds.
Warning: Simulation tolerance relaxed to achieve convergence from 1.7561134328883635e-13 to 1.7561234328883634e-13 seconds.
Warning: Simulation tolerance relaxed to achieve convergence from 1.7561834328883635e-13 to 1.7561934328883635e-13 seconds.
Warning: Simulation tolerance relaxed to achieve convergence from 1.7561934328883635e-13 to 1.7562034328883634e-13 seconds.
Warning: Simulation tolerance relaxed to achieve convergence from 1.7562134328883634e-13 to 1.7562234328883634e-13 seconds.
Warning: Simulation tolerance relaxed to achieve convergence from 1.7562834328883634e-13 to 1.7562934328883634e-13 seconds.
Warning: Simulation tolerance relaxed to achieve convergence from 1.7562934328883634e-13 to 1.7563034328883633e-13 seconds.
Warning: Simulation tolerance relaxed to achieve convergence from 1.7563034328883633e-13 to 1.7563134328883633e-13 seconds.
Warning: Simulation tolerance relaxed to achieve convergence from 1.7776234328883619e-13 to 1.7776334328883618e-13 seconds.
Warning: Simulation tolerance relaxed to achieve convergence from 1.7776334328883618e-13 to 1.7776434328883618e-13 seconds.
Warning: Simulation tolerance relaxed to achieve convergence from 1.7777034328883619e-13 to 1.7777134328883618e-13 seconds.
Warning: Simulation tolerance relaxed to achieve convergence from 1.7778634328883618e-13 to 1.7778734328883618e-13 seconds.
Warning: Simulation tolerance relaxed to achieve convergence from 1.7780334328883618e-13 to 1.7780434328883617e-13 seconds.
Warning: Simulation tolerance relaxed to achieve convergence from 1.7781034328883618e-13 to 1.7781134328883618e-13 seconds.
Warning: Simulation tolerance relaxed to achieve convergence from 1.7781934328883617e-13 to 1.7782034328883617e-13 seconds.
Warning: Simulation tolerance relaxed to achieve convergence from 1.7782134328883617e-13 to 1.7782234328883616e-13 seconds.
Warning: Simulation tolerance relaxed to achieve convergence from 1.7783634328883617e-13 to 1.7783734328883616e-13 seconds.
Warning: Simulation tolerance relaxed to achieve convergence from 1.8495534328883615e-13 to 1.8495634328883614e-13 seconds.
Warning: Simulation tolerance relaxed to achieve convergence from 1.8495634328883614e-13 to 1.8495734328883614e-13 seconds.
Warning: Simulation tolerance relaxed to achieve convergence from 1.8495734328883614e-13 to 1.8495834328883614e-13 seconds.
Warning: Simulation tolerance relaxed to achieve convergence from 1.8495834328883614e-13 to 1.8495934328883613e-13 seconds.
Warning: Simulation tolerance relaxed to achieve convergence from 1.8495934328883613e-13 to 1.8496034328883613e-13 seconds.
Warning: Simulation tolerance relaxed to achieve convergence from 1.8496034328883613e-13 to 1.8496134328883613e-13 seconds.
Warning: Simulation tolerance relaxed to achieve convergence from 1.8496134328883613e-13 to 1.8496234328883612e-13 seconds.
Warning: Simulation tolerance relaxed to achieve convergence from 1.8496234328883612e-13 to 1.8496334328883612e-13 seconds.
Warning: Simulation tolerance relaxed to achieve convergence from 1.8496334328883612e-13 to 1.8496434328883612e-13 seconds.
Warning: Simulation tolerance relaxed to achieve convergence from 1.8496434328883612e-13 to 1.8496534328883611e-13 seconds.
Warning: Simulation tolerance relaxed to achieve convergence from 1.8496534328883611e-13 to 1.8496634328883611e-13 seconds.
Warning: Simulation tolerance relaxed to achieve convergence from 1.8496634328883611e-13 to 1.8496734328883611e-13 seconds.
Warning: Simulation tolerance relaxed to achieve convergence from 1.8496734328883611e-13 to 1.8496834328883610e-13 seconds.
Warning: Simulation tolerance relaxed to achieve convergence from 1.8496834328883610e-13 to 1.8496934328883610e-13 seconds.
Warning: Simulation tolerance relaxed to achieve convergence from 1.8497534328883610e-13 to 1.8497634328883610e-13 seconds.
Warning: Simulation tolerance relaxed to achieve convergence from 1.8498034328883609e-13 to 1.8498134328883608e-13 seconds.
Warning: Simulation tolerance relaxed to achieve convergence from 1.8498134328883608e-13 to 1.8498234328883608e-13 seconds.
Warning: Simulation tolerance relaxed to achieve convergence from 1.8498934328883608e-13 to 1.8499034328883608e-13 seconds.
Warning: Simulation tolerance relaxed to achieve convergence from 1.8499034328883608e-13 to 1.8499134328883608e-13 seconds.
Warning: Simulation tolerance relaxed to achieve convergence from 1.8499734328883608e-13 to 1.8499834328883608e-13 seconds.
Warning: Simulation tolerance relaxed to achieve convergence from 1.8500434328883608e-13 to 1.8500534328883608e-13 seconds.
Warning: Simulation tolerance relaxed to achieve convergence from 1.8500634328883608e-13 to 1.8500734328883607e-13 seconds.
Warning: Simulation tolerance relaxed to achieve convergence from 1.8500734328883607e-13 to 1.8500834328883607e-13 seconds.
Warning: Simulation tolerance relaxed to achieve convergence from 1.8500834328883607e-13 to 1.8500934328883607e-13 seconds.
Warning: Simulation tolerance relaxed to achieve convergence from 1.8500934328883607e-13 to 1.8501034328883606e-13 seconds.
Warning: Simulation tolerance relaxed to achieve convergence from 1.8501034328883606e-13 to 1.8501134328883606e-13 seconds.
Warning: Simulation tolerance relaxed to achieve convergence from 1.8501734328883606e-13 to 1.8501834328883606e-13 seconds.
Warning: Simulation tolerance relaxed to achieve convergence from 1.8502334328883604e-13 to 1.8502434328883604e-13 seconds.
Warning: Simulation tolerance relaxed to achieve convergence from 1.8502434328883604e-13 to 1.8502534328883604e-13 seconds.
Warning: Simulation tolerance relaxed to achieve convergence from 1.8507234328883598e-13 to 1.8507334328883598e-13 seconds.
Warning: Simulation tolerance relaxed to achieve convergence from 1.8507934328883598e-13 to 1.8508034328883598e-13 seconds.
Warning: Simulation tolerance relaxed to achieve convergence from 1.8508034328883598e-13 to 1.8508134328883598e-13 seconds.
Warning: Simulation tolerance relaxed to achieve convergence from 1.8508734328883598e-13 to 1.8508834328883598e-13 seconds.
Warning: Simulation tolerance relaxed to achieve convergence from 1.8515634328883595e-13 to 1.8515734328883595e-13 seconds.
Warning: Simulation tolerance relaxed to achieve convergence from 1.8515734328883595e-13 to 1.8515834328883595e-13 seconds.
Warning: Simulation tolerance relaxed to achieve convergence from 1.8532834328883596e-13 to 1.8532934328883596e-13 seconds.
Warning: Simulation tolerance relaxed to achieve convergence from 1.8590134328883579e-13 to 1.8590234328883579e-13 seconds.
Warning: Simulation tolerance relaxed to achieve convergence from 1.8590234328883579e-13 to 1.8590334328883578e-13 seconds.
Warning: Simulation tolerance relaxed to achieve convergence from 1.8715134328883568e-13 to 1.8715234328883568e-13 seconds.
Warning: Simulation tolerance relaxed to achieve convergence from 1.8715334328883568e-13 to 1.8715434328883567e-13 seconds.
Warning: Simulation tolerance relaxed to achieve convergence from 1.8715434328883567e-13 to 1.8715534328883567e-13 seconds.
Warning: Simulation tolerance relaxed to achieve convergence from 1.8715534328883567e-13 to 1.8715634328883567e-13 seconds.
Warning: Simulation tolerance relaxed to achieve convergence from 1.8715634328883567e-13 to 1.8715734328883566e-13 seconds.
Warning: Simulation tolerance relaxed to achieve convergence from 1.8715734328883566e-13 to 1.8715834328883566e-13 seconds.
Warning: Simulation tolerance relaxed to achieve convergence from 1.8715834328883566e-13 to 1.8715934328883566e-13 seconds.
Warning: Simulation tolerance relaxed to achieve convergence from 1.8715934328883566e-13 to 1.8716034328883565e-13 seconds.
Warning: Simulation tolerance relaxed to achieve convergence from 1.8716034328883565e-13 to 1.8716134328883565e-13 seconds.
Warning: Simulation tolerance relaxed to achieve convergence from 1.8716134328883565e-13 to 1.8716234328883565e-13 seconds.
Warning: Simulation tolerance relaxed to achieve convergence from 1.8716234328883565e-13 to 1.8716334328883564e-13 seconds.
Warning: Simulation tolerance relaxed to achieve convergence from 1.8716334328883564e-13 to 1.8716434328883564e-13 seconds.
Warning: Simulation tolerance relaxed to achieve convergence from 1.8716434328883564e-13 to 1.8716534328883564e-13 seconds.
Warning: Simulation tolerance relaxed to achieve convergence from 1.8716534328883564e-13 to 1.8716634328883563e-13 seconds.
Warning: Simulation tolerance relaxed to achieve convergence from 1.8716634328883563e-13 to 1.8716734328883563e-13 seconds.
Warning: Simulation tolerance relaxed to achieve convergence from 1.8716734328883563e-13 to 1.8716834328883563e-13 seconds.
Warning: Simulation tolerance relaxed to achieve convergence from 1.8716834328883563e-13 to 1.8716934328883562e-13 seconds.
Warning: Simulation tolerance relaxed to achieve convergence from 1.8718234328883563e-13 to 1.8718334328883563e-13 seconds.
Warning: Simulation tolerance relaxed to achieve convergence from 1.8720534328883563e-13 to 1.8720634328883563e-13 seconds.
Warning: Simulation tolerance relaxed to achieve convergence from 1.8721034328883561e-13 to 1.8721134328883561e-13 seconds.
Warning: Simulation tolerance relaxed to achieve convergence from 1.8721334328883560e-13 to 1.8721434328883560e-13 seconds.
Warning: Simulation tolerance relaxed to achieve convergence from 1.8721434328883560e-13 to 1.8721534328883560e-13 seconds.
Warning: Simulation tolerance relaxed to achieve convergence from 1.8721534328883560e-13 to 1.8721634328883559e-13 seconds.
Warning: Simulation tolerance relaxed to achieve convergence from 1.8721634328883559e-13 to 1.8721734328883559e-13 seconds.
Warning: Simulation tolerance relaxed to achieve convergence from 1.8721734328883559e-13 to 1.8721834328883559e-13 seconds.
Warning: Simulation tolerance relaxed to achieve convergence from 1.8722034328883558e-13 to 1.8722134328883558e-13 seconds.
Warning: Simulation tolerance relaxed to achieve convergence from 1.8722334328883557e-13 to 1.8722434328883557e-13 seconds.
Warning: Simulation tolerance relaxed to achieve convergence from 1.8722534328883556e-13 to 1.8722634328883556e-13 seconds.
Warning: Simulation tolerance relaxed to achieve convergence from 1.8722634328883556e-13 to 1.8722734328883556e-13 seconds.
Warning: Simulation tolerance relaxed to achieve convergence from 1.8722734328883556e-13 to 1.8722834328883555e-13 seconds.
Warning: Simulation tolerance relaxed to achieve convergence from 1.8722834328883555e-13 to 1.8722934328883555e-13 seconds.
Warning: Simulation tolerance relaxed to achieve convergence from 1.8723134328883554e-13 to 1.8723234328883554e-13 seconds.
Warning: Simulation tolerance relaxed to achieve convergence from 1.8723434328883553e-13 to 1.8723534328883553e-13 seconds.
Warning: Simulation tolerance relaxed to achieve convergence from 1.8723634328883553e-13 to 1.8723734328883552e-13 seconds.
Warning: Simulation tolerance relaxed to achieve convergence from 1.8723734328883552e-13 to 1.8723834328883552e-13 seconds.
Warning: Simulation tolerance relaxed to achieve convergence from 1.8723834328883552e-13 to 1.8723934328883552e-13 seconds.
Warning: Simulation tolerance relaxed to achieve convergence from 1.8723934328883552e-13 to 1.8724034328883551e-13 seconds.
Warning: Simulation tolerance relaxed to achieve convergence from 1.8724234328883551e-13 to 1.8724334328883550e-13 seconds.
Warning: Simulation tolerance relaxed to achieve convergence from 1.8724534328883550e-13 to 1.8724634328883549e-13 seconds.
Warning: Simulation tolerance relaxed to achieve convergence from 1.8724634328883549e-13 to 1.8724734328883549e-13 seconds.
Warning: Simulation tolerance relaxed to achieve convergence from 1.8724734328883549e-13 to 1.8724834328883549e-13 seconds.
Warning: Simulation tolerance relaxed to achieve convergence from 1.8724834328883549e-13 to 1.8724934328883548e-13 seconds.
Warning: Simulation tolerance relaxed to achieve convergence from 1.8724934328883548e-13 to 1.8725034328883548e-13 seconds.
Warning: Simulation tolerance relaxed to achieve convergence from 1.8725234328883547e-13 to 1.8725334328883547e-13 seconds.
Warning: Simulation tolerance relaxed to achieve convergence from 1.8725534328883546e-13 to 1.8725634328883546e-13 seconds.
Warning: Simulation tolerance relaxed to achieve convergence from 1.8725634328883546e-13 to 1.8725734328883546e-13 seconds.
Warning: Simulation tolerance relaxed to achieve convergence from 1.8725734328883546e-13 to 1.8725834328883545e-13 seconds.
Warning: Simulation tolerance relaxed to achieve convergence from 1.8725834328883545e-13 to 1.8725934328883545e-13 seconds.
Warning: Simulation tolerance relaxed to achieve convergence from 1.8725934328883545e-13 to 1.8726034328883545e-13 seconds.
Warning: Simulation tolerance relaxed to achieve convergence from 1.8726034328883545e-13 to 1.8726134328883544e-13 seconds.
Warning: Simulation tolerance relaxed to achieve convergence from 1.8726134328883544e-13 to 1.8726234328883544e-13 seconds.
Warning: Simulation tolerance relaxed to achieve convergence from 1.8726234328883544e-13 to 1.8726334328883544e-13 seconds.
Warning: Simulation tolerance relaxed to achieve convergence from 1.8726334328883544e-13 to 1.8726434328883543e-13 seconds.
Warning: Simulation tolerance relaxed to achieve convergence from 1.8726434328883543e-13 to 1.8726534328883543e-13 seconds.
Warning: Simulation tolerance relaxed to achieve convergence from 1.8726534328883543e-13 to 1.8726634328883543e-13 seconds.
Warning: Simulation tolerance relaxed to achieve convergence from 1.8726634328883543e-13 to 1.8726734328883542e-13 seconds.
Warning: Simulation tolerance relaxed to achieve convergence from 1.8726734328883542e-13 to 1.8726834328883542e-13 seconds.
Warning: Simulation tolerance relaxed to achieve convergence from 1.8726834328883542e-13 to 1.8726934328883542e-13 seconds.
Warning: Simulation tolerance relaxed to achieve convergence from 1.8726934328883542e-13 to 1.8727034328883541e-13 seconds.
Warning: Simulation tolerance relaxed to achieve convergence from 1.8727634328883542e-13 to 1.8727734328883542e-13 seconds.
Warning: Simulation tolerance relaxed to achieve convergence from 1.8764334328883440e-13 to 1.8764434328883439e-13 seconds.
Warning: Simulation tolerance relaxed to achieve convergence from 1.8765134328883440e-13 to 1.8765234328883439e-13 seconds.
Warning: Simulation tolerance relaxed to achieve convergence from 1.8765234328883439e-13 to 1.8765334328883439e-13 seconds.
Warning: Simulation tolerance relaxed to achieve convergence from 1.8765334328883439e-13 to 1.8765434328883439e-13 seconds.
Warning: Simulation tolerance relaxed to achieve convergence from 1.8765534328883438e-13 to 1.8765634328883438e-13 seconds.
Warning: Simulation tolerance relaxed to achieve convergence from 1.8765634328883438e-13 to 1.8765734328883438e-13 seconds.
Warning: Simulation tolerance relaxed to achieve convergence from 1.8765734328883438e-13 to 1.8765834328883437e-13 seconds.
Warning: Simulation tolerance relaxed to achieve convergence from 1.8765834328883437e-13 to 1.8765934328883437e-13 seconds.
Warning: Simulation tolerance relaxed to achieve convergence from 1.8765934328883437e-13 to 1.8766034328883437e-13 seconds.
Warning: Simulation tolerance relaxed to achieve convergence from 1.8766034328883437e-13 to 1.8766134328883436e-13 seconds.
Warning: Simulation tolerance relaxed to achieve convergence from 1.8766134328883436e-13 to 1.8766234328883436e-13 seconds.
Warning: Simulation tolerance relaxed to achieve convergence from 1.8766234328883436e-13 to 1.8766334328883436e-13 seconds.
Warning: Simulation tolerance relaxed to achieve convergence from 1.8766334328883436e-13 to 1.8766434328883435e-13 seconds.
Warning: Simulation tolerance relaxed to achieve convergence from 1.8766434328883435e-13 to 1.8766534328883435e-13 seconds.
Warning: Simulation tolerance relaxed to achieve convergence from 1.8766534328883435e-13 to 1.8766634328883435e-13 seconds.
Warning: Simulation tolerance relaxed to achieve convergence from 1.8766634328883435e-13 to 1.8766734328883434e-13 seconds.
Warning: Simulation tolerance relaxed to achieve convergence from 1.8767334328883435e-13 to 1.8767434328883434e-13 seconds.
Warning: Simulation tolerance relaxed to achieve convergence from 1.8767434328883434e-13 to 1.8767534328883434e-13 seconds.
Warning: Simulation tolerance relaxed to achieve convergence from 1.8769334328883433e-13 to 1.8769434328883433e-13 seconds.
Warning: Simulation tolerance relaxed to achieve convergence from 1.8773434328883432e-13 to 1.8773534328883432e-13 seconds.
Warning: Simulation tolerance relaxed to achieve convergence from 1.8812634328883425e-13 to 1.8812734328883425e-13 seconds.
Warning: Simulation tolerance relaxed to achieve convergence from 1.8813634328883424e-13 to 1.8813734328883424e-13 seconds.
Warning: Simulation tolerance relaxed to achieve convergence from 1.8813734328883424e-13 to 1.8813834328883423e-13 seconds.
Warning: Simulation tolerance relaxed to achieve convergence from 1.8816434328883420e-13 to 1.8816534328883419e-13 seconds.
Warning: Simulation tolerance relaxed to achieve convergence from 1.8820334328883409e-13 to 1.8820434328883409e-13 seconds.
Warning: Simulation tolerance relaxed to achieve convergence from 1.8822834328883406e-13 to 1.8822934328883406e-13 seconds.
Warning: Simulation tolerance relaxed to achieve convergence from 1.8823034328883405e-13 to 1.8823134328883405e-13 seconds.
Warning: Simulation tolerance relaxed to achieve convergence from 1.8823834328883405e-13 to 1.8823934328883405e-13 seconds.
Warning: Simulation tolerance relaxed to achieve convergence from 1.8823934328883405e-13 to 1.8824034328883405e-13 seconds.
Warning: Simulation tolerance relaxed to achieve convergence from 1.8824034328883405e-13 to 1.8824134328883404e-13 seconds.
Warning: Simulation tolerance relaxed to achieve convergence from 1.8824134328883404e-13 to 1.8824234328883404e-13 seconds.
Warning: Simulation tolerance relaxed to achieve convergence from 1.8824234328883404e-13 to 1.8824334328883404e-13 seconds.
Warning: Simulation tolerance relaxed to achieve convergence from 1.8824334328883404e-13 to 1.8824434328883403e-13 seconds.
Warning: Simulation tolerance relaxed to achieve convergence from 1.8824434328883403e-13 to 1.8824534328883403e-13 seconds.
Warning: Simulation tolerance relaxed to achieve convergence from 1.8824534328883403e-13 to 1.8824634328883403e-13 seconds.
Warning: Simulation tolerance relaxed to achieve convergence from 1.8824634328883403e-13 to 1.8824734328883402e-13 seconds.
Warning: Simulation tolerance relaxed to achieve convergence from 1.8824734328883402e-13 to 1.8824834328883402e-13 seconds.
Warning: Simulation tolerance relaxed to achieve convergence from 1.8824834328883402e-13 to 1.8824934328883402e-13 seconds.
Warning: Simulation tolerance relaxed to achieve convergence from 1.8824934328883402e-13 to 1.8825034328883401e-13 seconds.
Warning: Simulation tolerance relaxed to achieve convergence from 1.8825034328883401e-13 to 1.8825134328883401e-13 seconds.
Warning: Simulation tolerance relaxed to achieve convergence from 1.8825134328883401e-13 to 1.8825234328883401e-13 seconds.
Warning: Simulation tolerance relaxed to achieve convergence from 1.8825234328883401e-13 to 1.8825334328883400e-13 seconds.
Warning: Simulation tolerance relaxed to achieve convergence from 1.8825334328883400e-13 to 1.8825434328883400e-13 seconds.
Warning: Simulation tolerance relaxed to achieve convergence from 1.8825434328883400e-13 to 1.8825534328883400e-13 seconds.
Warning: Simulation tolerance relaxed to achieve convergence from 1.8825534328883400e-13 to 1.8825634328883399e-13 seconds.
Warning: Simulation tolerance relaxed to achieve convergence from 1.8825634328883399e-13 to 1.8825734328883399e-13 seconds.
Warning: Simulation tolerance relaxed to achieve convergence from 1.8825734328883399e-13 to 1.8825834328883399e-13 seconds.
Warning: Simulation tolerance relaxed to achieve convergence from 1.8825834328883399e-13 to 1.8825934328883398e-13 seconds.
Warning: Simulation tolerance relaxed to achieve convergence from 1.8825934328883398e-13 to 1.8826034328883398e-13 seconds.
Warning: Simulation tolerance relaxed to achieve convergence from 1.8826634328883398e-13 to 1.8826734328883398e-13 seconds.
Warning: Simulation tolerance relaxed to achieve convergence from 1.8826734328883398e-13 to 1.8826834328883398e-13 seconds.
Warning: Simulation tolerance relaxed to achieve convergence from 1.8827034328883397e-13 to 1.8827134328883397e-13 seconds.
Warning: Simulation tolerance relaxed to achieve convergence from 1.8827134328883397e-13 to 1.8827234328883396e-13 seconds.
Warning: Simulation tolerance relaxed to achieve convergence from 1.8827234328883396e-13 to 1.8827334328883396e-13 seconds.
Warning: Simulation tolerance relaxed to achieve convergence from 1.8827334328883396e-13 to 1.8827434328883396e-13 seconds.
Warning: Simulation tolerance relaxed to achieve convergence from 1.8827434328883396e-13 to 1.8827534328883395e-13 seconds.
Warning: Simulation tolerance relaxed to achieve convergence from 1.8827534328883395e-13 to 1.8827634328883395e-13 seconds.
Warning: Simulation tolerance relaxed to achieve convergence from 1.8827634328883395e-13 to 1.8827734328883395e-13 seconds.
Warning: Simulation tolerance relaxed to achieve convergence from 1.8827734328883395e-13 to 1.8827834328883394e-13 seconds.
Warning: Simulation tolerance relaxed to achieve convergence from 1.8827834328883394e-13 to 1.8827934328883394e-13 seconds.
Warning: Simulation tolerance relaxed to achieve convergence from 1.8827934328883394e-13 to 1.8828034328883394e-13 seconds.
Warning: Simulation tolerance relaxed to achieve convergence from 1.8828034328883394e-13 to 1.8828134328883393e-13 seconds.
Warning: Simulation tolerance relaxed to achieve convergence from 1.8828134328883393e-13 to 1.8828234328883393e-13 seconds.
Warning: Simulation tolerance relaxed to achieve convergence from 1.8828234328883393e-13 to 1.8828334328883393e-13 seconds.
Warning: Simulation tolerance relaxed to achieve convergence from 1.8828334328883393e-13 to 1.8828434328883392e-13 seconds.
Warning: Simulation tolerance relaxed to achieve convergence from 1.8828434328883392e-13 to 1.8828534328883392e-13 seconds.
Warning: Simulation tolerance relaxed to achieve convergence from 1.8828534328883392e-13 to 1.8828634328883392e-13 seconds.
Warning: Simulation tolerance relaxed to achieve convergence from 1.8828634328883392e-13 to 1.8828734328883391e-13 seconds.
Warning: Simulation tolerance relaxed to achieve convergence from 1.8828734328883391e-13 to 1.8828834328883391e-13 seconds.
Warning: Simulation tolerance relaxed to achieve convergence from 1.8828834328883391e-13 to 1.8828934328883391e-13 seconds.
Warning: Simulation tolerance relaxed to achieve convergence from 1.8828934328883391e-13 to 1.8829034328883390e-13 seconds.
Warning: Simulation tolerance relaxed to achieve convergence from 1.8829034328883390e-13 to 1.8829134328883390e-13 seconds.
Warning: Simulation tolerance relaxed to achieve convergence from 1.8829134328883390e-13 to 1.8829234328883390e-13 seconds.
Warning: Simulation tolerance relaxed to achieve convergence from 1.8829234328883390e-13 to 1.8829334328883389e-13 seconds.
Warning: Simulation tolerance relaxed to achieve convergence from 1.8829334328883389e-13 to 1.8829434328883389e-13 seconds.
Warning: Simulation tolerance relaxed to achieve convergence from 1.8829634328883388e-13 to 1.8829734328883388e-13 seconds.
Warning: Simulation tolerance relaxed to achieve convergence from 1.8829734328883388e-13 to 1.8829834328883388e-13 seconds.
Warning: Simulation tolerance relaxed to achieve convergence from 1.8829834328883388e-13 to 1.8829934328883387e-13 seconds.
Warning: Simulation tolerance relaxed to achieve convergence from 1.8829934328883387e-13 to 1.8830034328883387e-13 seconds.
Warning: Simulation tolerance relaxed to achieve convergence from 1.8830034328883387e-13 to 1.8830134328883387e-13 seconds.
Warning: Simulation tolerance relaxed to achieve convergence from 1.8830134328883387e-13 to 1.8830234328883386e-13 seconds.
Warning: Simulation tolerance relaxed to achieve convergence from 1.8830234328883386e-13 to 1.8830334328883386e-13 seconds.
Warning: Simulation tolerance relaxed to achieve convergence from 1.8830334328883386e-13 to 1.8830434328883386e-13 seconds.
Warning: Simulation tolerance relaxed to achieve convergence from 1.8830434328883386e-13 to 1.8830534328883385e-13 seconds.
Warning: Simulation tolerance relaxed to achieve convergence from 1.8830534328883385e-13 to 1.8830634328883385e-13 seconds.
Warning: Simulation tolerance relaxed to achieve convergence from 1.8830634328883385e-13 to 1.8830734328883385e-13 seconds.
Warning: Simulation tolerance relaxed to achieve convergence from 1.8830734328883385e-13 to 1.8830834328883384e-13 seconds.
Warning: Simulation tolerance relaxed to achieve convergence from 1.8830834328883384e-13 to 1.8830934328883384e-13 seconds.
Warning: Simulation tolerance relaxed to achieve convergence from 1.8830934328883384e-13 to 1.8831034328883384e-13 seconds.
Warning: Simulation tolerance relaxed to achieve convergence from 1.8831034328883384e-13 to 1.8831134328883383e-13 seconds.
Warning: Simulation tolerance relaxed to achieve convergence from 1.8831134328883383e-13 to 1.8831234328883383e-13 seconds.
Warning: Simulation tolerance relaxed to achieve convergence from 1.8831434328883382e-13 to 1.8831534328883382e-13 seconds.
Warning: Simulation tolerance relaxed to achieve convergence from 1.8831534328883382e-13 to 1.8831634328883382e-13 seconds.
Warning: Simulation tolerance relaxed to achieve convergence from 1.8831634328883382e-13 to 1.8831734328883381e-13 seconds.
Warning: Simulation tolerance relaxed to achieve convergence from 1.8831734328883381e-13 to 1.8831834328883381e-13 seconds.
Warning: Simulation tolerance relaxed to achieve convergence from 1.8831834328883381e-13 to 1.8831934328883381e-13 seconds.
Warning: Simulation tolerance relaxed to achieve convergence from 1.8831934328883381e-13 to 1.8832034328883380e-13 seconds.
Warning: Simulation tolerance relaxed to achieve convergence from 1.8832034328883380e-13 to 1.8832134328883380e-13 seconds.
Warning: Simulation tolerance relaxed to achieve convergence from 1.8832134328883380e-13 to 1.8832234328883380e-13 seconds.
Warning: Simulation tolerance relaxed to achieve convergence from 1.8832234328883380e-13 to 1.8832334328883379e-13 seconds.
Warning: Simulation tolerance relaxed to achieve convergence from 1.8832334328883379e-13 to 1.8832434328883379e-13 seconds.
Warning: Simulation tolerance relaxed to achieve convergence from 1.8832434328883379e-13 to 1.8832534328883379e-13 seconds.
Warning: Simulation tolerance relaxed to achieve convergence from 1.8832534328883379e-13 to 1.8832634328883378e-13 seconds.
Warning: Simulation tolerance relaxed to achieve convergence from 1.8832634328883378e-13 to 1.8832734328883378e-13 seconds.
Warning: Simulation tolerance relaxed to achieve convergence from 1.8832734328883378e-13 to 1.8832834328883378e-13 seconds.
Warning: Simulation tolerance relaxed to achieve convergence from 1.8832834328883378e-13 to 1.8832934328883377e-13 seconds.
Warning: Simulation tolerance relaxed to achieve convergence from 1.8832934328883377e-13 to 1.8833034328883377e-13 seconds.
Warning: Simulation tolerance relaxed to achieve convergence from 1.8833034328883377e-13 to 1.8833134328883377e-13 seconds.
Warning: Simulation tolerance relaxed to achieve convergence from 1.8833134328883377e-13 to 1.8833234328883376e-13 seconds.
Warning: Simulation tolerance relaxed to achieve convergence from 1.8833234328883376e-13 to 1.8833334328883376e-13 seconds.
Warning: Simulation tolerance relaxed to achieve convergence from 1.8833334328883376e-13 to 1.8833434328883376e-13 seconds.
Warning: Simulation tolerance relaxed to achieve convergence from 1.8833434328883376e-13 to 1.8833534328883375e-13 seconds.
Warning: Simulation tolerance relaxed to achieve convergence from 1.8833534328883375e-13 to 1.8833634328883375e-13 seconds.
Warning: Simulation tolerance relaxed to achieve convergence from 1.8833634328883375e-13 to 1.8833734328883375e-13 seconds.
Warning: Simulation tolerance relaxed to achieve convergence from 1.8833734328883375e-13 to 1.8833834328883374e-13 seconds.
Warning: Simulation tolerance relaxed to achieve convergence from 1.8833834328883374e-13 to 1.8833934328883374e-13 seconds.
Warning: Simulation tolerance relaxed to achieve convergence from 1.8833934328883374e-13 to 1.8834034328883374e-13 seconds.
Warning: Simulation tolerance relaxed to achieve convergence from 1.8834034328883374e-13 to 1.8834134328883373e-13 seconds.
Warning: Simulation tolerance relaxed to achieve convergence from 1.8834134328883373e-13 to 1.8834234328883373e-13 seconds.
Warning: Simulation tolerance relaxed to achieve convergence from 1.8834234328883373e-13 to 1.8834334328883373e-13 seconds.
Warning: Simulation tolerance relaxed to achieve convergence from 1.8834334328883373e-13 to 1.8834434328883372e-13 seconds.
Warning: Simulation tolerance relaxed to achieve convergence from 1.8834434328883372e-13 to 1.8834534328883372e-13 seconds.
Warning: Simulation tolerance relaxed to achieve convergence from 1.8834534328883372e-13 to 1.8834634328883372e-13 seconds.
Warning: Simulation tolerance relaxed to achieve convergence from 1.8834634328883372e-13 to 1.8834734328883371e-13 seconds.
Warning: Simulation tolerance relaxed to achieve convergence from 1.8834734328883371e-13 to 1.8834834328883371e-13 seconds.
Warning: Simulation tolerance relaxed to achieve convergence from 1.8834834328883371e-13 to 1.8834934328883371e-13 seconds.
Warning: Simulation tolerance relaxed to achieve convergence from 1.8834934328883371e-13 to 1.8835034328883370e-13 seconds.
Warning: Simulation tolerance relaxed to achieve convergence from 1.8835034328883370e-13 to 1.8835134328883370e-13 seconds.
Warning: Simulation tolerance relaxed to achieve convergence from 1.8835134328883370e-13 to 1.8835234328883370e-13 seconds.
Warning: Simulation tolerance relaxed to achieve convergence from 1.8835234328883370e-13 to 1.8835334328883369e-13 seconds.
Warning: Simulation tolerance relaxed to achieve convergence from 1.8835334328883369e-13 to 1.8835434328883369e-13 seconds.
Warning: Simulation tolerance relaxed to achieve convergence from 1.8835434328883369e-13 to 1.8835534328883369e-13 seconds.
Warning: Simulation tolerance relaxed to achieve convergence from 1.8835534328883369e-13 to 1.8835634328883368e-13 seconds.
Warning: Simulation tolerance relaxed to achieve convergence from 1.8835634328883368e-13 to 1.8835734328883368e-13 seconds.
Warning: Simulation tolerance relaxed to achieve convergence from 1.8835734328883368e-13 to 1.8835834328883368e-13 seconds.
Warning: Simulation tolerance relaxed to achieve convergence from 1.8835834328883368e-13 to 1.8835934328883367e-13 seconds.
Warning: Simulation tolerance relaxed to achieve convergence from 1.8835934328883367e-13 to 1.8836034328883367e-13 seconds.
Warning: Simulation tolerance relaxed to achieve convergence from 1.8836034328883367e-13 to 1.8836134328883367e-13 seconds.
Warning: Simulation tolerance relaxed to achieve convergence from 1.8836134328883367e-13 to 1.8836234328883366e-13 seconds.
Warning: Simulation tolerance relaxed to achieve convergence from 1.8836234328883366e-13 to 1.8836334328883366e-13 seconds.
Warning: Simulation tolerance relaxed to achieve convergence from 1.8836334328883366e-13 to 1.8836434328883366e-13 seconds.
Warning: Simulation tolerance relaxed to achieve convergence from 1.8836434328883366e-13 to 1.8836534328883365e-13 seconds.
Warning: Simulation tolerance relaxed to achieve convergence from 1.8836534328883365e-13 to 1.8836634328883365e-13 seconds.
Warning: Simulation tolerance relaxed to achieve convergence from 1.8836634328883365e-13 to 1.8836734328883365e-13 seconds.
Warning: Simulation tolerance relaxed to achieve convergence from 1.8836734328883365e-13 to 1.8836834328883364e-13 seconds.
Warning: Simulation tolerance relaxed to achieve convergence from 1.8836834328883364e-13 to 1.8836934328883364e-13 seconds.
Warning: Simulation tolerance relaxed to achieve convergence from 1.8836934328883364e-13 to 1.8837034328883364e-13 seconds.
Warning: Simulation tolerance relaxed to achieve convergence from 1.8837034328883364e-13 to 1.8837134328883363e-13 seconds.
Warning: Simulation tolerance relaxed to achieve convergence from 1.8837134328883363e-13 to 1.8837234328883363e-13 seconds.
Warning: Simulation tolerance relaxed to achieve convergence from 1.8837234328883363e-13 to 1.8837334328883363e-13 seconds.
Warning: Simulation tolerance relaxed to achieve convergence from 1.8837334328883363e-13 to 1.8837434328883362e-13 seconds.
Warning: Simulation tolerance relaxed to achieve convergence from 1.8837434328883362e-13 to 1.8837534328883362e-13 seconds.
Warning: Simulation tolerance relaxed to achieve convergence from 1.8837534328883362e-13 to 1.8837634328883362e-13 seconds.
Warning: Simulation tolerance relaxed to achieve convergence from 1.8837634328883362e-13 to 1.8837734328883361e-13 seconds.
Warning: Simulation tolerance relaxed to achieve convergence from 1.8837734328883361e-13 to 1.8837834328883361e-13 seconds.
Warning: Simulation tolerance relaxed to achieve convergence from 1.8837834328883361e-13 to 1.8837934328883361e-13 seconds.
Warning: Simulation tolerance relaxed to achieve convergence from 1.8837934328883361e-13 to 1.8838034328883360e-13 seconds.
Warning: Simulation tolerance relaxed to achieve convergence from 1.8838034328883360e-13 to 1.8838134328883360e-13 seconds.
Warning: Simulation tolerance relaxed to achieve convergence from 1.8838134328883360e-13 to 1.8838234328883360e-13 seconds.
Warning: Simulation tolerance relaxed to achieve convergence from 1.8838234328883360e-13 to 1.8838334328883359e-13 seconds.
Warning: Simulation tolerance relaxed to achieve convergence from 1.8838334328883359e-13 to 1.8838434328883359e-13 seconds.
Warning: Simulation tolerance relaxed to achieve convergence from 1.8838434328883359e-13 to 1.8838534328883359e-13 seconds.
Warning: Simulation tolerance relaxed to achieve convergence from 1.8838534328883359e-13 to 1.8838634328883358e-13 seconds.
Warning: Simulation tolerance relaxed to achieve convergence from 1.8838634328883358e-13 to 1.8838734328883358e-13 seconds.
Warning: Simulation tolerance relaxed to achieve convergence from 1.8838734328883358e-13 to 1.8838834328883358e-13 seconds.
Warning: Simulation tolerance relaxed to achieve convergence from 1.8838834328883358e-13 to 1.8838934328883357e-13 seconds.
Warning: Simulation tolerance relaxed to achieve convergence from 1.8838934328883357e-13 to 1.8839034328883357e-13 seconds.
Warning: Simulation tolerance relaxed to achieve convergence from 1.8839034328883357e-13 to 1.8839134328883357e-13 seconds.
Warning: Simulation tolerance relaxed to achieve convergence from 1.8839134328883357e-13 to 1.8839234328883356e-13 seconds.
Warning: Simulation tolerance relaxed to achieve convergence from 1.8839234328883356e-13 to 1.8839334328883356e-13 seconds.
Warning: Simulation tolerance relaxed to achieve convergence from 1.8839334328883356e-13 to 1.8839434328883356e-13 seconds.
Warning: Simulation tolerance relaxed to achieve convergence from 1.8839434328883356e-13 to 1.8839534328883355e-13 seconds.
Warning: Simulation tolerance relaxed to achieve convergence from 1.8839534328883355e-13 to 1.8839634328883355e-13 seconds.
Warning: Simulation tolerance relaxed to achieve convergence from 1.8839634328883355e-13 to 1.8839734328883355e-13 seconds.
Warning: Simulation tolerance relaxed to achieve convergence from 1.8839734328883355e-13 to 1.8839834328883354e-13 seconds.
Warning: Simulation tolerance relaxed to achieve convergence from 1.8839834328883354e-13 to 1.8839934328883354e-13 seconds.
Warning: Simulation tolerance relaxed to achieve convergence from 1.8839934328883354e-13 to 1.8840034328883354e-13 seconds.
Warning: Simulation tolerance relaxed to achieve convergence from 1.8840034328883354e-13 to 1.8840134328883353e-13 seconds.
Warning: Simulation tolerance relaxed to achieve convergence from 1.8840134328883353e-13 to 1.8840234328883353e-13 seconds.
Warning: Simulation tolerance relaxed to achieve convergence from 1.8840234328883353e-13 to 1.8840334328883353e-13 seconds.
Warning: Simulation tolerance relaxed to achieve convergence from 1.8840334328883353e-13 to 1.8840434328883352e-13 seconds.
Warning: Simulation tolerance relaxed to achieve convergence from 1.8840434328883352e-13 to 1.8840534328883352e-13 seconds.
Warning: Simulation tolerance relaxed to achieve convergence from 1.8840534328883352e-13 to 1.8840634328883352e-13 seconds.
Warning: Simulation tolerance relaxed to achieve convergence from 1.8840634328883352e-13 to 1.8840734328883351e-13 seconds.
Warning: Simulation tolerance relaxed to achieve convergence from 1.8840734328883351e-13 to 1.8840834328883351e-13 seconds.
Warning: Simulation tolerance relaxed to achieve convergence from 1.8840834328883351e-13 to 1.8840934328883351e-13 seconds.
Warning: Simulation tolerance relaxed to achieve convergence from 1.8840934328883351e-13 to 1.8841034328883350e-13 seconds.
Warning: Simulation tolerance relaxed to achieve convergence from 1.8841034328883350e-13 to 1.8841134328883350e-13 seconds.
Warning: Simulation tolerance relaxed to achieve convergence from 1.8841134328883350e-13 to 1.8841234328883350e-13 seconds.
Warning: Simulation tolerance relaxed to achieve convergence from 1.8841234328883350e-13 to 1.8841334328883349e-13 seconds.
Warning: Simulation tolerance relaxed to achieve convergence from 1.8841334328883349e-13 to 1.8841434328883349e-13 seconds.
Warning: Simulation tolerance relaxed to achieve convergence from 1.8841434328883349e-13 to 1.8841534328883349e-13 seconds.
Warning: Simulation tolerance relaxed to achieve convergence from 1.8841534328883349e-13 to 1.8841634328883348e-13 seconds.
Warning: Simulation tolerance relaxed to achieve convergence from 1.8841634328883348e-13 to 1.8841734328883348e-13 seconds.
Warning: Simulation tolerance relaxed to achieve convergence from 1.8841734328883348e-13 to 1.8841834328883348e-13 seconds.
Warning: Simulation tolerance relaxed to achieve convergence from 1.8841834328883348e-13 to 1.8841934328883347e-13 seconds.
Warning: Simulation tolerance relaxed to achieve convergence from 1.8841934328883347e-13 to 1.8842034328883347e-13 seconds.
Warning: Simulation tolerance relaxed to achieve convergence from 1.8842034328883347e-13 to 1.8842134328883347e-13 seconds.
Warning: Simulation tolerance relaxed to achieve convergence from 1.8842134328883347e-13 to 1.8842234328883346e-13 seconds.
Warning: Simulation tolerance relaxed to achieve convergence from 1.8842234328883346e-13 to 1.8842334328883346e-13 seconds.
Warning: Simulation tolerance relaxed to achieve convergence from 1.8842334328883346e-13 to 1.8842434328883346e-13 seconds.
Warning: Simulation tolerance relaxed to achieve convergence from 1.8842434328883346e-13 to 1.8842534328883345e-13 seconds.
Warning: Simulation tolerance relaxed to achieve convergence from 1.8842534328883345e-13 to 1.8842634328883345e-13 seconds.
Warning: Simulation tolerance relaxed to achieve convergence from 1.8843234328883346e-13 to 1.8843334328883345e-13 seconds.
Warning: Simulation tolerance relaxed to achieve convergence from 1.8843334328883345e-13 to 1.8843434328883345e-13 seconds.
Warning: Simulation tolerance relaxed to achieve convergence from 1.8844734328883346e-13 to 1.8844834328883345e-13 seconds.
Warning: Simulation tolerance relaxed to achieve convergence from 1.8853534328883344e-13 to 1.8853634328883344e-13 seconds.
Warning: Simulation tolerance relaxed to achieve convergence from 1.8853834328883343e-13 to 1.8853934328883343e-13 seconds.
Warning: Simulation tolerance relaxed to achieve convergence from 1.8854234328883342e-13 to 1.8854334328883341e-13 seconds.
Warning: Simulation tolerance relaxed to achieve convergence from 1.8854534328883341e-13 to 1.8854634328883340e-13 seconds.
Warning: Simulation tolerance relaxed to achieve convergence from 1.8854834328883340e-13 to 1.8854934328883339e-13 seconds.
Warning: Simulation tolerance relaxed to achieve convergence from 1.8854934328883339e-13 to 1.8855034328883339e-13 seconds.
Warning: Simulation tolerance relaxed to achieve convergence from 1.8855034328883339e-13 to 1.8855134328883339e-13 seconds.
Warning: Simulation tolerance relaxed to achieve convergence from 1.8855134328883339e-13 to 1.8855234328883338e-13 seconds.
Warning: Simulation tolerance relaxed to achieve convergence from 1.8855234328883338e-13 to 1.8855334328883338e-13 seconds.
Warning: Simulation tolerance relaxed to achieve convergence from 1.8855334328883338e-13 to 1.8855434328883338e-13 seconds.
Warning: Simulation tolerance relaxed to achieve convergence from 1.8855434328883338e-13 to 1.8855534328883337e-13 seconds.
Warning: Simulation tolerance relaxed to achieve convergence from 1.8855534328883337e-13 to 1.8855634328883337e-13 seconds.
Warning: Simulation tolerance relaxed to achieve convergence from 1.8855634328883337e-13 to 1.8855734328883337e-13 seconds.
Warning: Simulation tolerance relaxed to achieve convergence from 1.8855734328883337e-13 to 1.8855834328883336e-13 seconds.
Warning: Simulation tolerance relaxed to achieve convergence from 1.8855834328883336e-13 to 1.8855934328883336e-13 seconds.
Warning: Simulation tolerance relaxed to achieve convergence from 1.8855934328883336e-13 to 1.8856034328883336e-13 seconds.
Warning: Simulation tolerance relaxed to achieve convergence from 1.8856034328883336e-13 to 1.8856134328883335e-13 seconds.
Warning: Simulation tolerance relaxed to achieve convergence from 1.8856134328883335e-13 to 1.8856234328883335e-13 seconds.
Warning: Simulation tolerance relaxed to achieve convergence from 1.8856234328883335e-13 to 1.8856334328883335e-13 seconds.
Warning: Simulation tolerance relaxed to achieve convergence from 1.8856334328883335e-13 to 1.8856434328883334e-13 seconds.
Warning: Simulation tolerance relaxed to achieve convergence from 1.8856434328883334e-13 to 1.8856534328883334e-13 seconds.
Warning: Simulation tolerance relaxed to achieve convergence from 1.8856534328883334e-13 to 1.8856634328883334e-13 seconds.
Warning: Simulation tolerance relaxed to achieve convergence from 1.8856634328883334e-13 to 1.8856734328883333e-13 seconds.
Warning: Simulation tolerance relaxed to achieve convergence from 1.8856734328883333e-13 to 1.8856834328883333e-13 seconds.
Warning: Simulation tolerance relaxed to achieve convergence from 1.8857034328883332e-13 to 1.8857134328883332e-13 seconds.
Warning: Simulation tolerance relaxed to achieve convergence from 1.8857134328883332e-13 to 1.8857234328883332e-13 seconds.
Warning: Simulation tolerance relaxed to achieve convergence from 1.8857234328883332e-13 to 1.8857334328883331e-13 seconds.
Warning: Simulation tolerance relaxed to achieve convergence from 1.8857334328883331e-13 to 1.8857434328883331e-13 seconds.
Warning: Simulation tolerance relaxed to achieve convergence from 1.8857634328883330e-13 to 1.8857734328883330e-13 seconds.
Warning: Simulation tolerance relaxed to achieve convergence from 1.8857934328883329e-13 to 1.8858034328883329e-13 seconds.
Warning: Simulation tolerance relaxed to achieve convergence from 1.8858334328883328e-13 to 1.8858434328883328e-13 seconds.
Warning: Simulation tolerance relaxed to achieve convergence from 1.8858434328883328e-13 to 1.8858534328883327e-13 seconds.
Warning: Simulation tolerance relaxed to achieve convergence from 1.8858534328883327e-13 to 1.8858634328883327e-13 seconds.
Warning: Simulation tolerance relaxed to achieve convergence from 1.8858834328883326e-13 to 1.8858934328883326e-13 seconds.
Warning: Simulation tolerance relaxed to achieve convergence from 1.8859234328883325e-13 to 1.8859334328883325e-13 seconds.
Warning: Simulation tolerance relaxed to achieve convergence from 1.8859334328883325e-13 to 1.8859434328883324e-13 seconds.
Warning: Simulation tolerance relaxed to achieve convergence from 1.8859434328883324e-13 to 1.8859534328883324e-13 seconds.
Warning: Simulation tolerance relaxed to achieve convergence from 1.8859534328883324e-13 to 1.8859634328883324e-13 seconds.
Warning: Simulation tolerance relaxed to achieve convergence from 1.8859634328883324e-13 to 1.8859734328883323e-13 seconds.
Warning: Simulation tolerance relaxed to achieve convergence from 1.8859734328883323e-13 to 1.8859834328883323e-13 seconds.
Warning: Simulation tolerance relaxed to achieve convergence from 1.8859834328883323e-13 to 1.8859934328883323e-13 seconds.
Warning: Simulation tolerance relaxed to achieve convergence from 1.8859934328883323e-13 to 1.8860034328883322e-13 seconds.
Warning: Simulation tolerance relaxed to achieve convergence from 1.8860034328883322e-13 to 1.8860134328883322e-13 seconds.
Warning: Simulation tolerance relaxed to achieve convergence from 1.8860634328883320e-13 to 1.8860734328883320e-13 seconds.
Warning: Simulation tolerance relaxed to achieve convergence from 1.8860734328883320e-13 to 1.8860834328883320e-13 seconds.
Warning: Simulation tolerance relaxed to achieve convergence from 1.8860834328883320e-13 to 1.8860934328883319e-13 seconds.
Warning: Simulation tolerance relaxed to achieve convergence from 1.8860934328883319e-13 to 1.8861034328883319e-13 seconds.
Warning: Simulation tolerance relaxed to achieve convergence from 1.8861034328883319e-13 to 1.8861134328883319e-13 seconds.
Warning: Simulation tolerance relaxed to achieve convergence from 1.8861134328883319e-13 to 1.8861234328883318e-13 seconds.
Warning: Simulation tolerance relaxed to achieve convergence from 1.8861234328883318e-13 to 1.8861334328883318e-13 seconds.
Warning: Simulation tolerance relaxed to achieve convergence from 1.8861334328883318e-13 to 1.8861434328883318e-13 seconds.
Warning: Simulation tolerance relaxed to achieve convergence from 1.8861434328883318e-13 to 1.8861534328883317e-13 seconds.
Warning: Simulation tolerance relaxed to achieve convergence from 1.8861534328883317e-13 to 1.8861634328883317e-13 seconds.
Warning: Simulation tolerance relaxed to achieve convergence from 1.8861634328883317e-13 to 1.8861734328883317e-13 seconds.
Warning: Simulation tolerance relaxed to achieve convergence from 1.8861734328883317e-13 to 1.8861834328883316e-13 seconds.
Warning: Simulation tolerance relaxed to achieve convergence from 1.8861834328883316e-13 to 1.8861934328883316e-13 seconds.
Warning: Simulation tolerance relaxed to achieve convergence from 1.8861934328883316e-13 to 1.8862034328883316e-13 seconds.
Warning: Simulation tolerance relaxed to achieve convergence from 1.8862234328883315e-13 to 1.8862334328883315e-13 seconds.
Warning: Simulation tolerance relaxed to achieve convergence from 1.8862534328883314e-13 to 1.8862634328883314e-13 seconds.
Warning: Simulation tolerance relaxed to achieve convergence from 1.8862834328883313e-13 to 1.8862934328883313e-13 seconds.
Warning: Simulation tolerance relaxed to achieve convergence from 1.8863134328883312e-13 to 1.8863234328883312e-13 seconds.
Warning: Simulation tolerance relaxed to achieve convergence from 1.8863234328883312e-13 to 1.8863334328883311e-13 seconds.
Warning: Simulation tolerance relaxed to achieve convergence from 1.8863334328883311e-13 to 1.8863434328883311e-13 seconds.
Warning: Simulation tolerance relaxed to achieve convergence from 1.8863434328883311e-13 to 1.8863534328883311e-13 seconds.
Warning: Simulation tolerance relaxed to achieve convergence from 1.8863534328883311e-13 to 1.8863634328883310e-13 seconds.
Warning: Simulation tolerance relaxed to achieve convergence from 1.8863634328883310e-13 to 1.8863734328883310e-13 seconds.
Warning: Simulation tolerance relaxed to achieve convergence from 1.8863734328883310e-13 to 1.8863834328883310e-13 seconds.
Warning: Simulation tolerance relaxed to achieve convergence from 1.8863834328883310e-13 to 1.8863934328883309e-13 seconds.
Warning: Simulation tolerance relaxed to achieve convergence from 1.8864234328883308e-13 to 1.8864334328883308e-13 seconds.
Warning: Simulation tolerance relaxed to achieve convergence from 1.8864534328883307e-13 to 1.8864634328883307e-13 seconds.
Warning: Simulation tolerance relaxed to achieve convergence from 1.8864834328883306e-13 to 1.8864934328883306e-13 seconds.
Warning: Simulation tolerance relaxed to achieve convergence from 1.8865034328883306e-13 to 1.8865134328883305e-13 seconds.
Warning: Simulation tolerance relaxed to achieve convergence from 1.8865134328883305e-13 to 1.8865234328883305e-13 seconds.
Warning: Simulation tolerance relaxed to achieve convergence from 1.8865434328883304e-13 to 1.8865534328883304e-13 seconds.
Warning: Simulation tolerance relaxed to achieve convergence from 1.8865734328883303e-13 to 1.8865834328883303e-13 seconds.
Warning: Simulation tolerance relaxed to achieve convergence from 1.8866034328883302e-13 to 1.8866134328883302e-13 seconds.
Warning: Simulation tolerance relaxed to achieve convergence from 1.8866134328883302e-13 to 1.8866234328883302e-13 seconds.
Warning: Simulation tolerance relaxed to achieve convergence from 1.8866434328883301e-13 to 1.8866534328883301e-13 seconds.
Warning: Simulation tolerance relaxed to achieve convergence from 1.8866534328883301e-13 to 1.8866634328883300e-13 seconds.
Warning: Simulation tolerance relaxed to achieve convergence from 1.8866834328883300e-13 to 1.8866934328883299e-13 seconds.
Warning: Simulation tolerance relaxed to achieve convergence from 1.8866934328883299e-13 to 1.8867034328883299e-13 seconds.
Warning: Simulation tolerance relaxed to achieve convergence from 1.8867034328883299e-13 to 1.8867134328883299e-13 seconds.
Warning: Simulation tolerance relaxed to achieve convergence from 1.8867334328883298e-13 to 1.8867434328883298e-13 seconds.
Warning: Simulation tolerance relaxed to achieve convergence from 1.8867634328883297e-13 to 1.8867734328883297e-13 seconds.
Warning: Simulation tolerance relaxed to achieve convergence from 1.8867734328883297e-13 to 1.8867834328883296e-13 seconds.
Warning: Simulation tolerance relaxed to achieve convergence from 1.8868034328883296e-13 to 1.8868134328883295e-13 seconds.
Warning: Simulation tolerance relaxed to achieve convergence from 1.8868334328883295e-13 to 1.8868434328883294e-13 seconds.
Warning: Simulation tolerance relaxed to achieve convergence from 1.8868634328883294e-13 to 1.8868734328883293e-13 seconds.
Warning: Simulation tolerance relaxed to achieve convergence from 1.8868734328883293e-13 to 1.8868834328883293e-13 seconds.
Warning: Simulation tolerance relaxed to achieve convergence from 1.8868834328883293e-13 to 1.8868934328883293e-13 seconds.
Warning: Simulation tolerance relaxed to achieve convergence from 1.8868934328883293e-13 to 1.8869034328883292e-13 seconds.
Warning: Simulation tolerance relaxed to achieve convergence from 1.8869034328883292e-13 to 1.8869134328883292e-13 seconds.
Warning: Simulation tolerance relaxed to achieve convergence from 1.8869134328883292e-13 to 1.8869234328883292e-13 seconds.
Warning: Simulation tolerance relaxed to achieve convergence from 1.8869234328883292e-13 to 1.8869334328883291e-13 seconds.
Warning: Simulation tolerance relaxed to achieve convergence from 1.8869334328883291e-13 to 1.8869434328883291e-13 seconds.
Warning: Simulation tolerance relaxed to achieve convergence from 1.8869434328883291e-13 to 1.8869534328883291e-13 seconds.
Warning: Simulation tolerance relaxed to achieve convergence from 1.8869534328883291e-13 to 1.8869634328883290e-13 seconds.
Warning: Simulation tolerance relaxed to achieve convergence from 1.8869634328883290e-13 to 1.8869734328883290e-13 seconds.
Warning: Simulation tolerance relaxed to achieve convergence from 1.8869734328883290e-13 to 1.8869834328883290e-13 seconds.
Warning: Simulation tolerance relaxed to achieve convergence from 1.8869834328883290e-13 to 1.8869934328883289e-13 seconds.
Warning: Simulation tolerance relaxed to achieve convergence from 1.8869934328883289e-13 to 1.8870034328883289e-13 seconds.
Warning: Simulation tolerance relaxed to achieve convergence from 1.8870034328883289e-13 to 1.8870134328883289e-13 seconds.
Warning: Simulation tolerance relaxed to achieve convergence from 1.8870134328883289e-13 to 1.8870234328883288e-13 seconds.
Warning: Simulation tolerance relaxed to achieve convergence from 1.8870234328883288e-13 to 1.8870334328883288e-13 seconds.
Warning: Simulation tolerance relaxed to achieve convergence from 1.8870334328883288e-13 to 1.8870434328883288e-13 seconds.
Warning: Simulation tolerance relaxed to achieve convergence from 1.8870434328883288e-13 to 1.8870534328883287e-13 seconds.
Warning: Simulation tolerance relaxed to achieve convergence from 1.8870534328883287e-13 to 1.8870634328883287e-13 seconds.
Warning: Simulation tolerance relaxed to achieve convergence from 1.8870634328883287e-13 to 1.8870734328883287e-13 seconds.
Warning: Simulation tolerance relaxed to achieve convergence from 1.8870734328883287e-13 to 1.8870834328883286e-13 seconds.
Warning: Simulation tolerance relaxed to achieve convergence from 1.8870834328883286e-13 to 1.8870934328883286e-13 seconds.
Warning: Simulation tolerance relaxed to achieve convergence from 1.8870934328883286e-13 to 1.8871034328883286e-13 seconds.
Warning: Simulation tolerance relaxed to achieve convergence from 1.8871034328883286e-13 to 1.8871134328883285e-13 seconds.
Warning: Simulation tolerance relaxed to achieve convergence from 1.8871134328883285e-13 to 1.8871234328883285e-13 seconds.
Warning: Simulation tolerance relaxed to achieve convergence from 1.8871434328883284e-13 to 1.8871534328883284e-13 seconds.
Warning: Simulation tolerance relaxed to achieve convergence from 1.8871534328883284e-13 to 1.8871634328883284e-13 seconds.
Warning: Simulation tolerance relaxed to achieve convergence from 1.8871634328883284e-13 to 1.8871734328883283e-13 seconds.
Warning: Simulation tolerance relaxed to achieve convergence from 1.8871734328883283e-13 to 1.8871834328883283e-13 seconds.
Warning: Simulation tolerance relaxed to achieve convergence from 1.8871834328883283e-13 to 1.8871934328883283e-13 seconds.
Warning: Simulation tolerance relaxed to achieve convergence from 1.8871934328883283e-13 to 1.8872034328883282e-13 seconds.
Warning: Simulation tolerance relaxed to achieve convergence from 1.8872034328883282e-13 to 1.8872134328883282e-13 seconds.
Warning: Simulation tolerance relaxed to achieve convergence from 1.8872134328883282e-13 to 1.8872234328883282e-13 seconds.
Warning: Simulation tolerance relaxed to achieve convergence from 1.8872234328883282e-13 to 1.8872334328883281e-13 seconds.
Warning: Simulation tolerance relaxed to achieve convergence from 1.8872534328883281e-13 to 1.8872634328883280e-13 seconds.
Warning: Simulation tolerance relaxed to achieve convergence from 1.8872634328883280e-13 to 1.8872734328883280e-13 seconds.
Warning: Simulation tolerance relaxed to achieve convergence from 1.8873034328883279e-13 to 1.8873134328883279e-13 seconds.
Warning: Simulation tolerance relaxed to achieve convergence from 1.8873134328883279e-13 to 1.8873234328883278e-13 seconds.
Warning: Simulation tolerance relaxed to achieve convergence from 1.8873234328883278e-13 to 1.8873334328883278e-13 seconds.
Warning: Simulation tolerance relaxed to achieve convergence from 1.8873334328883278e-13 to 1.8873434328883278e-13 seconds.
Warning: Simulation tolerance relaxed to achieve convergence from 1.8873434328883278e-13 to 1.8873534328883277e-13 seconds.
Warning: Simulation tolerance relaxed to achieve convergence from 1.8873734328883277e-13 to 1.8873834328883276e-13 seconds.
Warning: Simulation tolerance relaxed to achieve convergence from 1.8873834328883276e-13 to 1.8873934328883276e-13 seconds.
Warning: Simulation tolerance relaxed to achieve convergence from 1.8874634328883276e-13 to 1.8874734328883276e-13 seconds.
Warning: Simulation tolerance relaxed to achieve convergence from 1.8875434328883276e-13 to 1.8875534328883276e-13 seconds.
Warning: Simulation tolerance relaxed to achieve convergence from 1.8875534328883276e-13 to 1.8875634328883275e-13 seconds.
Warning: Simulation tolerance relaxed to achieve convergence from 1.8875634328883275e-13 to 1.8875734328883275e-13 seconds.
Warning: Simulation tolerance relaxed to achieve convergence from 1.8887734328883237e-13 to 1.8887834328883237e-13 seconds.
Warning: Simulation tolerance relaxed to achieve convergence from 1.8888534328883237e-13 to 1.8888634328883237e-13 seconds.
Warning: Simulation tolerance relaxed to achieve convergence from 1.8889434328883237e-13 to 1.8889534328883237e-13 seconds.
Warning: Simulation tolerance relaxed to achieve convergence from 1.8892334328883235e-13 to 1.8892434328883234e-13 seconds.
Warning: Simulation tolerance relaxed to achieve convergence from 1.8892734328883233e-13 to 1.8892834328883233e-13 seconds.
Warning: Simulation tolerance relaxed to achieve convergence from 1.8892834328883233e-13 to 1.8892934328883233e-13 seconds.
Warning: Simulation tolerance relaxed to achieve convergence from 1.8892934328883233e-13 to 1.8893034328883232e-13 seconds.
Warning: Simulation tolerance relaxed to achieve convergence from 1.8893034328883232e-13 to 1.8893134328883232e-13 seconds.
Warning: Simulation tolerance relaxed to achieve convergence from 1.8893734328883233e-13 to 1.8893834328883232e-13 seconds.
Warning: Simulation tolerance relaxed to achieve convergence from 1.8893934328883232e-13 to 1.8894034328883232e-13 seconds.
Warning: Simulation tolerance relaxed to achieve convergence from 1.8981534328883061e-13 to 1.8981634328883060e-13 seconds.
Warning: Simulation tolerance relaxed to achieve convergence from 1.8981834328883060e-13 to 1.8981934328883059e-13 seconds.
Total elapsed time: 123.992 seconds.

Files loaded:
\\ARX-704\Line-2-ARX\Блок базы - Подложки\Model I-Buf-TLV9152+AMPL-A\Draft17.net
C:\Users\User\AppData\Local\LTspice\lib\cmp\standard.dio
C:\Users\User\AppData\Local\LTspice\lib\cmp\standard.bjt
\\ARX-704\Line-2-ARX\Блок базы - Подложки\Model I-Buf-TLV9152+AMPL-A\tlv9152.lib
\\ARX-704\Line-2-ARX\Блок базы - Подложки\Model I-Buf-TLV9152+AMPL-A\DI_1N4729A.cir
\\ARX-704\Line-2-ARX\Блок базы - Подложки\Model I-Buf-TLV9152+AMPL-A\PA340_Pspice.LIB
\\ARX-704\Line-2-ARX\Блок базы - Подложки\Model I-Buf-TLV9152+AMPL-A\TIP142.cir
\\ARX-704\Line-2-ARX\Блок базы - Подложки\Model I-Buf-TLV9152+AMPL-A\TIP147.cir
\\ARX-704\Line-2-ARX\Блок базы - Подложки\Model I-Buf-TLV9152+AMPL-A\buff1models.txt

