ISO-10303-21;
HEADER;
FILE_DESCRIPTION (( 'STEP AP203' ),
    '1' );
FILE_NAME ('685631.123-01 стойка.STEP',
    '2026-01-12T12:09:33',
    ( '' ),
    ( '' ),
    'SwSTEP 2.0',
    'SolidWorks 2022',
    '' );
FILE_SCHEMA (( 'CONFIG_CONTROL_DESIGN' ));
ENDSEC;

DATA;
#1 = VECTOR ( 'NONE', #349, 1000.000000000000000 ) ;
#2 = DIRECTION ( 'NONE',  ( -0.000000000000000000, 1.000000000000000000, -0.000000000000000000 ) ) ;
#3 = DIRECTION ( 'NONE',  ( -0.4999999999999950595, 0.000000000000000000, 0.8660254037844414832 ) ) ;
#4 = CARTESIAN_POINT ( 'NONE',  ( 0.000000000000000000, -0.5000000000000000000, 6.000000000000000888 ) ) ;
#5 = LOCAL_TIME ( 15, 9, 33.00000000000000000, #1693 ) ;
#6 = APPLICATION_CONTEXT ( 'configuration controlled 3d designs of mechanical parts and assemblies' ) ;
#7 = CARTESIAN_POINT ( 'NONE',  ( 4.837938458043934978E-14, 0.5000000000000004441, 6.928203230275514102 ) ) ;
#8 = VERTEX_POINT ( 'NONE', #2161 ) ;
#9 = CONTEXT_DEPENDENT_SHAPE_REPRESENTATION ( #670, #129 ) ;
#10 = PRODUCT_RELATED_PRODUCT_CATEGORY ( 'detail', '', ( #1694 ) ) ;
#11 = ADVANCED_FACE ( 'NONE', ( #1830 ), #987, .T. ) ;
#12 = LINE ( 'NONE', #327, #2135 ) ;
#13 = ORIENTED_EDGE ( 'NONE', *, *, #58, .F. ) ;
#14 = PERSON_AND_ORGANIZATION ( #212, #1931 ) ;
#15 = DIRECTION ( 'NONE',  ( 0.000000000000000000, 0.000000000000000000, 1.000000000000000000 ) ) ;
#16 = DIRECTION ( 'NONE',  ( -0.7071067811865469066, 0.7071067811865481278, 7.436077881698119652E-15 ) ) ;
#17 = LINE ( 'NONE', #675, #1615 ) ;
#18 = FACE_OUTER_BOUND ( 'NONE', #2016, .T. ) ;
#19 = ORIENTED_EDGE ( 'NONE', *, *, #1839, .F. ) ;
#20 = FACE_OUTER_BOUND ( 'NONE', #1147, .T. ) ;
#21 = DATE_TIME_ROLE ( 'classification_date' ) ;
#22 = EDGE_CURVE ( 'NONE', #922, #1448, #2001, .T. ) ;
#23 = DIRECTION ( 'NONE',  ( 0.000000000000000000, -0.000000000000000000, 1.000000000000000000 ) ) ;
#24 = EDGE_CURVE ( 'NONE', #1689, #127, #160, .T. ) ;
#25 = CARTESIAN_POINT ( 'NONE',  ( -0.2499999999999986400, 3.000000000000000000, -6.495190528383291806 ) ) ;
#26 = CIRCLE ( 'NONE', #1107, 4.500000000000000000 ) ;
#27 = DIRECTION ( 'NONE',  ( -0.6546536707079737560, -0.6546536707079765316, 0.3779644730092340810 ) ) ;
#28 = EDGE_LOOP ( 'NONE', ( #1801, #1371, #824, #305 ) ) ;
#29 = CARTESIAN_POINT ( 'NONE',  ( 0.000000000000000000, 0.000000000000000000, 0.000000000000000000 ) ) ;
#30 = SECURITY_CLASSIFICATION_LEVEL ( 'unclassified' ) ;
#31 = AXIS2_PLACEMENT_3D ( 'NONE', #29, #2041, #378 ) ;
#32 = DIRECTION ( 'NONE',  ( 0.000000000000000000, 1.000000000000000000, 0.000000000000000000 ) ) ;
#33 = AXIS2_PLACEMENT_3D ( 'NONE', #508, #1658, #1174 ) ;
#34 = PLANE ( 'NONE',  #1361 ) ;
#35 = EDGE_CURVE ( 'NONE', #1678, #661, #1003, .T. ) ;
#36 = LOCAL_TIME ( 15, 9, 33.00000000000000000, #1130 ) ;
#37 = SECURITY_CLASSIFICATION ( '', '', #149 ) ;
#38 = ORIENTED_EDGE ( 'NONE', *, *, #172, .F. ) ;
#39 = PLANE ( 'NONE',  #867 ) ;
#40 = APPROVAL_DATE_TIME ( #399, #103 ) ;
#41 = DIRECTION ( 'NONE',  ( 0.000000000000000000, -1.000000000000000000, 0.000000000000000000 ) ) ;
#42 = DIRECTION ( 'NONE',  ( 1.000000000000000000, 0.000000000000000000, 0.000000000000000000 ) ) ;
#43 = LINE ( 'NONE', #706, #1785 ) ;
#44 = CC_DESIGN_PERSON_AND_ORGANIZATION_ASSIGNMENT ( #1384, #914, ( #2004 ) ) ;
#45 = EDGE_CURVE ( 'NONE', #1062, #127, #275, .T. ) ;
#46 = ORIENTED_EDGE ( 'NONE', *, *, #768, .T. ) ;
#47 = CYLINDRICAL_SURFACE ( 'NONE', #1680, 2.000000000000000000 ) ;
#48 = ORIENTED_EDGE ( 'NONE', *, *, #1941, .F. ) ;
#49 = COORDINATED_UNIVERSAL_TIME_OFFSET ( 3, 0, .AHEAD. ) ;
#50 = CARTESIAN_POINT ( 'NONE',  ( 5.750000000000031086, 3.000000000000000000, 3.031088913245480576 ) ) ;
#51 = DIRECTION ( 'NONE',  ( 0.000000000000000000, 0.000000000000000000, 1.000000000000000000 ) ) ;
#52 = ORIENTED_EDGE ( 'NONE', *, *, #1358, .T. ) ;
#53 = VERTEX_POINT ( 'NONE', #798 ) ;
#54 = CARTESIAN_POINT ( 'NONE',  ( 5.999999999999962697, 0.000000000000000000, -3.464101615137825885 ) ) ;
#55 = AXIS2_PLACEMENT_3D ( 'NONE', #1231, #1893, #570 ) ;
#56 = APPROVAL ( #1814, 'UNKNOWN' ) ;
#57 = ORIENTED_EDGE ( 'NONE', *, *, #241, .T. ) ;
#58 = EDGE_CURVE ( 'NONE', #473, #668, #1470, .T. ) ;
#59 = CARTESIAN_POINT ( 'NONE',  ( 0.000000000000000000, 9.499999999999996447, 0.000000000000000000 ) ) ;
#60 = VERTEX_POINT ( 'NONE', #786 ) ;
#61 = APPROVAL_DATE_TIME ( #1236, #1465 ) ;
#62 = VECTOR ( 'NONE', #1872, 1000.000000000000000 ) ;
#63 = CARTESIAN_POINT ( 'NONE',  ( 6.000000000000036415, 3.000000000000000000, 3.464101615137701096 ) ) ;
#64 = AXIS2_PLACEMENT_3D ( 'NONE', #669, #523, #1191 ) ;
#65 = VECTOR ( 'NONE', #27, 1000.000000000000114 ) ;
#66 = DIRECTION ( 'NONE',  ( 0.000000000000000000, -0.000000000000000000, -1.000000000000000000 ) ) ;
#67 = CARTESIAN_POINT ( 'NONE',  ( -5.999999999999987566, 10.00000000000000000, 3.464101615137783252 ) ) ;
#68 = AXIS2_PLACEMENT_3D ( 'NONE', #1726, #78, #42 ) ;
#69 = CC_DESIGN_APPROVAL ( #1699, ( #1333 ) ) ;
#70 = VERTEX_POINT ( 'NONE', #283 ) ;
#71 = CC_DESIGN_APPROVAL ( #56, ( #1017 ) ) ;
#72 = CARTESIAN_POINT ( 'NONE',  ( -3.000000000000006217, 0.000000000000000000, -5.196152422706626695 ) ) ;
#73 = ORIENTED_EDGE ( 'NONE', *, *, #532, .F. ) ;
#74 = PERSON_AND_ORGANIZATION ( #212, #1931 ) ;
#75 = ADVANCED_FACE ( 'NONE', ( #451 ), #113, .T. ) ;
#76 = CARTESIAN_POINT ( 'NONE',  ( 7.347880794884120722E-16, -0.5000000000000000000, -6.000000000000000888 ) ) ;
#77 = DIRECTION ( 'NONE',  ( 0.000000000000000000, 1.000000000000000000, 0.000000000000000000 ) ) ;
#78 = DIRECTION ( 'NONE',  ( 0.000000000000000000, 0.000000000000000000, 1.000000000000000000 ) ) ;
#79 = VERTEX_POINT ( 'NONE', #1275 ) ;
#80 = CARTESIAN_POINT ( 'NONE',  ( 1.170938346284344789E-14, 7.000000000000000000, -4.336808689942017736E-16 ) ) ;
#81 = CARTESIAN_POINT ( 'NONE',  ( 3.061616997868381662E-16, 0.000000000000000000, 2.499999999999998668 ) ) ;
#82 = CARTESIAN_POINT ( 'NONE',  ( -6.000000000000011546, 7.000000000000000000, -3.464101615137742840 ) ) ;
#83 = ORIENTED_EDGE ( 'NONE', *, *, #45, .T. ) ;
#84 = PERSON_AND_ORGANIZATION_ROLE ( 'design_supplier' ) ;
#85 = DIRECTION ( 'NONE',  ( 0.000000000000000000, 1.000000000000000000, 0.000000000000000000 ) ) ;
#86 = EDGE_CURVE ( 'NONE', #60, #509, #1794, .T. ) ;
#87 = EDGE_CURVE ( 'NONE', #641, #231, #464, .T. ) ;
#88 = VERTEX_POINT ( 'NONE', #851 ) ;
#89 = LINE ( 'NONE', #2094, #411 ) ;
#90 = DIRECTION ( 'NONE',  ( -0.000000000000000000, 1.000000000000000000, -0.000000000000000000 ) ) ;
#91 = VERTEX_POINT ( 'NONE', #1032 ) ;
#92 = CYLINDRICAL_SURFACE ( 'NONE', #2102, 4.000000000000000000 ) ;
#93 = ORIENTED_EDGE ( 'NONE', *, *, #173, .F. ) ;
#94 = CALENDAR_DATE ( 2026, 12, 1 ) ;
#95 = PLANE ( 'NONE',  #443 ) ;
#96 = CARTESIAN_POINT ( 'NONE',  ( -5.499999999999989342, 0.000000000000000000, 3.175426480542968388 ) ) ;
#97 = DATE_TIME_ROLE ( 'classification_date' ) ;
#98 = ORIENTED_EDGE ( 'NONE', *, *, #863, .F. ) ;
#99 = LINE ( 'NONE', #137, #377 ) ;
#100 = APPLICATION_CONTEXT ( 'configuration controlled 3d designs of mechanical parts and assemblies' ) ;
#101 = VECTOR ( 'NONE', #1067, 1000.000000000000000 ) ;
#102 = PLANE ( 'NONE',  #1572 ) ;
#103 = APPROVAL ( #167, 'UNSPECIFIED' ) ;
#104 = ADVANCED_FACE ( 'NONE', ( #1041 ), #1520, .F. ) ;
#105 = AXIS2_PLACEMENT_3D ( 'NONE', #1701, #563, #856 ) ;
#106 = CONICAL_SURFACE ( 'NONE', #1327, 2.499999999999998668, 0.7853981633974447263 ) ;
#107 = AXIS2_PLACEMENT_3D ( 'NONE', #788, #814, #1981 ) ;
#108 = DIRECTION ( 'NONE',  ( 0.000000000000000000, 1.000000000000000000, 0.000000000000000000 ) ) ;
#109 = ORIENTED_EDGE ( 'NONE', *, *, #863, .T. ) ;
#110 = DATE_AND_TIME ( #969, #1473 ) ;
#111 = LOCAL_TIME ( 15, 9, 33.00000000000000000, #2081 ) ;
#112 = CARTESIAN_POINT ( 'NONE',  ( -5.999999999999987566, 7.000000000000000000, 3.464101615137783252 ) ) ;
#113 = CYLINDRICAL_SURFACE ( 'NONE', #1419, 4.000000000000000000 ) ;
#114 = DIRECTION ( 'NONE',  ( -0.8660254037844415942, 0.000000000000000000, -0.4999999999999948375 ) ) ;
#115 = CARTESIAN_POINT ( 'NONE',  ( 6.000000000000036415, 3.000000000000000000, 3.464101615137701096 ) ) ;
#116 = EDGE_CURVE ( 'NONE', #2027, #641, #665, .T. ) ;
#117 = ORIENTED_EDGE ( 'NONE', *, *, #532, .T. ) ;
#118 = CARTESIAN_POINT ( 'NONE',  ( 0.000000000000000000, 0.5000000000000023315, 0.000000000000000000 ) ) ;
#119 = VERTEX_POINT ( 'NONE', #537 ) ;
#120 = CALENDAR_DATE ( 2026, 12, 1 ) ;
#121 = APPLICATION_CONTEXT ( 'configuration controlled 3d designs of mechanical parts and assemblies' ) ;
#122 = CYLINDRICAL_SURFACE ( 'NONE', #1391, 6.000000000000000888 ) ;
#123 = CALENDAR_DATE ( 2026, 12, 1 ) ;
#124 = CARTESIAN_POINT ( 'NONE',  ( 0.000000000000000000, -13.00000000000000178, 0.000000000000000000 ) ) ;
#125 = FACE_OUTER_BOUND ( 'NONE', #1937, .T. ) ;
#126 = FACE_OUTER_BOUND ( 'NONE', #311, .T. ) ;
#127 = VERTEX_POINT ( 'NONE', #358 ) ;
#128 = CARTESIAN_POINT ( 'NONE',  ( -5.999999999999989342, 0.5000000000000004441, 3.464101615137784584 ) ) ;
#129 = PRODUCT_DEFINITION_SHAPE ( 'NONE', 'NONE',  #2172 ) ;
#130 = ORIENTED_EDGE ( 'NONE', *, *, #159, .F. ) ;
#131 = COORDINATED_UNIVERSAL_TIME_OFFSET ( 3, 0, .AHEAD. ) ;
#132 = ADVANCED_FACE ( 'NONE', ( #169, #861 ), #2032, .T. ) ;
#133 = AXIS2_PLACEMENT_3D ( 'NONE', #1227, #586, #1407 ) ;
#134 = DIRECTION ( 'NONE',  ( 0.8660254037844415942, 0.000000000000000000, 0.4999999999999948375 ) ) ;
#135 = COORDINATED_UNIVERSAL_TIME_OFFSET ( 3, 0, .AHEAD. ) ;
#136 = EDGE_LOOP ( 'NONE', ( #324, #199, #911, #222 ) ) ;
#137 = CARTESIAN_POINT ( 'NONE',  ( 4.837938458043934978E-14, 3.000000000000000000, 6.928203230275514102 ) ) ;
#138 = CARTESIAN_POINT ( 'NONE',  ( 0.000000000000000000, 0.5000000000000023315, 0.000000000000000000 ) ) ;
#139 = AXIS2_PLACEMENT_3D ( 'NONE', #2145, #1446, #1121 ) ;
#140 = ORIENTED_EDGE ( 'NONE', *, *, #22, .F. ) ;
#141 = AXIS2_PLACEMENT_3D ( 'NONE', #1177, #501, #1510 ) ;
#142 = VECTOR ( 'NONE', #1762, 1000.000000000000000 ) ;
#143 = DIRECTION ( 'NONE',  ( -0.8660254037844379305, 0.000000000000000000, 0.5000000000000011102 ) ) ;
#144 = ORIENTED_EDGE ( 'NONE', *, *, #1558, .T. ) ;
#145 = APPROVAL_PERSON_ORGANIZATION ( #225, #1465, #1563 ) ;
#146 = CARTESIAN_POINT ( 'NONE',  ( 0.000000000000000000, 0.000000000000000000, 0.000000000000000000 ) ) ;
#147 = CC_DESIGN_PERSON_AND_ORGANIZATION_ASSIGNMENT ( #985, #1148, ( #1333 ) ) ;
#148 = APPROVAL_PERSON_ORGANIZATION ( #1886, #1848, #1049 ) ;
#149 = SECURITY_CLASSIFICATION_LEVEL ( 'unclassified' ) ;
#150 = APPROVAL_PERSON_ORGANIZATION ( #982, #1479, #1509 ) ;
#151 = CARTESIAN_POINT ( 'NONE',  ( 5.510910596163088569E-16, 7.000000000000000000, -4.500000000000000000 ) ) ;
#152 = DIRECTION ( 'NONE',  ( 0.000000000000000000, 0.000000000000000000, 1.000000000000000000 ) ) ;
#153 = CARTESIAN_POINT ( 'NONE',  ( 0.000000000000000000, -13.00000000000000178, 2.000000000000000000 ) ) ;
#154 = FACE_OUTER_BOUND ( 'NONE', #296, .T. ) ;
#155 = VERTEX_POINT ( 'NONE', #874 ) ;
#156 = CARTESIAN_POINT ( 'NONE',  ( 0.000000000000000000, 10.00000000000000000, -6.928203230275514102 ) ) ;
#157 = DATE_AND_TIME ( #1660, #730 ) ;
#158 = CC_DESIGN_DATE_AND_TIME_ASSIGNMENT ( #1802, #633, ( #1017 ) ) ;
#159 = EDGE_CURVE ( 'NONE', #1508, #2018, #1849, .T. ) ;
#160 = LINE ( 'NONE', #818, #1954 ) ;
#161 = DIRECTION ( 'NONE',  ( 0.000000000000000000, 1.000000000000000000, 0.000000000000000000 ) ) ;
#162 = PLANE ( 'NONE',  #556 ) ;
#163 = EDGE_CURVE ( 'NONE', #2105, #2018, #1201, .T. ) ;
#164 = CARTESIAN_POINT ( 'NONE',  ( 5.999999999999963585, 2.499999999999996447, -3.464101615137826773 ) ) ;
#165 = ORIENTED_EDGE ( 'NONE', *, *, #1305, .T. ) ;
#166 = VERTEX_POINT ( 'NONE', #1704 ) ;
#167 = APPROVAL_STATUS ( 'not_yet_approved' ) ;
#168 = CIRCLE ( 'NONE', #1560, 6.000000000000000888 ) ;
#169 = FACE_BOUND ( 'NONE', #262, .T. ) ;
#170 = DIRECTION ( 'NONE',  ( 1.039100930793199338E-14, 0.000000000000000000, 1.000000000000000000 ) ) ;
#171 = CYLINDRICAL_SURFACE ( 'NONE', #526, 7.000000000000000000 ) ;
#172 = EDGE_CURVE ( 'NONE', #155, #534, #347, .T. ) ;
#173 = EDGE_CURVE ( 'NONE', #1919, #91, #2025, .T. ) ;
#174 = AXIS2_PLACEMENT_3D ( 'NONE', #203, #862, #1534 ) ;
#175 = CARTESIAN_POINT ( 'NONE',  ( 0.000000000000000000, 0.5000000000000004441, -6.928203230275514990 ) ) ;
#176 = ORIENTED_EDGE ( 'NONE', *, *, #35, .F. ) ;
#177 = DATE_TIME_ROLE ( 'classification_date' ) ;
#178 = CONICAL_SURFACE ( 'NONE', #1894, 2.000000000000000000, 0.7853981633974517207 ) ;
#179 = DIRECTION ( 'NONE',  ( 0.8660254037844380415, 0.000000000000000000, -0.5000000000000011102 ) ) ;
#180 = VERTEX_POINT ( 'NONE', #682 ) ;
#181 = APPROVAL_STATUS ( 'not_yet_approved' ) ;
#182 = VECTOR ( 'NONE', #1157, 999.9999999999998863 ) ;
#183 = AXIS2_PLACEMENT_3D ( 'NONE', #2024, #1196, #1326 ) ;
#184 = DIRECTION ( 'NONE',  ( -0.000000000000000000, -1.000000000000000000, -0.000000000000000000 ) ) ;
#185 = DIRECTION ( 'NONE',  ( 0.000000000000000000, 1.000000000000000000, 0.000000000000000000 ) ) ;
#186 = SECURITY_CLASSIFICATION ( '', '', #743 ) ;
#187 = CC_DESIGN_APPROVAL ( #2008, ( #419 ) ) ;
#188 = ADVANCED_FACE ( 'NONE', ( #1006 ), #202, .T. ) ;
#189 = DIRECTION ( 'NONE',  ( 0.000000000000000000, -1.000000000000000000, 0.000000000000000000 ) ) ;
#190 = VERTEX_POINT ( 'NONE', #1355 ) ;
#191 = CARTESIAN_POINT ( 'NONE',  ( 2.749999999999984013, 0.000000000000000000, -4.763139720814447919 ) ) ;
#192 = EDGE_LOOP ( 'NONE', ( #1307, #1192, #1784, #577, #2138, #742, #1167 ) ) ;
#193 = APPLICATION_PROTOCOL_DEFINITION ( 'international standard', 'config_control_design', 1994, #2066 ) ;
#194 = CARTESIAN_POINT ( 'NONE',  ( 5.999999999999962697, 0.000000000000000000, -3.464101615137825885 ) ) ;
#195 = LINE ( 'NONE', #374, #1685 ) ;
#196 = FACE_OUTER_BOUND ( 'NONE', #136, .T. ) ;
#197 = ORIENTED_EDGE ( 'NONE', *, *, #1713, .F. ) ;
#198 = DIRECTION ( 'NONE',  ( 0.000000000000000000, 0.000000000000000000, 1.000000000000000000 ) ) ;
#199 = ORIENTED_EDGE ( 'NONE', *, *, #2074, .T. ) ;
#200 = APPROVAL_DATE_TIME ( #1703, #1204 ) ;
#201 = EDGE_CURVE ( 'NONE', #1281, #816, #1069, .T. ) ;
#202 = PLANE ( 'NONE',  #513 ) ;
#203 = CARTESIAN_POINT ( 'NONE',  ( 0.000000000000000000, 0.6999999999999999556, 0.000000000000000000 ) ) ;
#204 = LINE ( 'NONE', #2003, #1 ) ;
#205 = VECTOR ( 'NONE', #1588, 1000.000000000000000 ) ;
#206 = ORIENTED_EDGE ( 'NONE', *, *, #929, .T. ) ;
#207 = CARTESIAN_POINT ( 'NONE',  ( 0.000000000000000000, -13.00000000000000178, 0.000000000000000000 ) ) ;
#208 = EDGE_LOOP ( 'NONE', ( #1985, #1562, #1707, #564 ) ) ;
#209 = MANIFOLD_SOLID_BREP ( 'Вырез-Вытянуть2', #790 ) ;
#210 = CALENDAR_DATE ( 2026, 12, 1 ) ;
#211 = AXIS2_PLACEMENT_3D ( 'NONE', #447, #1614, #953 ) ;
#212 = PERSON ( 'UNSPECIFIED', 'UNSPECIFIED', 'UNSPECIFIED', ('UNSPECIFIED'), ('UNSPECIFIED'), ('UNSPECIFIED') ) ;
#213 = PRODUCT_RELATED_PRODUCT_CATEGORY ( 'detail', '', ( #1525 ) ) ;
#214 = CARTESIAN_POINT ( 'NONE',  ( 0.000000000000000000, 0.000000000000000000, 0.000000000000000000 ) ) ;
#215 = EDGE_CURVE ( 'NONE', #812, #782, #168, .T. ) ;
#216 = LINE ( 'NONE', #63, #101 ) ;
#217 = AXIS2_PLACEMENT_3D ( 'NONE', #1906, #1867, #2085 ) ;
#218 = CARTESIAN_POINT ( 'NONE',  ( 0.000000000000000000, 0.000000000000000000, 0.000000000000000000 ) ) ;
#219 = AXIS2_PLACEMENT_3D ( 'NONE', #1547, #1890, #885 ) ;
#220 = CC_DESIGN_APPROVAL ( #1465, ( #1051 ) ) ;
#221 = APPLICATION_CONTEXT ( 'configuration controlled 3d designs of mechanical parts and assemblies' ) ;
#222 = ORIENTED_EDGE ( 'NONE', *, *, #2115, .F. ) ;
#223 = FACE_OUTER_BOUND ( 'NONE', #1265, .T. ) ;
#224 = ORIENTED_EDGE ( 'NONE', *, *, #1648, .F. ) ;
#225 = PERSON_AND_ORGANIZATION ( #212, #1931 ) ;
#226 = DIRECTION ( 'NONE',  ( 0.000000000000000000, 0.7071067811865451302, 0.7071067811865500152 ) ) ;
#227 = DIRECTION ( 'NONE',  ( -0.8660254037844414832, 0.000000000000000000, -0.4999999999999951705 ) ) ;
#228 = EDGE_CURVE ( 'NONE', #1856, #1127, #1194, .T. ) ;
#229 = ORIENTED_EDGE ( 'NONE', *, *, #339, .T. ) ;
#230 = DIRECTION ( 'NONE',  ( -0.000000000000000000, 1.000000000000000000, -0.000000000000000000 ) ) ;
#231 = VERTEX_POINT ( 'NONE', #1375 ) ;
#232 = PERSON_AND_ORGANIZATION ( #212, #1931 ) ;
#233 = DIRECTION ( 'NONE',  ( 0.000000000000000000, 0.000000000000000000, 1.000000000000000000 ) ) ;
#234 = UNCERTAINTY_MEASURE_WITH_UNIT (LENGTH_MEASURE( 1.000000000000000082E-05 ), #2075, 'distance_accuracy_value', 'NONE');
#235 = ORIENTED_EDGE ( 'NONE', *, *, #1957, .F. ) ;
#236 = FACE_OUTER_BOUND ( 'NONE', #2029, .T. ) ;
#237 = DIRECTION ( 'NONE',  ( 0.000000000000000000, -0.000000000000000000, 1.000000000000000000 ) ) ;
#238 = AXIS2_PLACEMENT_3D ( 'NONE', #1170, #338, #15 ) ;
#239 = PERSON ( 'NAUO-PER2', 'UNSPECIFIED', 'UNSPECIFIED', ('UNSPECIFIED'), ('UNSPECIFIED'), ('UNSPECIFIED') ) ;
#240 = EDGE_CURVE ( 'NONE', #728, #396, #2050, .T. ) ;
#241 = EDGE_CURVE ( 'NONE', #1885, #1689, #1669, .T. ) ;
#242 = VERTEX_POINT ( 'NONE', #2012 ) ;
#243 = CARTESIAN_POINT ( 'NONE',  ( 0.000000000000000000, 2.499999999999996447, -6.928203230275514990 ) ) ;
#244 = ORIENTED_EDGE ( 'NONE', *, *, #1244, .F. ) ;
#245 = PERSON_AND_ORGANIZATION ( #212, #1931 ) ;
#246 = AXIS2_PLACEMENT_3D ( 'NONE', #1263, #1955, #1804 ) ;
#247 = LINE ( 'NONE', #904, #1381 ) ;
#248 = VECTOR ( 'NONE', #1364, 1000.000000000000114 ) ;
#249 = AXIS2_PLACEMENT_3D ( 'NONE', #138, #485, #1663 ) ;
#250 = VERTEX_POINT ( 'NONE', #504 ) ;
#251 = CARTESIAN_POINT ( 'NONE',  ( 0.000000000000000000, 3.000000000000000000, -6.928203230275514990 ) ) ;
#252 = CARTESIAN_POINT ( 'NONE',  ( 5.499999999999961808, 3.000000000000000000, -3.464101615137821444 ) ) ;
#253 = VECTOR ( 'NONE', #1181, 1000.000000000000000 ) ;
#254 = LOCAL_TIME ( 15, 9, 33.00000000000000000, #1462 ) ;
#255 = ORIENTED_EDGE ( 'NONE', *, *, #1197, .T. ) ;
#256 = ADVANCED_FACE ( 'NONE', ( #514 ), #95, .F. ) ;
#257 = DIRECTION ( 'NONE',  ( 2.349899218380886190E-15, 0.6546536707079787520, 0.7559289460184529519 ) ) ;
#258 = ORIENTED_EDGE ( 'NONE', *, *, #1171, .T. ) ;
#259 = APPLICATION_PROTOCOL_DEFINITION ( 'international standard', 'config_control_design', 1994, #6 ) ;
#260 = EDGE_CURVE ( 'NONE', #1319, #1448, #267, .T. ) ;
#261 = CARTESIAN_POINT ( 'NONE',  ( 5.999999999999999112, 0.000000000000000000, -6.234605584759195711E-14 ) ) ;
#262 = EDGE_LOOP ( 'NONE', ( #224, #934 ) ) ;
#263 = PLANE ( 'NONE',  #752 ) ;
#264 = FACE_OUTER_BOUND ( 'NONE', #710, .T. ) ;
#265 = DIRECTION ( 'NONE',  ( 0.000000000000000000, 0.000000000000000000, 1.000000000000000000 ) ) ;
#266 = SECURITY_CLASSIFICATION_LEVEL ( 'unclassified' ) ;
#267 = LINE ( 'NONE', #1385, #1527 ) ;
#268 = FACE_OUTER_BOUND ( 'NONE', #1410, .T. ) ;
#269 = EDGE_CURVE ( 'NONE', #231, #70, #1059, .T. ) ;
#270 = PERSON_AND_ORGANIZATION ( #212, #1931 ) ;
#271 = EDGE_LOOP ( 'NONE', ( #459, #398, #1853, #561 ) ) ;
#272 = PLANE ( 'NONE',  #1997 ) ;
#273 = DIRECTION ( 'NONE',  ( 0.000000000000000000, 0.000000000000000000, 1.000000000000000000 ) ) ;
#274 = EDGE_LOOP ( 'NONE', ( #1268, #701, #1098 ) ) ;
#275 = CIRCLE ( 'NONE', #1493, 2.500000000000007550 ) ;
#276 = DIRECTION ( 'NONE',  ( 3.380207847158600080E-15, 0.000000000000000000, 1.000000000000000000 ) ) ;
#277 = ORIENTED_EDGE ( 'NONE', *, *, #369, .T. ) ;
#278 = PERSON_AND_ORGANIZATION ( #1019, #693 ) ;
#279 = DIRECTION ( 'NONE',  ( -3.255014963930502918E-15, 0.000000000000000000, -1.000000000000000000 ) ) ;
#280 = DIRECTION ( 'NONE',  ( 0.000000000000000000, 0.000000000000000000, 1.000000000000000000 ) ) ;
#281 = CC_DESIGN_PERSON_AND_ORGANIZATION_ASSIGNMENT ( #960, #1128, ( #419 ) ) ;
#282 = ADVANCED_FACE ( 'NONE', ( #566 ), #712, .T. ) ;
#283 = CARTESIAN_POINT ( 'NONE',  ( 5.500000000000031086, 3.000000000000000000, 3.175426480542889784 ) ) ;
#284 = DIRECTION ( 'NONE',  ( -0.000000000000000000, 1.000000000000000000, -0.000000000000000000 ) ) ;
#285 = VECTOR ( 'NONE', #2162, 1000.000000000000000 ) ;
#286 = FACE_OUTER_BOUND ( 'NONE', #387, .T. ) ;
#287 = CIRCLE ( 'NONE', #1184, 1.499999999999994449 ) ;
#288 = ORIENTED_EDGE ( 'NONE', *, *, #1183, .F. ) ;
#289 = AXIS2_PLACEMENT_3D ( 'NONE', #2157, #845, #1350 ) ;
#290 = CARTESIAN_POINT ( 'NONE',  ( 5.999999999999962697, 0.000000000000000000, -3.464101615137825885 ) ) ;
#291 = ORIENTED_EDGE ( 'NONE', *, *, #87, .F. ) ;
#292 = CALENDAR_DATE ( 2026, 12, 1 ) ;
#293 = CC_DESIGN_APPROVAL ( #621, ( #560 ) ) ;
#294 = LINE ( 'NONE', #472, #1283 ) ;
#295 = PERSON_AND_ORGANIZATION ( #212, #1931 ) ;
#296 = EDGE_LOOP ( 'NONE', ( #879, #1212, #1055, #1771 ) ) ;
#297 = DIRECTION ( 'NONE',  ( 0.8660254037844414832, 0.000000000000000000, 0.4999999999999951705 ) ) ;
#298 = CARTESIAN_POINT ( 'NONE',  ( 2.449293598294706414E-16, 0.5000000000000023315, -2.000000000000000000 ) ) ;
#299 = EDGE_LOOP ( 'NONE', ( #1134, #1662, #603, #343 ) ) ;
#300 = EDGE_CURVE ( 'NONE', #473, #308, #26, .T. ) ;
#301 = DIRECTION ( 'NONE',  ( 0.000000000000000000, 1.000000000000000000, 0.000000000000000000 ) ) ;
#302 = ORIENTED_EDGE ( 'NONE', *, *, #503, .F. ) ;
#303 = APPROVAL_ROLE ( '' ) ;
#304 = CARTESIAN_POINT ( 'NONE',  ( 0.000000000000000000, 9.499999999999996447, 0.000000000000000000 ) ) ;
#305 = ORIENTED_EDGE ( 'NONE', *, *, #640, .T. ) ;
#306 = LINE ( 'NONE', #2112, #1854 ) ;
#307 = DIRECTION ( 'NONE',  ( 1.051620219116008581E-14, 0.000000000000000000, 1.000000000000000000 ) ) ;
#308 = VERTEX_POINT ( 'NONE', #1889 ) ;
#309 = EDGE_CURVE ( 'NONE', #901, #91, #1066, .T. ) ;
#310 = CARTESIAN_POINT ( 'NONE',  ( 0.000000000000000000, 0.4999999999999995559, -6.928203230275514990 ) ) ;
#311 = EDGE_LOOP ( 'NONE', ( #334, #1075, #1943, #1108 ) ) ;
#312 = COORDINATED_UNIVERSAL_TIME_OFFSET ( 3, 0, .AHEAD. ) ;
#313 = AXIS2_PLACEMENT_3D ( 'NONE', #1880, #41, #373 ) ;
#314 = DIRECTION ( 'NONE',  ( 0.000000000000000000, 0.000000000000000000, -1.000000000000000000 ) ) ;
#315 = DATE_AND_TIME ( #2151, #1539 ) ;
#316 = ORIENTED_EDGE ( 'NONE', *, *, #1766, .F. ) ;
#317 = DIRECTION ( 'NONE',  ( -0.000000000000000000, 1.000000000000000000, -0.000000000000000000 ) ) ;
#318 = CARTESIAN_POINT ( 'NONE',  ( -6.000000000000011546, 7.000000000000000000, -3.464101615137742840 ) ) ;
#319 = AXIS2_PLACEMENT_3D ( 'NONE', #578, #1402, #1582 ) ;
#320 = ORIENTED_EDGE ( 'NONE', *, *, #698, .F. ) ;
#321 = CIRCLE ( 'NONE', #64, 2.000000000000000000 ) ;
#322 = VECTOR ( 'NONE', #2026, 1000.000000000000000 ) ;
#323 = CARTESIAN_POINT ( 'NONE',  ( 0.000000000000000000, 2.200000000000000178, 0.000000000000000000 ) ) ;
#324 = ORIENTED_EDGE ( 'NONE', *, *, #1358, .F. ) ;
#325 = EDGE_CURVE ( 'NONE', #396, #922, #247, .T. ) ;
#326 = CC_DESIGN_APPROVAL ( #1259, ( #2114 ) ) ;
#327 = CARTESIAN_POINT ( 'NONE',  ( -5.999999999999987566, 0.000000000000000000, 3.464101615137783252 ) ) ;
#328 = LOCAL_TIME ( 15, 9, 33.00000000000000000, #1274 ) ;
#329 = CALENDAR_DATE ( 2026, 12, 1 ) ;
#330 = EDGE_CURVE ( 'NONE', #376, #812, #380, .T. ) ;
#331 = ORIENTED_EDGE ( 'NONE', *, *, #1728, .F. ) ;
#332 = CARTESIAN_POINT ( 'NONE',  ( -2.750000000000005773, 0.000000000000000000, -4.763139720814408840 ) ) ;
#333 = CARTESIAN_POINT ( 'NONE',  ( -5.750000000000009770, 3.000000000000000000, -3.031088913245522320 ) ) ;
#334 = ORIENTED_EDGE ( 'NONE', *, *, #1558, .F. ) ;
#335 = DIRECTION ( 'NONE',  ( -0.8660254037844344888, 0.000000000000000000, 0.5000000000000071054 ) ) ;
#336 = PERSON_AND_ORGANIZATION_ROLE ( 'design_owner' ) ;
#337 = CC_DESIGN_PERSON_AND_ORGANIZATION_ASSIGNMENT ( #672, #850, ( #1505 ) ) ;
#338 = DIRECTION ( 'NONE',  ( 0.000000000000000000, 1.000000000000000000, 0.000000000000000000 ) ) ;
#339 = EDGE_CURVE ( 'NONE', #79, #749, #1352, .T. ) ;
#340 = PLANE ( 'NONE',  #1715 ) ;
#341 = FACE_OUTER_BOUND ( 'NONE', #1165, .T. ) ;
#342 = CARTESIAN_POINT ( 'NONE',  ( 0.000000000000000000, -1.214285714285682882, -4.948716593053974933 ) ) ;
#343 = ORIENTED_EDGE ( 'NONE', *, *, #116, .F. ) ;
#344 = EDGE_LOOP ( 'NONE', ( #1675, #615, #1225, #1529 ) ) ;
#345 = PERSON_AND_ORGANIZATION_ROLE ( 'classification_officer' ) ;
#346 = VECTOR ( 'NONE', #495, 1000.000000000000000 ) ;
#347 = LINE ( 'NONE', #194, #967 ) ;
#348 = DIRECTION ( 'NONE',  ( 8.659560562354932858E-17, 0.7071067811865474617, -0.7071067811865474617 ) ) ;
#349 = DIRECTION ( 'NONE',  ( -0.000000000000000000, -1.000000000000000000, -0.000000000000000000 ) ) ;
#350 = EDGE_CURVE ( 'NONE', #166, #668, #581, .T. ) ;
#351 = CIRCLE ( 'NONE', #624, 6.000000000000000888 ) ;
#352 = FACE_OUTER_BOUND ( 'NONE', #542, .T. ) ;
#353 = ORIENTED_EDGE ( 'NONE', *, *, #1602, .F. ) ;
#354 = VECTOR ( 'NONE', #1029, 999.9999999999998863 ) ;
#355 = AXIS2_PLACEMENT_3D ( 'NONE', #1593, #751, #273 ) ;
#356 = DATE_AND_TIME ( #329, #1052 ) ;
#357 = APPROVAL_PERSON_ORGANIZATION ( #278, #56, #2090 ) ;
#358 = CARTESIAN_POINT ( 'NONE',  ( 3.061616997868391523E-16, 3.000000000000000000, -2.500000000000007550 ) ) ;
#359 = CARTESIAN_POINT ( 'NONE',  ( 0.000000000000000000, 0.000000000000000000, -2.499999999999998668 ) ) ;
#360 = EDGE_CURVE ( 'NONE', #1373, #1062, #1081, .T. ) ;
#361 = PLANE ( 'NONE',  #1538 ) ;
#362 = ORIENTED_EDGE ( 'NONE', *, *, #517, .T. ) ;
#363 = CARTESIAN_POINT ( 'NONE',  ( 4.837938458043934978E-14, 0.5000000000000013323, 6.928203230275514102 ) ) ;
#364 = ORIENTED_EDGE ( 'NONE', *, *, #1851, .T. ) ;
#365 = APPROVAL_DATE_TIME ( #1518, #847 ) ;
#366 = PLANE ( 'NONE',  #719 ) ;
#367 = CARTESIAN_POINT ( 'NONE',  ( 4.837938458043933716E-14, 7.000000000000000000, 6.928203230275513214 ) ) ;
#368 = CC_DESIGN_PERSON_AND_ORGANIZATION_ASSIGNMENT ( #270, #463, ( #1000 ) ) ;
#369 = EDGE_CURVE ( 'NONE', #1912, #1281, #1598, .T. ) ;
#370 = LINE ( 'NONE', #1234, #1390 ) ;
#371 = ORIENTED_EDGE ( 'NONE', *, *, #1994, .T. ) ;
#372 = COORDINATED_UNIVERSAL_TIME_OFFSET ( 3, 0, .AHEAD. ) ;
#373 = DIRECTION ( 'NONE',  ( 0.000000000000000000, 0.000000000000000000, -1.000000000000000000 ) ) ;
#374 = CARTESIAN_POINT ( 'NONE',  ( 0.000000000000000000, 0.000000000000000000, -6.928203230275514102 ) ) ;
#375 = AXIS2_PLACEMENT_3D ( 'NONE', #2108, #85, #1399 ) ;
#376 = VERTEX_POINT ( 'NONE', #391 ) ;
#377 = VECTOR ( 'NONE', #474, 1000.000000000000000 ) ;
#378 = DIRECTION ( 'NONE',  ( 0.000000000000000000, 0.000000000000000000, -1.000000000000000000 ) ) ;
#379 = APPROVAL_STATUS ( 'not_yet_approved' ) ;
#380 = LINE ( 'NONE', #1935, #616 ) ;
#381 = EDGE_CURVE ( 'NONE', #1233, #816, #758, .T. ) ;
#382 = CIRCLE ( 'NONE', #1613, 6.000000000000000888 ) ;
#383 = DIRECTION ( 'NONE',  ( 0.000000000000000000, 0.000000000000000000, 1.000000000000000000 ) ) ;
#384 = VECTOR ( 'NONE', #1173, 1000.000000000000000 ) ;
#385 = FACE_OUTER_BOUND ( 'NONE', #2152, .T. ) ;
#386 = LOCAL_TIME ( 15, 9, 33.00000000000000000, #1587 ) ;
#387 = EDGE_LOOP ( 'NONE', ( #1004, #1622, #1345, #117 ) ) ;
#388 = CARTESIAN_POINT ( 'NONE',  ( 0.000000000000000000, 0.000000000000000000, 0.000000000000000000 ) ) ;
#389 = ORIENTED_EDGE ( 'NONE', *, *, #1316, .T. ) ;
#390 = MECHANICAL_CONTEXT ( 'NONE', #6, 'mechanical' ) ;
#391 = CARTESIAN_POINT ( 'NONE',  ( 6.000000000000034639, 0.000000000000000000, 3.464101615137700652 ) ) ;
#392 = CC_DESIGN_PERSON_AND_ORGANIZATION_ASSIGNMENT ( #891, #1395, ( #2004 ) ) ;
#393 = EDGE_CURVE ( 'NONE', #1127, #1448, #412, .T. ) ;
#394 = ORIENTED_EDGE ( 'NONE', *, *, #1334, .F. ) ;
#395 = LINE ( 'NONE', #1606, #689 ) ;
#396 = VERTEX_POINT ( 'NONE', #735 ) ;
#397 = DIRECTION ( 'NONE',  ( 0.000000000000000000, -1.000000000000000000, 0.000000000000000000 ) ) ;
#398 = ORIENTED_EDGE ( 'NONE', *, *, #24, .T. ) ;
#399 = DATE_AND_TIME ( #734, #2107 ) ;
#400 = DIRECTION ( 'NONE',  ( -3.255014963930502918E-15, 0.000000000000000000, -1.000000000000000000 ) ) ;
#401 = ORIENTED_EDGE ( 'NONE', *, *, #173, .T. ) ;
#402 = FACE_OUTER_BOUND ( 'NONE', #855, .T. ) ;
#403 = LINE ( 'NONE', #1072, #628 ) ;
#404 = ADVANCED_FACE ( 'NONE', ( #726 ), #1988, .F. ) ;
#405 = CLOSED_SHELL ( 'NONE', ( #1408, #1811, #1633, #797, #468, #256, #1983, #1205, #1915, #476, #2083, #1135, #1970, #697, #1700, #2164, #1603, #1623, #681, #1687, #636, #945, #282, #188, #1074, #404 ) ) ;
#406 = VERTEX_POINT ( 'NONE', #1431 ) ;
#407 = EDGE_CURVE ( 'NONE', #231, #1940, #884, .T. ) ;
#408 = CARTESIAN_POINT ( 'NONE',  ( 0.000000000000000000, -13.00000000000000178, 0.000000000000000000 ) ) ;
#409 = ORIENTED_EDGE ( 'NONE', *, *, #916, .T. ) ;
#410 = COORDINATED_UNIVERSAL_TIME_OFFSET ( 3, 0, .AHEAD. ) ;
#411 = VECTOR ( 'NONE', #1210, 1000.000000000000000 ) ;
#412 = LINE ( 'NONE', #917, #205 ) ;
#413 = CIRCLE ( 'NONE', #105, 1.499999999999994449 ) ;
#414 = AXIS2_PLACEMENT_3D ( 'NONE', #1656, #1133, #1960 ) ;
#415 = ORIENTED_EDGE ( 'NONE', *, *, #1766, .T. ) ;
#416 = CARTESIAN_POINT ( 'NONE',  ( 3.469446951953614189E-14, 3.785714285714292249, 5.443588252359324642 ) ) ;
#417 = CARTESIAN_POINT ( 'NONE',  ( 2.449293598294706414E-16, 2.499999999999996003, -2.000000000000000000 ) ) ;
#418 = AXIS2_PLACEMENT_3D ( 'NONE', #1842, #185, #506 ) ;
#419 = SECURITY_CLASSIFICATION ( '', '', #937 ) ;
#420 = EDGE_LOOP ( 'NONE', ( #235, #1343, #1045, #778, #1048 ) ) ;
#421 = ADVANCED_FACE ( 'NONE', ( #1748, #1738 ), #263, .T. ) ;
#422 = CARTESIAN_POINT ( 'NONE',  ( -6.000000000000011546, 0.000000000000000000, -3.464101615137742840 ) ) ;
#423 = ORIENTED_EDGE ( 'NONE', *, *, #339, .F. ) ;
#424 = DATE_AND_TIME ( #1282, #875 ) ;
#425 = DIRECTION ( 'NONE',  ( -1.039100930793199338E-14, 0.000000000000000000, -1.000000000000000000 ) ) ;
#426 = CARTESIAN_POINT ( 'NONE',  ( 0.000000000000000000, 0.6999999999999999556, 0.000000000000000000 ) ) ;
#427 = SHAPE_REPRESENTATION_RELATIONSHIP ( 'NONE' , 'NONE' ,  #1487, #1594 ) ;
#428 = ORIENTED_EDGE ( 'NONE', *, *, #1061, .T. ) ;
#429 = CARTESIAN_POINT ( 'NONE',  ( -2.749999999999970690, 3.000000000000000000, 4.763139720814427491 ) ) ;
#430 = CARTESIAN_POINT ( 'NONE',  ( 0.000000000000000000, 0.000000000000000000, 6.000000000000000888 ) ) ;
#431 = ORIENTED_EDGE ( 'NONE', *, *, #1851, .F. ) ;
#432 = CARTESIAN_POINT ( 'NONE',  ( 0.000000000000000000, 2.200000000000000178, 0.000000000000000000 ) ) ;
#433 = ORIENTED_EDGE ( 'NONE', *, *, #241, .F. ) ;
#434 = APPROVAL_STATUS ( 'not_yet_approved' ) ;
#435 = EDGE_CURVE ( 'NONE', #2018, #572, #1085, .T. ) ;
#436 = APPLICATION_CONTEXT ( 'configuration controlled 3d designs of mechanical parts and assemblies' ) ;
#437 = CYLINDRICAL_SURFACE ( 'NONE', #211, 2.000000000000000000 ) ;
#438 = APPROVAL_DATE_TIME ( #1947, #1531 ) ;
#439 = ORIENTED_EDGE ( 'NONE', *, *, #369, .F. ) ;
#440 = CARTESIAN_POINT ( 'NONE',  ( -5.499999999999988454, 3.000000000000000000, 3.175426480542969276 ) ) ;
#441 = DIRECTION ( 'NONE',  ( -0.3535533905932788379, 0.7071067811865474617, -0.6123724356957915838 ) ) ;
#442 = ORIENTED_EDGE ( 'NONE', *, *, #780, .T. ) ;
#443 = AXIS2_PLACEMENT_3D ( 'NONE', #744, #1564, #400 ) ;
#444 = DIRECTION ( 'NONE',  ( 0.000000000000000000, -1.000000000000000000, 0.000000000000000000 ) ) ;
#445 = ORIENTED_EDGE ( 'NONE', *, *, #2143, .F. ) ;
#446 = DATE_AND_TIME ( #94, #843 ) ;
#447 = CARTESIAN_POINT ( 'NONE',  ( 0.000000000000000000, -13.00000000000000178, 0.000000000000000000 ) ) ;
#448 = CARTESIAN_POINT ( 'NONE',  ( 0.000000000000000000, 0.000000000000000000, 0.000000000000000000 ) ) ;
#449 = VECTOR ( 'NONE', #134, 1000.000000000000114 ) ;
#450 = EDGE_CURVE ( 'NONE', #127, #1062, #714, .T. ) ;
#451 = FACE_OUTER_BOUND ( 'NONE', #1607, .T. ) ;
#452 = DIRECTION ( 'NONE',  ( 1.051620219116008581E-14, 0.000000000000000000, 1.000000000000000000 ) ) ;
#453 = VECTOR ( 'NONE', #573, 1000.000000000000114 ) ;
#454 = PLANE ( 'NONE',  #1123 ) ;
#455 = VECTOR ( 'NONE', #1297, 1000.000000000000000 ) ;
#456 =( REPRESENTATION_RELATIONSHIP ('NONE','NONE', #1803, #507 ) REPRESENTATION_RELATIONSHIP_WITH_TRANSFORMATION ( #600 )SHAPE_REPRESENTATION_RELATIONSHIP( ) );
#457 = VECTOR ( 'NONE', #1292, 1000.000000000000000 ) ;
#458 = CARTESIAN_POINT ( 'NONE',  ( 4.714285714285741946, 3.785714285714287364, 2.721794126179618356 ) ) ;
#459 = ORIENTED_EDGE ( 'NONE', *, *, #1533, .F. ) ;
#460 = ITEM_DEFINED_TRANSFORMATION ( 'NONE', 'NONE', #1863,  #662 ) ;
#461 = CC_DESIGN_APPROVAL ( #1848, ( #186 ) ) ;
#462 = DIRECTION ( 'NONE',  ( -0.000000000000000000, 1.000000000000000000, -0.000000000000000000 ) ) ;
#463 = PERSON_AND_ORGANIZATION_ROLE ( 'design_owner' ) ;
#464 = LINE ( 'NONE', #1131, #1777 ) ;
#465 = CARTESIAN_POINT ( 'NONE',  ( -1.219727444046190763E-16, 2.499999999999996003, -6.928203230275514990 ) ) ;
#466 = FACE_OUTER_BOUND ( 'NONE', #471, .T. ) ;
#467 = CC_DESIGN_PERSON_AND_ORGANIZATION_ASSIGNMENT ( #1816, #1115, ( #2114 ) ) ;
#468 = ADVANCED_FACE ( 'NONE', ( #544 ), #1054, .F. ) ;
#469 = EDGE_LOOP ( 'NONE', ( #1221, #2078, #19, #2123 ) ) ;
#470 = DIRECTION ( 'NONE',  ( 0.000000000000000000, 1.000000000000000000, 0.000000000000000000 ) ) ;
#471 = EDGE_LOOP ( 'NONE', ( #1481, #1591, #130, #1239 ) ) ;
#472 = CARTESIAN_POINT ( 'NONE',  ( 0.000000000000000000, 10.00000000000000000, -6.928203230275514102 ) ) ;
#473 = VERTEX_POINT ( 'NONE', #750 ) ;
#474 = DIRECTION ( 'NONE',  ( -0.000000000000000000, -1.000000000000000000, -0.000000000000000000 ) ) ;
#475 = LINE ( 'NONE', #153, #457 ) ;
#476 = ADVANCED_FACE ( 'NONE', ( #385, #1592 ), #1761, .T. ) ;
#477 = ORIENTED_EDGE ( 'NONE', *, *, #811, .F. ) ;
#478 = ADVANCED_FACE ( 'NONE', ( #402 ), #878, .T. ) ;
#479 = CARTESIAN_POINT ( 'NONE',  ( -6.000000000000012434, 2.499999999999996003, -3.464101615137743728 ) ) ;
#480 = ORIENTED_EDGE ( 'NONE', *, *, #1467, .T. ) ;
#481 = AXIS2_PLACEMENT_3D ( 'NONE', #1681, #32, #23 ) ;
#482 = LINE ( 'NONE', #492, #487 ) ;
#483 =( NAMED_UNIT ( * ) PLANE_ANGLE_UNIT ( ) SI_UNIT ( $, .RADIAN. ) );
#484 = ORIENTED_EDGE ( 'NONE', *, *, #1439, .T. ) ;
#485 = DIRECTION ( 'NONE',  ( -0.000000000000000000, -1.000000000000000000, -0.000000000000000000 ) ) ;
#486 = CIRCLE ( 'NONE', #174, 4.000000000000000000 ) ;
#487 = VECTOR ( 'NONE', #1898, 999.9999999999998863 ) ;
#488 = CARTESIAN_POINT ( 'NONE',  ( 6.000000000000034639, 7.000000000000000000, 3.464101615137700652 ) ) ;
#489 = EDGE_LOOP ( 'NONE', ( #2111, #98, #792, #1869 ) ) ;
#490 = ADVANCED_FACE ( 'NONE', ( #1905, #236 ), #1071, .T. ) ;
#491 = EDGE_CURVE ( 'NONE', #1404, #155, #1043, .T. ) ;
#492 = CARTESIAN_POINT ( 'NONE',  ( 0.000000000000000000, 7.000000000000000000, -6.928203230275514102 ) ) ;
#493 = SECURITY_CLASSIFICATION ( '', '', #30 ) ;
#494 = DATE_AND_TIME ( #1346, #1329 ) ;
#495 = DIRECTION ( 'NONE',  ( -0.000000000000000000, 1.000000000000000000, -0.000000000000000000 ) ) ;
#496 = PLANE ( 'NONE',  #1328 ) ;
#497 = DESIGN_CONTEXT ( 'detailed design', #221, 'design' ) ;
#498 = LINE ( 'NONE', #7, #182 ) ;
#499 = VERTEX_POINT ( 'NONE', #1257 ) ;
#500 = PERSON_AND_ORGANIZATION_ROLE ( 'classification_officer' ) ;
#501 = DIRECTION ( 'NONE',  ( 0.7071067811865487940, 0.7071067811865462405, -7.436077881698140162E-15 ) ) ;
#502 = PERSON_AND_ORGANIZATION ( #212, #1931 ) ;
#503 = EDGE_CURVE ( 'NONE', #308, #473, #656, .T. ) ;
#504 = CARTESIAN_POINT ( 'NONE',  ( 5.499999999999964473, 3.000000000000000000, -3.175426480543008800 ) ) ;
#505 = DIRECTION ( 'NONE',  ( -1.051620219116008581E-14, 0.000000000000000000, -1.000000000000000000 ) ) ;
#506 = DIRECTION ( 'NONE',  ( 0.000000000000000000, 0.000000000000000000, 1.000000000000000000 ) ) ;
#507 = SHAPE_REPRESENTATION ( '753124.036-01  стойка', ( #662 ), #1469 ) ;
#508 = CARTESIAN_POINT ( 'NONE',  ( 0.000000000000000000, 0.000000000000000000, 0.000000000000000000 ) ) ;
#509 = VERTEX_POINT ( 'NONE', #1411 ) ;
#510 = FACE_OUTER_BOUND ( 'NONE', #1730, .T. ) ;
#511 = ORIENTED_EDGE ( 'NONE', *, *, #201, .F. ) ;
#512 = APPROVAL_DATE_TIME ( #356, #595 ) ;
#513 = AXIS2_PLACEMENT_3D ( 'NONE', #543, #674, #2021 ) ;
#514 = FACE_OUTER_BOUND ( 'NONE', #828, .T. ) ;
#515 = CARTESIAN_POINT ( 'NONE',  ( 2.755455298081544285E-16, 0.000000000000000000, -2.250000000000000000 ) ) ;
#516 = CARTESIAN_POINT ( 'NONE',  ( 0.000000000000000000, -0.5000000000000000000, 2.000000000000000000 ) ) ;
#517 = EDGE_CURVE ( 'NONE', #2071, #1899, #89, .T. ) ;
#518 = VECTOR ( 'NONE', #764, 1000.000000000000114 ) ;
#519 = PLANE ( 'NONE',  #217 ) ;
#520 = ORIENTED_EDGE ( 'NONE', *, *, #957, .F. ) ;
#521 = CIRCLE ( 'NONE', #800, 6.000000000000000888 ) ;
#522 = AXIS2_PLACEMENT_3D ( 'NONE', #1308, #470, #2006 ) ;
#523 = DIRECTION ( 'NONE',  ( 0.000000000000000000, 1.000000000000000000, 0.000000000000000000 ) ) ;
#524 = ORIENTED_EDGE ( 'NONE', *, *, #1480, .T. ) ;
#525 = PERSON_AND_ORGANIZATION ( #212, #1931 ) ;
#526 = AXIS2_PLACEMENT_3D ( 'NONE', #1022, #2044, #1042 ) ;
#527 = CC_DESIGN_SECURITY_CLASSIFICATION ( #1017, ( #2169 ) ) ;
#528 = DIRECTION ( 'NONE',  ( -0.000000000000000000, -1.000000000000000000, -0.000000000000000000 ) ) ;
#529 = FACE_OUTER_BOUND ( 'NONE', #1294, .T. ) ;
#530 = FACE_BOUND ( 'NONE', #1823, .T. ) ;
#531 = EDGE_CURVE ( 'NONE', #155, #812, #1076, .T. ) ;
#532 = EDGE_CURVE ( 'NONE', #1940, #1319, #43, .T. ) ;
#533 = PRODUCT_DEFINITION_SHAPE ( 'NONE', 'NONE',  #1051 ) ;
#534 = VERTEX_POINT ( 'NONE', #716 ) ;
#535 = FACE_OUTER_BOUND ( 'NONE', #2040, .T. ) ;
#536 = DATE_AND_TIME ( #1901, #873 ) ;
#537 = CARTESIAN_POINT ( 'NONE',  ( 2.755455298081544285E-16, 2.200000000000000178, -2.250000000000000000 ) ) ;
#538 = CARTESIAN_POINT ( 'NONE',  ( 5.999999999999963585, 2.499999999999996447, -3.464101615137826773 ) ) ;
#539 = ORIENTED_EDGE ( 'NONE', *, *, #300, .T. ) ;
#540 = EDGE_CURVE ( 'NONE', #1919, #1383, #1387, .T. ) ;
#541 = DIRECTION ( 'NONE',  ( 0.000000000000000000, -1.000000000000000000, 0.000000000000000000 ) ) ;
#542 = EDGE_LOOP ( 'NONE', ( #886, #423, #2007, #763 ) ) ;
#543 = CARTESIAN_POINT ( 'NONE',  ( 2.749999999999984013, 3.000000000000000000, -4.763139720814447919 ) ) ;
#544 = FACE_OUTER_BOUND ( 'NONE', #28, .T. ) ;
#545 = ORIENTED_EDGE ( 'NONE', *, *, #1423, .T. ) ;
#546 = AXIS2_PLACEMENT_3D ( 'NONE', #2064, #1923, #1567 ) ;
#547 = CARTESIAN_POINT ( 'NONE',  ( -6.000000000000012434, 0.5000000000000004441, -3.464101615137743728 ) ) ;
#548 = EDGE_LOOP ( 'NONE', ( #1440, #73, #731, #291 ) ) ;
#549 = DATE_AND_TIME ( #711, #111 ) ;
#550 = PRODUCT_RELATED_PRODUCT_CATEGORY ( 'detail', '', ( #1000 ) ) ;
#551 = ADVANCED_FACE ( 'NONE', ( #125 ), #604, .F. ) ;
#552 = CARTESIAN_POINT ( 'NONE',  ( 0.000000000000000000, 10.00000000000000000, 0.000000000000000000 ) ) ;
#553 = AXIS2_PLACEMENT_3D ( 'NONE', #1775, #1090, #1963 ) ;
#554 =( NAMED_UNIT ( * ) SI_UNIT ( $, .STERADIAN. ) SOLID_ANGLE_UNIT ( ) );
#555 = UNCERTAINTY_MEASURE_WITH_UNIT (LENGTH_MEASURE( 1.000000000000000082E-05 ), #568, 'distance_accuracy_value', 'NONE');
#556 = AXIS2_PLACEMENT_3D ( 'NONE', #115, #1304, #307 ) ;
#557 = ORIENTED_EDGE ( 'NONE', *, *, #1118, .T. ) ;
#558 = CARTESIAN_POINT ( 'NONE',  ( 0.000000000000000000, 9.499999999999996447, 2.000000000000000000 ) ) ;
#559 = LINE ( 'NONE', #1412, #1360 ) ;
#560 = SECURITY_CLASSIFICATION ( '', '', #1058 ) ;
#561 = ORIENTED_EDGE ( 'NONE', *, *, #360, .F. ) ;
#562 =( REPRESENTATION_RELATIONSHIP ('NONE','NONE', #1803, #883 ) REPRESENTATION_RELATIONSHIP_WITH_TRANSFORMATION ( #460 )SHAPE_REPRESENTATION_RELATIONSHIP( ) );
#563 = DIRECTION ( 'NONE',  ( 0.000000000000000000, -1.000000000000000000, 0.000000000000000000 ) ) ;
#564 = ORIENTED_EDGE ( 'NONE', *, *, #1519, .T. ) ;
#565 = APPROVAL_STATUS ( 'not_yet_approved' ) ;
#566 = FACE_OUTER_BOUND ( 'NONE', #2166, .T. ) ;
#567 = EDGE_CURVE ( 'NONE', #737, #728, #1980, .T. ) ;
#568 =( LENGTH_UNIT ( ) NAMED_UNIT ( * ) SI_UNIT ( .MILLI., .METRE. ) );
#569 = ORIENTED_EDGE ( 'NONE', *, *, #658, .F. ) ;
#570 = DIRECTION ( 'NONE',  ( 0.000000000000000000, 0.000000000000000000, 1.000000000000000000 ) ) ;
#571 = DIRECTION ( 'NONE',  ( -0.8660254037844380415, 0.000000000000000000, 0.5000000000000011102 ) ) ;
#572 = VERTEX_POINT ( 'NONE', #787 ) ;
#573 = DIRECTION ( 'NONE',  ( 0.000000000000000000, 0.7071067811865474617, 0.7071067811865474617 ) ) ;
#574 = DATE_TIME_ROLE ( 'classification_date' ) ;
#575 = DIRECTION ( 'NONE',  ( 0.000000000000000000, 1.000000000000000000, 0.000000000000000000 ) ) ;
#576 = SHAPE_REPRESENTATION_RELATIONSHIP ( 'NONE' , 'NONE' ,  #507, #1246 ) ;
#577 = ORIENTED_EDGE ( 'NONE', *, *, #531, .T. ) ;
#578 = CARTESIAN_POINT ( 'NONE',  ( 0.000000000000000000, 2.200000000000000178, 0.000000000000000000 ) ) ;
#579 = FACE_OUTER_BOUND ( 'NONE', #299, .T. ) ;
#580 = EDGE_CURVE ( 'NONE', #2147, #1559, #306, .T. ) ;
#581 = CIRCLE ( 'NONE', #1820, 4.500000000000000000 ) ;
#582 = CARTESIAN_POINT ( 'NONE',  ( 3.061616997868393988E-16, 10.00000000000000000, -2.500000000000009326 ) ) ;
#583 = EDGE_LOOP ( 'NONE', ( #1741, #606 ) ) ;
#584 = SECURITY_CLASSIFICATION_LEVEL ( 'unclassified' ) ;
#585 = CIRCLE ( 'NONE', #1499, 4.500000000000000000 ) ;
#586 = DIRECTION ( 'NONE',  ( 0.3535533905932790599, 0.7071067811865470176, 0.6123724356957920278 ) ) ;
#587 = FACE_OUTER_BOUND ( 'NONE', #1774, .T. ) ;
#588 = DIRECTION ( 'NONE',  ( 1.000000000000000000, 0.000000000000000000, 0.000000000000000000 ) ) ;
#589 = AXIS2_PLACEMENT_3D ( 'NONE', #426, #1600, #1769 ) ;
#590 = CONICAL_SURFACE ( 'NONE', #522, 1.499999999999994449, 0.7853981633974482790 ) ;
#591 = ORIENTED_EDGE ( 'NONE', *, *, #240, .F. ) ;
#592 = CARTESIAN_POINT ( 'NONE',  ( 0.000000000000000000, 0.000000000000000000, 0.000000000000000000 ) ) ;
#593 = DIRECTION ( 'NONE',  ( 0.3535533905932696785, 0.7071067811865484609, -0.6123724356957959136 ) ) ;
#594 = PRODUCT_DEFINITION_FORMATION_WITH_SPECIFIED_SOURCE ( 'ANY', '', #1000, .NOT_KNOWN. ) ;
#595 = APPROVAL ( #181, 'UNSPECIFIED' ) ;
#596 = LOCAL_TIME ( 15, 9, 33.00000000000000000, #1301 ) ;
#597 = ADVANCED_FACE ( 'NONE', ( #1605 ), #964, .F. ) ;
#598 = CARTESIAN_POINT ( 'NONE',  ( 0.000000000000000000, 0.6999999999999999556, 0.000000000000000000 ) ) ;
#599 = ORIENTED_EDGE ( 'NONE', *, *, #1452, .F. ) ;
#600 = ITEM_DEFINED_TRANSFORMATION ( 'NONE', 'NONE', #219,  #662 ) ;
#601 = LINE ( 'NONE', #1094, #1388 ) ;
#602 = PERSON_AND_ORGANIZATION ( #212, #1931 ) ;
#603 = ORIENTED_EDGE ( 'NONE', *, *, #1799, .F. ) ;
#604 = PLANE ( 'NONE',  #833 ) ;
#605 = FACE_OUTER_BOUND ( 'NONE', #1979, .T. ) ;
#606 = ORIENTED_EDGE ( 'NONE', *, *, #1219, .F. ) ;
#607 = LINE ( 'NONE', #935, #1609 ) ;
#608 = EDGE_LOOP ( 'NONE', ( #439, #1027, #1996 ) ) ;
#609 = CALENDAR_DATE ( 2026, 12, 1 ) ;
#610 = ADVANCED_FACE ( 'NONE', ( #626, #613 ), #1640, .T. ) ;
#611 = DIRECTION ( 'NONE',  ( -0.3535533905932752297, 0.7071067811865463515, -0.6123724356957952475 ) ) ;
#612 = DIRECTION ( 'NONE',  ( 0.000000000000000000, 0.000000000000000000, -1.000000000000000000 ) ) ;
#613 = FACE_OUTER_BOUND ( 'NONE', #1821, .T. ) ;
#614 = DIRECTION ( 'NONE',  ( -0.8660254037844415942, 0.000000000000000000, -0.4999999999999948375 ) ) ;
#615 = ORIENTED_EDGE ( 'NONE', *, *, #1903, .F. ) ;
#616 = VECTOR ( 'NONE', #425, 1000.000000000000000 ) ;
#617 = CARTESIAN_POINT ( 'NONE',  ( 4.837938458043934978E-14, 0.5000000000000013323, 6.928203230275514102 ) ) ;
#618 = ORIENTED_EDGE ( 'NONE', *, *, #450, .F. ) ;
#619 = APPROVAL_DATE_TIME ( #1271, #56 ) ;
#620 = DIRECTION ( 'NONE',  ( -0.000000000000000000, -1.000000000000000000, -0.000000000000000000 ) ) ;
#621 = APPROVAL ( #1226, 'UNSPECIFIED' ) ;
#622 = CALENDAR_DATE ( 2026, 12, 1 ) ;
#623 = EDGE_CURVE ( 'NONE', #1940, #1428, #99, .T. ) ;
#624 = AXIS2_PLACEMENT_3D ( 'NONE', #1815, #1114, #1453 ) ;
#625 = VERTEX_POINT ( 'NONE', #955 ) ;
#626 = FACE_BOUND ( 'NONE', #1659, .T. ) ;
#627 = CARTESIAN_POINT ( 'NONE',  ( 4.837938458043934978E-14, 2.499999999999995559, 6.928203230275514102 ) ) ;
#628 = VECTOR ( 'NONE', #975, 1000.000000000000000 ) ;
#629 = EDGE_LOOP ( 'NONE', ( #302, #1406 ) ) ;
#630 = PERSON_AND_ORGANIZATION ( #212, #1931 ) ;
#631 = CARTESIAN_POINT ( 'NONE',  ( 0.000000000000000000, 3.000000000000000000, 0.000000000000000000 ) ) ;
#632 = ORIENTED_EDGE ( 'NONE', *, *, #848, .F. ) ;
#633 = DATE_TIME_ROLE ( 'classification_date' ) ;
#634 = LINE ( 'NONE', #795, #1924 ) ;
#635 = PERSON_AND_ORGANIZATION ( #212, #1931 ) ;
#636 = ADVANCED_FACE ( 'NONE', ( #1276 ), #2153, .T. ) ;
#637 = DIRECTION ( 'NONE',  ( -0.6546536707079759765, 0.6546536707079760875, 0.3779644730092311389 ) ) ;
#638 = CARTESIAN_POINT ( 'NONE',  ( 5.510910596163088569E-16, 10.00000000000000000, -4.500000000000000000 ) ) ;
#639 = LINE ( 'NONE', #332, #946 ) ;
#640 = EDGE_CURVE ( 'NONE', #1856, #1270, #1972, .T. ) ;
#641 = VERTEX_POINT ( 'NONE', #440 ) ;
#642 = DIRECTION ( 'NONE',  ( 0.000000000000000000, 0.000000000000000000, -1.000000000000000000 ) ) ;
#643 = ORIENTED_EDGE ( 'NONE', *, *, #1118, .F. ) ;
#644 = FACE_OUTER_BOUND ( 'NONE', #1555, .T. ) ;
#645 = COORDINATED_UNIVERSAL_TIME_OFFSET ( 3, 0, .AHEAD. ) ;
#646 = ORIENTED_EDGE ( 'NONE', *, *, #1089, .T. ) ;
#647 = CARTESIAN_POINT ( 'NONE',  ( 0.000000000000000000, 10.00000000000000000, 0.000000000000000000 ) ) ;
#648 = LINE ( 'NONE', #801, #1968 ) ;
#649 = ADVANCED_FACE ( 'NONE', ( #776 ), #1629, .T. ) ;
#650 = CARTESIAN_POINT ( 'NONE',  ( 0.000000000000000000, 2.200000000000000178, 0.000000000000000000 ) ) ;
#651 = ORIENTED_EDGE ( 'NONE', *, *, #2101, .T. ) ;
#652 = VECTOR ( 'NONE', #908, 1000.000000000000114 ) ;
#653 = DIRECTION ( 'NONE',  ( 0.000000000000000000, -1.000000000000000000, 0.000000000000000000 ) ) ;
#654 = PERSON_AND_ORGANIZATION ( #212, #1931 ) ;
#655 = ORIENTED_EDGE ( 'NONE', *, *, #1185, .F. ) ;
#656 = CIRCLE ( 'NONE', #546, 4.500000000000000000 ) ;
#657 = VECTOR ( 'NONE', #1460, 1000.000000000000000 ) ;
#658 = EDGE_CURVE ( 'NONE', #668, #166, #585, .T. ) ;
#659 = ADVANCED_FACE ( 'NONE', ( #799 ), #2061, .T. ) ;
#660 = LINE ( 'NONE', #479, #1682 ) ;
#661 = VERTEX_POINT ( 'NONE', #1471 ) ;
#662 = AXIS2_PLACEMENT_3D ( 'NONE', #1238, #51, #1068 ) ;
#663 = CC_DESIGN_APPROVAL ( #1011, ( #594 ) ) ;
#664 = MECHANICAL_CONTEXT ( 'NONE', #2066, 'mechanical' ) ;
#665 = LINE ( 'NONE', #1712, #1315 ) ;
#666 = PLANE ( 'NONE',  #183 ) ;
#667 = PLANE ( 'NONE',  #1080 ) ;
#668 = VERTEX_POINT ( 'NONE', #638 ) ;
#669 = CARTESIAN_POINT ( 'NONE',  ( 0.000000000000000000, 2.499999999999996003, 0.000000000000000000 ) ) ;
#670 =( REPRESENTATION_RELATIONSHIP ('NONE','NONE', #1803, #1487 ) REPRESENTATION_RELATIONSHIP_WITH_TRANSFORMATION ( #1612 )SHAPE_REPRESENTATION_RELATIONSHIP( ) );
#671 = ORIENTED_EDGE ( 'NONE', *, *, #1548, .F. ) ;
#672 = PERSON_AND_ORGANIZATION ( #212, #1931 ) ;
#673 = ADVANCED_FACE ( 'NONE', ( #2121 ), #1142, .T. ) ;
#674 = DIRECTION ( 'NONE',  ( 0.3535533905932708443, 0.7071067811865464625, -0.6123724356957975790 ) ) ;
#675 = CARTESIAN_POINT ( 'NONE',  ( 6.000000000000036415, 2.499999999999996003, 3.464101615137701096 ) ) ;
#676 = DIRECTION ( 'NONE',  ( 0.000000000000000000, 0.000000000000000000, 1.000000000000000000 ) ) ;
#677 = DIRECTION ( 'NONE',  ( 0.5000000000000011102, -0.000000000000000000, 0.8660254037844380415 ) ) ;
#678 = ORIENTED_EDGE ( 'NONE', *, *, #309, .F. ) ;
#679 = APPROVAL_ROLE ( '' ) ;
#680 = VECTOR ( 'NONE', #1348, 1000.000000000000000 ) ;
#681 = ADVANCED_FACE ( 'NONE', ( #1655 ), #1113, .F. ) ;
#682 = CARTESIAN_POINT ( 'NONE',  ( 0.000000000000000000, -0.5000000000000000000, 6.000000000000000888 ) ) ;
#683 = ADVANCED_FACE ( 'NONE', ( #1772 ), #272, .F. ) ;
#684 = LINE ( 'NONE', #2013, #1608 ) ;
#685 = FACE_OUTER_BOUND ( 'NONE', #1702, .T. ) ;
#686 = AXIS2_PLACEMENT_3D ( 'NONE', #304, #1778, #1443 ) ;
#687 = ORIENTED_EDGE ( 'NONE', *, *, #859, .F. ) ;
#688 = VECTOR ( 'NONE', #620, 1000.000000000000000 ) ;
#689 = VECTOR ( 'NONE', #1026, 1000.000000000000114 ) ;
#690 = DIRECTION ( 'NONE',  ( -0.5000000000000072164, 0.000000000000000000, -0.8660254037844345998 ) ) ;
#691 = COORDINATED_UNIVERSAL_TIME_OFFSET ( 3, 0, .AHEAD. ) ;
#692 = AXIS2_PLACEMENT_3D ( 'NONE', #1209, #383, #713 ) ;
#693 = ORGANIZATION ( 'NAUO-ORG1', 'UNSPECIFIED', 'UNSPECIFIED' ) ;
#694 = DIRECTION ( 'NONE',  ( 0.000000000000000000, -0.000000000000000000, 1.000000000000000000 ) ) ;
#695 = CARTESIAN_POINT ( 'NONE',  ( 6.000000000000034639, 7.000000000000000000, 3.464101615137700652 ) ) ;
#696 = CARTESIAN_POINT ( 'NONE',  ( 3.061616997868381662E-16, 0.000000000000000000, 2.499999999999998668 ) ) ;
#697 = ADVANCED_FACE ( 'NONE', ( #529 ), #366, .F. ) ;
#698 = EDGE_CURVE ( 'NONE', #190, #8, #684, .T. ) ;
#699 = ORIENTED_EDGE ( 'NONE', *, *, #1288, .F. ) ;
#700 = CARTESIAN_POINT ( 'NONE',  ( 7.347880794884120722E-16, -0.5000000000000000000, -6.000000000000000888 ) ) ;
#701 = ORIENTED_EDGE ( 'NONE', *, *, #330, .F. ) ;
#702 = DATE_TIME_ROLE ( 'creation_date' ) ;
#703 = DIRECTION ( 'NONE',  ( -0.000000000000000000, -1.000000000000000000, -0.000000000000000000 ) ) ;
#704 = CARTESIAN_POINT ( 'NONE',  ( 0.000000000000000000, 0.000000000000000000, 0.000000000000000000 ) ) ;
#705 = SHAPE_REPRESENTATION_RELATIONSHIP ( 'NONE' , 'NONE' ,  #883, #1514 ) ;
#706 = CARTESIAN_POINT ( 'NONE',  ( -5.999999999999989342, 2.499999999999995559, 3.464101615137784584 ) ) ;
#707 = CC_DESIGN_PERSON_AND_ORGANIZATION_ASSIGNMENT ( #2049, #1710, ( #1255 ) ) ;
#708 = EDGE_CURVE ( 'NONE', #749, #119, #2023, .T. ) ;
#709 = DIRECTION ( 'NONE',  ( -0.000000000000000000, 1.000000000000000000, -0.000000000000000000 ) ) ;
#710 = EDGE_LOOP ( 'NONE', ( #1057, #1552, #484, #1611, #1497 ) ) ;
#711 = CALENDAR_DATE ( 2026, 12, 1 ) ;
#712 = PLANE ( 'NONE',  #133 ) ;
#713 = DIRECTION ( 'NONE',  ( 1.000000000000000000, 0.000000000000000000, 0.000000000000000000 ) ) ;
#714 = CIRCLE ( 'NONE', #55, 2.500000000000007550 ) ;
#715 = ORIENTED_EDGE ( 'NONE', *, *, #1073, .T. ) ;
#716 = CARTESIAN_POINT ( 'NONE',  ( 0.000000000000000000, 0.000000000000000000, -6.928203230275514102 ) ) ;
#717 = DIRECTION ( 'NONE',  ( -0.000000000000000000, -1.000000000000000000, -0.000000000000000000 ) ) ;
#718 = EDGE_LOOP ( 'NONE', ( #1896, #1312 ) ) ;
#719 = AXIS2_PLACEMENT_3D ( 'NONE', #1340, #16, #505 ) ;
#720 = ADVANCED_FACE ( 'NONE', ( #1859 ), #1647, .F. ) ;
#721 = AXIS2_PLACEMENT_3D ( 'NONE', #388, #230, #1908 ) ;
#722 = DIRECTION ( 'NONE',  ( -0.8660254037844345998, -0.000000000000000000, 0.5000000000000072164 ) ) ;
#723 = ORIENTED_EDGE ( 'NONE', *, *, #708, .T. ) ;
#724 = PERSON_AND_ORGANIZATION_ROLE ( 'creator' ) ;
#725 = AXIS2_PLACEMENT_3D ( 'NONE', #741, #1610, #2116 ) ;
#726 = FACE_OUTER_BOUND ( 'NONE', #958, .T. ) ;
#727 =( GEOMETRIC_REPRESENTATION_CONTEXT ( 3 ) GLOBAL_UNCERTAINTY_ASSIGNED_CONTEXT ( ( #555 ) ) GLOBAL_UNIT_ASSIGNED_CONTEXT ( ( #568, #1911, #1565 ) ) REPRESENTATION_CONTEXT ( 'NONE', 'WORKASPACE' ) );
#728 = VERTEX_POINT ( 'NONE', #1021 ) ;
#729 = CARTESIAN_POINT ( 'NONE',  ( -3.082748177100947471E-17, 0.000000000000000000, -6.350852961085887927 ) ) ;
#730 = LOCAL_TIME ( 15, 9, 33.00000000000000000, #1321 ) ;
#731 = ORIENTED_EDGE ( 'NONE', *, *, #407, .F. ) ;
#732 = DIRECTION ( 'NONE',  ( 8.659560562354978464E-17, 0.7071067811865439090, -0.7071067811865512365 ) ) ;
#733 = ORIENTED_EDGE ( 'NONE', *, *, #898, .F. ) ;
#734 = CALENDAR_DATE ( 2026, 12, 1 ) ;
#735 = CARTESIAN_POINT ( 'NONE',  ( 4.547903534882335794E-14, 0.000000000000000000, 6.350852961085886150 ) ) ;
#736 = EDGE_CURVE ( 'NONE', #1952, #803, #1162, .T. ) ;
#737 = VERTEX_POINT ( 'NONE', #1324 ) ;
#738 = DIRECTION ( 'NONE',  ( 0.000000000000000000, 1.000000000000000000, 0.000000000000000000 ) ) ;
#739 = CARTESIAN_POINT ( 'NONE',  ( 0.000000000000000000, 3.000000000000000000, 2.000000000000000000 ) ) ;
#740 = ORIENTED_EDGE ( 'NONE', *, *, #1423, .F. ) ;
#741 = CARTESIAN_POINT ( 'NONE',  ( 0.000000000000000000, 0.7000000000000000666, 0.000000000000000000 ) ) ;
#742 = ORIENTED_EDGE ( 'NONE', *, *, #1711, .T. ) ;
#743 = SECURITY_CLASSIFICATION_LEVEL ( 'unclassified' ) ;
#744 = CARTESIAN_POINT ( 'NONE',  ( -6.000000000000012434, 3.000000000000000000, -3.464101615137743728 ) ) ;
#745 = LINE ( 'NONE', #1273, #688 ) ;
#746 =( NAMED_UNIT ( * ) SI_UNIT ( $, .STERADIAN. ) SOLID_ANGLE_UNIT ( ) );
#747 = CC_DESIGN_PERSON_AND_ORGANIZATION_ASSIGNMENT ( #1168, #2030, ( #1505 ) ) ;
#748 = EDGE_CURVE ( 'NONE', #509, #1875, #1824, .T. ) ;
#749 = VERTEX_POINT ( 'NONE', #831 ) ;
#750 = CARTESIAN_POINT ( 'NONE',  ( 5.510910596163088569E-16, 7.000000000000000000, -4.500000000000000000 ) ) ;
#751 = DIRECTION ( 'NONE',  ( 0.000000000000000000, 1.000000000000000000, 0.000000000000000000 ) ) ;
#752 = AXIS2_PLACEMENT_3D ( 'NONE', #1549, #887, #66 ) ;
#753 = ORIENTED_EDGE ( 'NONE', *, *, #1874, .T. ) ;
#754 = DIRECTION ( 'NONE',  ( -1.039100930793199338E-14, 0.000000000000000000, -1.000000000000000000 ) ) ;
#755 = VERTEX_POINT ( 'NONE', #1491 ) ;
#756 = SHAPE_DEFINITION_REPRESENTATION ( #533, #507 ) ;
#757 = VECTOR ( 'NONE', #227, 1000.000000000000000 ) ;
#758 = LINE ( 'NONE', #76, #1144 ) ;
#759 = CARTESIAN_POINT ( 'NONE',  ( 4.837938458043933716E-14, 10.00000000000000000, 6.928203230275513214 ) ) ;
#760 = PERSON_AND_ORGANIZATION_ROLE ( 'design_supplier' ) ;
#761 = AXIS2_PLACEMENT_3D ( 'NONE', #59, #1708, #2055 ) ;
#762 = CIRCLE ( 'NONE', #2034, 2.250000000000000000 ) ;
#763 = ORIENTED_EDGE ( 'NONE', *, *, #1648, .T. ) ;
#764 = DIRECTION ( 'NONE',  ( 0.8660254037844379305, 0.000000000000000000, -0.5000000000000011102 ) ) ;
#765 = DIRECTION ( 'NONE',  ( -0.8660254037844415942, 0.000000000000000000, -0.4999999999999950595 ) ) ;
#766 = CIRCLE ( 'NONE', #872, 7.000000000000000000 ) ;
#767 = CC_DESIGN_APPROVAL ( #595, ( #493 ) ) ;
#768 = EDGE_CURVE ( 'NONE', #1559, #88, #1195, .T. ) ;
#769 = APPROVAL_PERSON_ORGANIZATION ( #960, #2008, #1965 ) ;
#770 = DIRECTION ( 'NONE',  ( 0.000000000000000000, 0.000000000000000000, 1.000000000000000000 ) ) ;
#771 = ORIENTED_EDGE ( 'NONE', *, *, #240, .T. ) ;
#772 = APPROVAL_STATUS ( 'not_yet_approved' ) ;
#773 = FACE_OUTER_BOUND ( 'NONE', #1332, .T. ) ;
#774 = APPLICATION_PROTOCOL_DEFINITION ( 'international standard', 'config_control_design', 1994, #994 ) ;
#775 = CARTESIAN_POINT ( 'NONE',  ( 0.000000000000000000, 0.6999999999999999556, 0.000000000000000000 ) ) ;
#776 = FACE_OUTER_BOUND ( 'NONE', #192, .T. ) ;
#777 = DIRECTION ( 'NONE',  ( 0.4999999999999948375, 0.000000000000000000, -0.8660254037844415942 ) ) ;
#778 = ORIENTED_EDGE ( 'NONE', *, *, #172, .T. ) ;
#779 = CC_DESIGN_DATE_AND_TIME_ASSIGNMENT ( #157, #2159, ( #1993 ) ) ;
#780 = EDGE_CURVE ( 'NONE', #1420, #2071, #2002, .T. ) ;
#781 = DIRECTION ( 'NONE',  ( 0.000000000000000000, 0.000000000000000000, 1.000000000000000000 ) ) ;
#782 = VERTEX_POINT ( 'NONE', #1033 ) ;
#783 = COORDINATED_UNIVERSAL_TIME_OFFSET ( 3, 0, .AHEAD. ) ;
#784 = DIRECTION ( 'NONE',  ( -0.000000000000000000, -1.000000000000000000, -0.000000000000000000 ) ) ;
#785 =( LENGTH_UNIT ( ) NAMED_UNIT ( * ) SI_UNIT ( .MILLI., .METRE. ) );
#786 = CARTESIAN_POINT ( 'NONE',  ( 0.000000000000000000, 0.6999999999999999556, -4.000000000000000000 ) ) ;
#787 = CARTESIAN_POINT ( 'NONE',  ( 0.000000000000000000, 0.5000000000000013323, -6.928203230275514990 ) ) ;
#788 = CARTESIAN_POINT ( 'NONE',  ( 0.000000000000000000, 3.000000000000000000, 0.000000000000000000 ) ) ;
#789 = ORIENTED_EDGE ( 'NONE', *, *, #1317, .T. ) ;
#790 = CLOSED_SHELL ( 'NONE', ( #1160, #75, #2011, #478, #132, #986, #1484, #2036, #1652 ) ) ;
#791 = LINE ( 'NONE', #458, #1463 ) ;
#792 = ORIENTED_EDGE ( 'NONE', *, *, #1369, .F. ) ;
#793 = COORDINATED_UNIVERSAL_TIME_OFFSET ( 3, 0, .AHEAD. ) ;
#794 = EDGE_CURVE ( 'NONE', #60, #1290, #486, .T. ) ;
#795 = CARTESIAN_POINT ( 'NONE',  ( -5.500000000000000000, 0.000000000000000000, 1.790258230161776467E-14 ) ) ;
#796 = APPROVAL_STATUS ( 'not_yet_approved' ) ;
#797 = ADVANCED_FACE ( 'NONE', ( #1990 ), #340, .F. ) ;
#798 = CARTESIAN_POINT ( 'NONE',  ( 0.000000000000000000, 2.200000000000000178, -7.000000000000000000 ) ) ;
#799 = FACE_OUTER_BOUND ( 'NONE', #1776, .T. ) ;
#800 = AXIS2_PLACEMENT_3D ( 'NONE', #1077, #444, #1624 ) ;
#801 = CARTESIAN_POINT ( 'NONE',  ( -6.000000000000011546, 0.000000000000000000, -3.464101615137742840 ) ) ;
#802 = CIRCLE ( 'NONE', #414, 2.000000000000000000 ) ;
#803 = VERTEX_POINT ( 'NONE', #1735 ) ;
#804 = AXIS2_PLACEMENT_3D ( 'NONE', #448, #280, #1978 ) ;
#805 = APPROVAL_PERSON_ORGANIZATION ( #1250, #1808, #303 ) ;
#806 = CARTESIAN_POINT ( 'NONE',  ( 0.000000000000000000, 2.499999999999996003, 0.000000000000000000 ) ) ;
#807 = ORIENTED_EDGE ( 'NONE', *, *, #1012, .F. ) ;
#808 = APPROVAL_DATE_TIME ( #2126, #1848 ) ;
#809 = CARTESIAN_POINT ( 'NONE',  ( 0.000000000000000000, -0.5000000000000000000, 0.000000000000000000 ) ) ;
#810 = PRODUCT_DEFINITION_SHAPE ( 'NONE', 'NONE',  #2171 ) ;
#811 = EDGE_CURVE ( 'NONE', #1883, #2105, #216, .T. ) ;
#812 = VERTEX_POINT ( 'NONE', #261 ) ;
#813 = DIRECTION ( 'NONE',  ( 0.000000000000000000, 0.7071067811865439090, 0.7071067811865512365 ) ) ;
#814 = DIRECTION ( 'NONE',  ( -0.000000000000000000, 1.000000000000000000, -0.000000000000000000 ) ) ;
#815 = LINE ( 'NONE', #1485, #1251 ) ;
#816 = VERTEX_POINT ( 'NONE', #1746 ) ;
#817 = PERSON_AND_ORGANIZATION ( #212, #1931 ) ;
#818 = CARTESIAN_POINT ( 'NONE',  ( 2.449293598294706414E-16, 2.499999999999996003, -2.000000000000000000 ) ) ;
#819 = DIRECTION ( 'NONE',  ( 0.000000000000000000, 0.000000000000000000, 1.000000000000000000 ) ) ;
#820 = FACE_BOUND ( 'NONE', #897, .T. ) ;
#821 = CC_DESIGN_PERSON_AND_ORGANIZATION_ASSIGNMENT ( #817, #1530, ( #1993 ) ) ;
#822 = ADVANCED_FACE ( 'NONE', ( #905 ), #1579, .F. ) ;
#823 = DIRECTION ( 'NONE',  ( -3.255014963930502918E-15, 0.000000000000000000, -1.000000000000000000 ) ) ;
#824 = ORIENTED_EDGE ( 'NONE', *, *, #228, .F. ) ;
#825 = APPROVAL_DATE_TIME ( #1690, #1479 ) ;
#826 = VECTOR ( 'NONE', #703, 1000.000000000000000 ) ;
#827 = DIRECTION ( 'NONE',  ( 0.8660254037844414832, 0.000000000000000000, 0.4999999999999950595 ) ) ;
#828 = EDGE_LOOP ( 'NONE', ( #1878, #1732, #2080, #1353 ) ) ;
#829 = APPROVAL_ROLE ( '' ) ;
#830 = CARTESIAN_POINT ( 'NONE',  ( 6.000000000000036415, 0.5000000000000004441, 3.464101615137701096 ) ) ;
#831 = CARTESIAN_POINT ( 'NONE',  ( 2.755455298081544285E-16, 0.000000000000000000, -2.250000000000000000 ) ) ;
#832 = DIRECTION ( 'NONE',  ( 8.659560562354902043E-17, -0.7071067811865500152, 0.7071067811865450192 ) ) ;
#833 = AXIS2_PLACEMENT_3D ( 'NONE', #2131, #1795, #1105 ) ;
#834 = VECTOR ( 'NONE', #2118, 1000.000000000000000 ) ;
#835 = EDGE_CURVE ( 'NONE', #1559, #376, #601, .T. ) ;
#836 = VECTOR ( 'NONE', #1665, 1000.000000000000000 ) ;
#837 = DIRECTION ( 'NONE',  ( 0.3535533905932743970, 0.7071067811865479058, 0.6123724356957938042 ) ) ;
#838 = ORIENTED_EDGE ( 'NONE', *, *, #1409, .T. ) ;
#839 = PLANE ( 'NONE',  #141 ) ;
#840 = ORIENTED_EDGE ( 'NONE', *, *, #1672, .T. ) ;
#841 = APPROVAL_PERSON_ORGANIZATION ( #245, #1102, #1576 ) ;
#842 = DATE_TIME_ROLE ( 'creation_date' ) ;
#843 = LOCAL_TIME ( 15, 9, 33.00000000000000000, #925 ) ;
#844 = LINE ( 'NONE', #538, #1187 ) ;
#845 = DIRECTION ( 'NONE',  ( -0.000000000000000000, 1.000000000000000000, -0.000000000000000000 ) ) ;
#846 = ORIENTED_EDGE ( 'NONE', *, *, #1957, .T. ) ;
#847 = APPROVAL ( #2010, 'UNSPECIFIED' ) ;
#848 = EDGE_CURVE ( 'NONE', #1448, #1428, #1464, .T. ) ;
#849 = LINE ( 'NONE', #1691, #1858 ) ;
#850 = PERSON_AND_ORGANIZATION_ROLE ( 'creator' ) ;
#851 = CARTESIAN_POINT ( 'NONE',  ( 5.999999999999962697, 7.000000000000000000, -3.464101615137826329 ) ) ;
#852 = CARTESIAN_POINT ( 'NONE',  ( -5.999999999999987566, 10.00000000000000000, 3.464101615137783252 ) ) ;
#853 = DIRECTION ( 'NONE',  ( -0.8660254037844380415, 0.000000000000000000, 0.5000000000000011102 ) ) ;
#854 = DIRECTION ( 'NONE',  ( 0.000000000000000000, -1.000000000000000000, 0.000000000000000000 ) ) ;
#855 = EDGE_LOOP ( 'NONE', ( #320, #894, #838, #1581 ) ) ;
#856 = DIRECTION ( 'NONE',  ( 0.000000000000000000, 0.000000000000000000, -1.000000000000000000 ) ) ;
#857 = ORIENTED_EDGE ( 'NONE', *, *, #2054, .T. ) ;
#858 = PERSON_AND_ORGANIZATION ( #212, #1931 ) ;
#859 = EDGE_CURVE ( 'NONE', #308, #166, #2140, .T. ) ;
#860 = VECTOR ( 'NONE', #226, 1000.000000000000114 ) ;
#861 = FACE_OUTER_BOUND ( 'NONE', #1424, .T. ) ;
#862 = DIRECTION ( 'NONE',  ( 0.000000000000000000, -1.000000000000000000, 0.000000000000000000 ) ) ;
#863 = EDGE_CURVE ( 'NONE', #499, #782, #2092, .T. ) ;
#864 = DIRECTION ( 'NONE',  ( 0.000000000000000000, 1.000000000000000000, 0.000000000000000000 ) ) ;
#865 = DESIGN_CONTEXT ( 'detailed design', #121, 'design' ) ;
#866 = VECTOR ( 'NONE', #348, 1000.000000000000114 ) ;
#867 = AXIS2_PLACEMENT_3D ( 'NONE', #869, #690, #1056 ) ;
#868 = CIRCLE ( 'NONE', #2067, 7.000000000000000000 ) ;
#869 = CARTESIAN_POINT ( 'NONE',  ( 4.837938458043934978E-14, 3.000000000000000000, 6.928203230275514102 ) ) ;
#870 = ORIENTED_EDGE ( 'NONE', *, *, #794, .T. ) ;
#871 = PERSON_AND_ORGANIZATION_ROLE ( 'classification_officer' ) ;
#872 = AXIS2_PLACEMENT_3D ( 'NONE', #1122, #1796, #1630 ) ;
#873 = LOCAL_TIME ( 15, 9, 33.00000000000000000, #49 ) ;
#874 = CARTESIAN_POINT ( 'NONE',  ( 2.999999999999971134, 0.000000000000000000, -5.196152422706648899 ) ) ;
#875 = LOCAL_TIME ( 15, 9, 33.00000000000000000, #783 ) ;
#876 = CC_DESIGN_PERSON_AND_ORGANIZATION_ASSIGNMENT ( #1065, #724, ( #1051 ) ) ;
#877 = EDGE_CURVE ( 'NONE', #2071, #966, #1676, .T. ) ;
#878 = CYLINDRICAL_SURFACE ( 'NONE', #319, 7.000000000000000000 ) ;
#879 = ORIENTED_EDGE ( 'NONE', *, *, #22, .T. ) ;
#880 = LINE ( 'NONE', #1551, #1247 ) ;
#881 = ORIENTED_EDGE ( 'NONE', *, *, #1767, .T. ) ;
#882 = DATE_AND_TIME ( #1079, #2069 ) ;
#883 = SHAPE_REPRESENTATION ( '711341.104 шайба', ( #662 ), #727 ) ;
#884 = LINE ( 'NONE', #416, #652 ) ;
#885 = DIRECTION ( 'NONE',  ( 1.000000000000000000, 0.000000000000000000, 0.000000000000000000 ) ) ;
#886 = ORIENTED_EDGE ( 'NONE', *, *, #708, .F. ) ;
#887 = DIRECTION ( 'NONE',  ( 0.000000000000000000, -1.000000000000000000, 0.000000000000000000 ) ) ;
#888 = EDGE_CURVE ( 'NONE', #1070, #534, #294, .T. ) ;
#889 = ORIENTED_EDGE ( 'NONE', *, *, #491, .F. ) ;
#890 = DIRECTION ( 'NONE',  ( -0.000000000000000000, -1.000000000000000000, -0.000000000000000000 ) ) ;
#891 = PERSON_AND_ORGANIZATION ( #212, #1931 ) ;
#892 = DIRECTION ( 'NONE',  ( -0.000000000000000000, 1.000000000000000000, -0.000000000000000000 ) ) ;
#893 = AXIS2_PLACEMENT_3D ( 'NONE', #1729, #738, #895 ) ;
#894 = ORIENTED_EDGE ( 'NONE', *, *, #1380, .F. ) ;
#895 = DIRECTION ( 'NONE',  ( 0.000000000000000000, -0.000000000000000000, 1.000000000000000000 ) ) ;
#896 = FACE_OUTER_BOUND ( 'NONE', #990, .T. ) ;
#897 = EDGE_LOOP ( 'NONE', ( #857, #1150 ) ) ;
#898 = EDGE_CURVE ( 'NONE', #180, #1233, #351, .T. ) ;
#899 = CIRCLE ( 'NONE', #1537, 6.000000000000000888 ) ;
#900 = CARTESIAN_POINT ( 'NONE',  ( -4.714285714285721518, 3.785714285714289140, -2.721794126179653439 ) ) ;
#901 = VERTEX_POINT ( 'NONE', #1977 ) ;
#902 = APPROVAL_STATUS ( 'not_yet_approved' ) ;
#903 = AXIS2_PLACEMENT_3D ( 'NONE', #1925, #2065, #1188 ) ;
#904 = CARTESIAN_POINT ( 'NONE',  ( -2.749999999999971134, 0.000000000000000000, 4.763139720814428379 ) ) ;
#905 = FACE_OUTER_BOUND ( 'NONE', #489, .T. ) ;
#906 = CC_DESIGN_SECURITY_CLASSIFICATION ( #37, ( #594 ) ) ;
#907 = ORIENTED_EDGE ( 'NONE', *, *, #1260, .T. ) ;
#908 = DIRECTION ( 'NONE',  ( 7.247219557748795621E-15, -0.6546536707079780859, 0.7559289460184536180 ) ) ;
#909 = PLANE ( 'NONE',  #1752 ) ;
#910 = PERSON ( 'NAUO-PER4', 'UNSPECIFIED', 'UNSPECIFIED', ('UNSPECIFIED'), ('UNSPECIFIED'), ('UNSPECIFIED') ) ;
#911 = ORIENTED_EDGE ( 'NONE', *, *, #2054, .F. ) ;
#912 = FACE_OUTER_BOUND ( 'NONE', #271, .T. ) ;
#913 = ORIENTED_EDGE ( 'NONE', *, *, #407, .T. ) ;
#914 = PERSON_AND_ORGANIZATION_ROLE ( 'design_supplier' ) ;
#915 = ADVANCED_FACE ( 'NONE', ( #1253 ), #1182, .F. ) ;
#916 = EDGE_CURVE ( 'NONE', #1477, #1383, #2133, .T. ) ;
#917 = CARTESIAN_POINT ( 'NONE',  ( -6.000000000000012434, 0.5000000000000004441, -3.464101615137743728 ) ) ;
#918 = DIRECTION ( 'NONE',  ( 0.000000000000000000, -0.000000000000000000, 1.000000000000000000 ) ) ;
#919 = ORIENTED_EDGE ( 'NONE', *, *, #435, .F. ) ;
#920 = DIRECTION ( 'NONE',  ( 0.5000000000000012212, -0.000000000000000000, 0.8660254037844380415 ) ) ;
#921 = DIRECTION ( 'NONE',  ( 1.000000000000000000, 0.000000000000000000, -3.380207847158600080E-15 ) ) ;
#922 = VERTEX_POINT ( 'NONE', #96 ) ;
#923 = LINE ( 'NONE', #1414, #455 ) ;
#924 = ORIENTED_EDGE ( 'NONE', *, *, #580, .F. ) ;
#925 = COORDINATED_UNIVERSAL_TIME_OFFSET ( 3, 0, .AHEAD. ) ;
#926 = MANIFOLD_SOLID_BREP ( 'Фаска2', #2128 ) ;
#927 = ADVANCED_FACE ( 'NONE', ( #1967 ), #437, .T. ) ;
#928 = PLANE ( 'NONE',  #1325 ) ;
#929 = EDGE_CURVE ( 'NONE', #922, #625, #634, .T. ) ;
#930 = ORIENTED_EDGE ( 'NONE', *, *, #623, .T. ) ;
#931 = CARTESIAN_POINT ( 'NONE',  ( 6.000000000000034639, 10.00000000000000000, 3.464101615137700652 ) ) ;
#932 = CARTESIAN_POINT ( 'NONE',  ( 5.999999999999963585, 0.5000000000000004441, -3.464101615137826773 ) ) ;
#933 = VECTOR ( 'NONE', #1252, 1000.000000000000000 ) ;
#934 = ORIENTED_EDGE ( 'NONE', *, *, #1480, .F. ) ;
#935 = CARTESIAN_POINT ( 'NONE',  ( 6.000000000000034639, 0.000000000000000000, 3.464101615137700652 ) ) ;
#936 = ORIENTED_EDGE ( 'NONE', *, *, #2045, .F. ) ;
#937 = SECURITY_CLASSIFICATION_LEVEL ( 'unclassified' ) ;
#938 = AXIS2_PLACEMENT_3D ( 'NONE', #704, #77, #918 ) ;
#939 = FACE_OUTER_BOUND ( 'NONE', #1461, .T. ) ;
#940 = AXIS2_PLACEMENT_3D ( 'NONE', #118, #1951, #1427 ) ;
#941 = CIRCLE ( 'NONE', #553, 2.000000000000000000 ) ;
#942 = ORIENTED_EDGE ( 'NONE', *, *, #1185, .T. ) ;
#943 = DIRECTION ( 'NONE',  ( 0.000000000000000000, 0.000000000000000000, 1.000000000000000000 ) ) ;
#944 = PLANE ( 'NONE',  #1895 ) ;
#945 = ADVANCED_FACE ( 'NONE', ( #939 ), #1626, .T. ) ;
#946 = VECTOR ( 'NONE', #1143, 1000.000000000000114 ) ;
#947 = ADVANCED_FACE ( 'NONE', ( #773 ), #122, .T. ) ;
#948 = LOCAL_TIME ( 15, 9, 33.00000000000000000, #1337 ) ;
#949 = ORIENTED_EDGE ( 'NONE', *, *, #2101, .F. ) ;
#950 = CARTESIAN_POINT ( 'NONE',  ( 0.000000000000000000, 2.499999999999996003, 0.000000000000000000 ) ) ;
#951 = EDGE_LOOP ( 'NONE', ( #1110, #442, #740, #1001 ) ) ;
#952 = ITEM_DEFINED_TRANSFORMATION ( 'NONE', 'NONE', #68,  #662 ) ;
#953 = DIRECTION ( 'NONE',  ( 0.000000000000000000, 0.000000000000000000, 1.000000000000000000 ) ) ;
#954 = ORIENTED_EDGE ( 'NONE', *, *, #1089, .F. ) ;
#955 = CARTESIAN_POINT ( 'NONE',  ( -5.500000000000009770, 0.000000000000000000, -3.175426480542930641 ) ) ;
#956 = CARTESIAN_POINT ( 'NONE',  ( 4.714285714285696649, 3.785714285714274485, -2.721794126179733819 ) ) ;
#957 = EDGE_CURVE ( 'NONE', #1952, #2147, #1300, .T. ) ;
#958 = EDGE_LOOP ( 'NONE', ( #1763, #1922, #1141, #618 ) ) ;
#959 = DIRECTION ( 'NONE',  ( -0.000000000000000000, -1.000000000000000000, -0.000000000000000000 ) ) ;
#960 = PERSON_AND_ORGANIZATION ( #1149, #1797 ) ;
#961 = DIRECTION ( 'NONE',  ( -0.000000000000000000, 1.000000000000000000, -0.000000000000000000 ) ) ;
#962 = APPROVAL_ROLE ( '' ) ;
#963 = DIRECTION ( 'NONE',  ( 0.000000000000000000, 1.000000000000000000, 0.000000000000000000 ) ) ;
#964 = PLANE ( 'NONE',  #1044 ) ;
#965 = CARTESIAN_POINT ( 'NONE',  ( -5.999999999999987566, 7.000000000000000000, 3.464101615137783252 ) ) ;
#966 = VERTEX_POINT ( 'NONE', #971 ) ;
#967 = VECTOR ( 'NONE', #1512, 1000.000000000000000 ) ;
#968 = LINE ( 'NONE', #1984, #836 ) ;
#969 = CALENDAR_DATE ( 2026, 12, 1 ) ;
#970 = EDGE_CURVE ( 'NONE', #88, #1404, #745, .T. ) ;
#971 = CARTESIAN_POINT ( 'NONE',  ( 0.000000000000000000, -12.49999999999999467, 2.000000000000000000 ) ) ;
#972 = CARTESIAN_POINT ( 'NONE',  ( -5.999999999999989342, 0.5000000000000004441, 3.464101615137784584 ) ) ;
#973 = DIRECTION ( 'NONE',  ( 0.000000000000000000, 0.000000000000000000, 1.000000000000000000 ) ) ;
#974 = AXIS2_PLACEMENT_3D ( 'NONE', #156, #677, #179 ) ;
#975 = DIRECTION ( 'NONE',  ( -0.000000000000000000, -1.000000000000000000, -0.000000000000000000 ) ) ;
#976 = CIRCLE ( 'NONE', #1860, 2.000000000000000000 ) ;
#977 = ORIENTED_EDGE ( 'NONE', *, *, #567, .F. ) ;
#978 = CIRCLE ( 'NONE', #1217, 2.500000000000009326 ) ;
#979 = LOCAL_TIME ( 15, 9, 33.00000000000000000, #1354 ) ;
#980 = DIRECTION ( 'NONE',  ( 0.000000000000000000, 1.000000000000000000, 0.000000000000000000 ) ) ;
#981 = ORIENTED_EDGE ( 'NONE', *, *, #640, .F. ) ;
#982 = PERSON_AND_ORGANIZATION ( #910, #2005 ) ;
#983 = SECURITY_CLASSIFICATION ( '', '', #266 ) ;
#984 = CC_DESIGN_PERSON_AND_ORGANIZATION_ASSIGNMENT ( #502, #1870, ( #1525 ) ) ;
#985 = PERSON_AND_ORGANIZATION ( #212, #1931 ) ;
#986 = ADVANCED_FACE ( 'NONE', ( #1418, #587 ), #1936, .T. ) ;
#987 = PLANE ( 'NONE',  #2160 ) ;
#988 = LINE ( 'NONE', #2122, #1966 ) ;
#989 = FACE_OUTER_BOUND ( 'NONE', #344, .T. ) ;
#990 = EDGE_LOOP ( 'NONE', ( #520, #1540, #1543, #1442, #394 ) ) ;
#991 = PLANE ( 'NONE',  #974 ) ;
#992 = EDGE_LOOP ( 'NONE', ( #1964, #936, #431, #445 ) ) ;
#993 = APPROVAL_STATUS ( 'not_yet_approved' ) ;
#994 = APPLICATION_CONTEXT ( 'configuration controlled 3d designs of mechanical parts and assemblies' ) ;
#995 = DIRECTION ( 'NONE',  ( -0.8660254037844345998, 0.000000000000000000, 0.5000000000000072164 ) ) ;
#996 = CARTESIAN_POINT ( 'NONE',  ( 0.000000000000000000, 9.499999999999996447, 0.000000000000000000 ) ) ;
#997 = CARTESIAN_POINT ( 'NONE',  ( 2.449293598294706414E-16, -12.49999999999999467, -2.000000000000000000 ) ) ;
#998 = ADVANCED_FACE ( 'NONE', ( #268 ), #928, .F. ) ;
#999 = DIRECTION ( 'NONE',  ( 0.000000000000000000, 0.000000000000000000, 1.000000000000000000 ) ) ;
#1000 = PRODUCT ( '685631.123-01 стойка', '685631.123-01 стойка', '', ( #1792 ) ) ;
#1001 = ORIENTED_EDGE ( 'NONE', *, *, #1305, .F. ) ;
#1002 = CALENDAR_DATE ( 2026, 12, 1 ) ;
#1003 = CIRCLE ( 'NONE', #1458, 2.499999999999998668 ) ;
#1004 = ORIENTED_EDGE ( 'NONE', *, *, #260, .T. ) ;
#1005 = PERSON_AND_ORGANIZATION ( #212, #1931 ) ;
#1006 = FACE_OUTER_BOUND ( 'NONE', #992, .T. ) ;
#1007 = DIRECTION ( 'NONE',  ( 0.8660254037844414832, 0.000000000000000000, 0.4999999999999950595 ) ) ;
#1008 = DIRECTION ( 'NONE',  ( 0.000000000000000000, 1.000000000000000000, 0.000000000000000000 ) ) ;
#1009 = AXIS2_PLACEMENT_3D ( 'NONE', #1101, #1285, #314 ) ;
#1010 = CIRCLE ( 'NONE', #940, 2.000000000000000000 ) ;
#1011 = APPROVAL ( #796, 'UNSPECIFIED' ) ;
#1012 = EDGE_CURVE ( 'NONE', #1813, #737, #1344, .T. ) ;
#1013 = CIRCLE ( 'NONE', #1653, 2.000000000000000000 ) ;
#1014 = CYLINDRICAL_SURFACE ( 'NONE', #289, 2.250000000000000000 ) ;
#1015 = ORIENTED_EDGE ( 'NONE', *, *, #1740, .T. ) ;
#1016 = LOCAL_TIME ( 15, 9, 33.00000000000000000, #312 ) ;
#1017 = SECURITY_CLASSIFICATION ( '', '', #1138 ) ;
#1018 = APPROVAL_ROLE ( '' ) ;
#1019 = PERSON ( 'NAUO-PER1', 'UNSPECIFIED', 'UNSPECIFIED', ('UNSPECIFIED'), ('UNSPECIFIED'), ('UNSPECIFIED') ) ;
#1020 = CARTESIAN_POINT ( 'NONE',  ( 0.000000000000000000, 0.000000000000000000, 0.000000000000000000 ) ) ;
#1021 = CARTESIAN_POINT ( 'NONE',  ( 5.500000000000031974, 0.000000000000000000, 3.175426480542892449 ) ) ;
#1022 = CARTESIAN_POINT ( 'NONE',  ( 0.000000000000000000, 2.200000000000000178, 0.000000000000000000 ) ) ;
#1023 = PRODUCT ( '753124.036-01  стойка', '753124.036-01  стойка', '', ( #390 ) ) ;
#1024 = CC_DESIGN_PERSON_AND_ORGANIZATION_ASSIGNMENT ( #1250, #1262, ( #1083 ) ) ;
#1025 = EDGE_CURVE ( 'NONE', #803, #406, #12, .T. ) ;
#1026 = DIRECTION ( 'NONE',  ( -0.6546536707079748663, -0.6546536707079784190, 0.3779644730092291405 ) ) ;
#1027 = ORIENTED_EDGE ( 'NONE', *, *, #1439, .F. ) ;
#1028 = EDGE_CURVE ( 'NONE', #625, #1127, #849, .T. ) ;
#1029 = DIRECTION ( 'NONE',  ( 0.8660254037844345998, 0.000000000000000000, -0.5000000000000072164 ) ) ;
#1030 = ORIENTED_EDGE ( 'NONE', *, *, #1506, .T. ) ;
#1031 = PERSON_AND_ORGANIZATION ( #212, #1931 ) ;
#1032 = CARTESIAN_POINT ( 'NONE',  ( 2.449293598294706414E-16, 9.499999999999996447, -2.000000000000000000 ) ) ;
#1033 = CARTESIAN_POINT ( 'NONE',  ( 3.000000000000041744, 0.000000000000000000, 5.196152422706605378 ) ) ;
#1034 = CARTESIAN_POINT ( 'NONE',  ( 5.999999999999963585, 0.5000000000000013323, -3.464101615137826773 ) ) ;
#1035 = ORIENTED_EDGE ( 'NONE', *, *, #748, .F. ) ;
#1036 = VECTOR ( 'NONE', #1240, 1000.000000000000000 ) ;
#1037 = CYLINDRICAL_SURFACE ( 'NONE', #721, 2.250000000000000000 ) ;
#1038 = ORIENTED_EDGE ( 'NONE', *, *, #877, .F. ) ;
#1039 = DATE_AND_TIME ( #1920, #1617 ) ;
#1040 = ADVANCED_FACE ( 'NONE', ( #20 ), #991, .F. ) ;
#1041 = FACE_OUTER_BOUND ( 'NONE', #1933, .T. ) ;
#1042 = DIRECTION ( 'NONE',  ( 0.000000000000000000, 0.000000000000000000, -1.000000000000000000 ) ) ;
#1043 = LINE ( 'NONE', #54, #757 ) ;
#1044 = AXIS2_PLACEMENT_3D ( 'NONE', #1949, #1456, #297 ) ;
#1045 = ORIENTED_EDGE ( 'NONE', *, *, #491, .T. ) ;
#1046 = VECTOR ( 'NONE', #143, 1000.000000000000114 ) ;
#1047 = DIRECTION ( 'NONE',  ( 0.000000000000000000, 0.000000000000000000, 1.000000000000000000 ) ) ;
#1048 = ORIENTED_EDGE ( 'NONE', *, *, #888, .F. ) ;
#1049 = APPROVAL_ROLE ( '' ) ;
#1050 = APPROVAL_PERSON_ORGANIZATION ( #14, #1699, #1366 ) ;
#1051 = PRODUCT_DEFINITION ( 'UNKNOWN', '', #1255, #1862 ) ;
#1052 = LOCAL_TIME ( 15, 9, 33.00000000000000000, #691 ) ;
#1053 = EDGE_CURVE ( 'NONE', #1373, #1689, #321, .T. ) ;
#1054 = PLANE ( 'NONE',  #1278 ) ;
#1055 = ORIENTED_EDGE ( 'NONE', *, *, #1028, .F. ) ;
#1056 = DIRECTION ( 'NONE',  ( -0.8660254037844344888, 0.000000000000000000, 0.5000000000000071054 ) ) ;
#1057 = ORIENTED_EDGE ( 'NONE', *, *, #1874, .F. ) ;
#1058 = SECURITY_CLASSIFICATION_LEVEL ( 'unclassified' ) ;
#1059 = LINE ( 'NONE', #50, #1706 ) ;
#1060 = CARTESIAN_POINT ( 'NONE',  ( -6.000000000000011546, 10.00000000000000000, -3.464101615137742840 ) ) ;
#1061 = EDGE_CURVE ( 'NONE', #1428, #2105, #1845, .T. ) ;
#1062 = VERTEX_POINT ( 'NONE', #1335 ) ;
#1063 = CARTESIAN_POINT ( 'NONE',  ( -6.000000000000011546, 10.00000000000000000, -3.464101615137742840 ) ) ;
#1064 = ORIENTED_EDGE ( 'NONE', *, *, #1288, .T. ) ;
#1065 = PERSON_AND_ORGANIZATION ( #212, #1931 ) ;
#1066 = LINE ( 'NONE', #2091, #933 ) ;
#1067 = DIRECTION ( 'NONE',  ( -0.000000000000000000, -1.000000000000000000, -0.000000000000000000 ) ) ;
#1068 = DIRECTION ( 'NONE',  ( 1.000000000000000000, 0.000000000000000000, 0.000000000000000000 ) ) ;
#1069 = CIRCLE ( 'NONE', #313, 6.000000000000000888 ) ;
#1070 = VERTEX_POINT ( 'NONE', #1677 ) ;
#1071 = PLANE ( 'NONE',  #2167 ) ;
#1072 = CARTESIAN_POINT ( 'NONE',  ( 0.000000000000000000, 3.000000000000000000, -6.928203230275514990 ) ) ;
#1073 = EDGE_CURVE ( 'NONE', #1233, #180, #899, .T. ) ;
#1074 = ADVANCED_FACE ( 'NONE', ( #510 ), #839, .T. ) ;
#1075 = ORIENTED_EDGE ( 'NONE', *, *, #698, .T. ) ;
#1076 = CIRCLE ( 'NONE', #1961, 6.000000000000000888 ) ;
#1077 = CARTESIAN_POINT ( 'NONE',  ( 0.000000000000000000, 0.000000000000000000, 0.000000000000000000 ) ) ;
#1078 = EDGE_LOOP ( 'NONE', ( #930, #428, #477, #258 ) ) ;
#1079 = CALENDAR_DATE ( 2026, 12, 1 ) ;
#1080 = AXIS2_PLACEMENT_3D ( 'NONE', #1834, #1342, #1146 ) ;
#1081 = LINE ( 'NONE', #2059, #860 ) ;
#1082 = APPROVAL_PERSON_ORGANIZATION ( #525, #1204, #679 ) ;
#1083 = SECURITY_CLASSIFICATION ( '', '', #584 ) ;
#1084 = EDGE_LOOP ( 'NONE', ( #1203, #632, #140, #1223 ) ) ;
#1085 = LINE ( 'NONE', #1421, #1036 ) ;
#1086 = LINE ( 'NONE', #252, #142 ) ;
#1087 = LOCAL_TIME ( 15, 9, 33.00000000000000000, #1111 ) ;
#1088 = ORIENTED_EDGE ( 'NONE', *, *, #1888, .F. ) ;
#1089 = EDGE_CURVE ( 'NONE', #1875, #509, #1716, .T. ) ;
#1090 = DIRECTION ( 'NONE',  ( 0.000000000000000000, 1.000000000000000000, 0.000000000000000000 ) ) ;
#1091 = DATE_AND_TIME ( #1788, #1544 ) ;
#1092 = ADVANCED_FACE ( 'NONE', ( #644 ), #1488, .F. ) ;
#1093 = CARTESIAN_POINT ( 'NONE',  ( 0.000000000000000000, 0.000000000000000000, 0.000000000000000000 ) ) ;
#1094 = CARTESIAN_POINT ( 'NONE',  ( 6.000000000000034639, 10.00000000000000000, 3.464101615137700652 ) ) ;
#1095 = ORIENTED_EDGE ( 'NONE', *, *, #1866, .F. ) ;
#1096 = DIRECTION ( 'NONE',  ( 0.000000000000000000, 0.000000000000000000, -1.000000000000000000 ) ) ;
#1097 = DIRECTION ( 'NONE',  ( -3.380207847158600080E-15, 0.000000000000000000, -1.000000000000000000 ) ) ;
#1098 = ORIENTED_EDGE ( 'NONE', *, *, #1506, .F. ) ;
#1099 = DIRECTION ( 'NONE',  ( 0.6546536707079796402, -0.6546536707079778639, 0.3779644730092218130 ) ) ;
#1100 = APPROVAL_DATE_TIME ( #1091, #2008 ) ;
#1101 = CARTESIAN_POINT ( 'NONE',  ( 0.000000000000000000, -12.49999999999999467, 0.000000000000000000 ) ) ;
#1102 = APPROVAL ( #902, 'UNSPECIFIED' ) ;
#1103 = PERSON_AND_ORGANIZATION ( #212, #1931 ) ;
#1104 = ORIENTED_EDGE ( 'NONE', *, *, #1025, .F. ) ;
#1105 = DIRECTION ( 'NONE',  ( 0.000000000000000000, -0.000000000000000000, 1.000000000000000000 ) ) ;
#1106 = DIRECTION ( 'NONE',  ( 0.8660254037844344888, 0.000000000000000000, -0.5000000000000071054 ) ) ;
#1107 = AXIS2_PLACEMENT_3D ( 'NONE', #1734, #575, #1902 ) ;
#1108 = ORIENTED_EDGE ( 'NONE', *, *, #1409, .F. ) ;
#1109 = LINE ( 'NONE', #1449, #1892 ) ;
#1110 = ORIENTED_EDGE ( 'NONE', *, *, #1242, .F. ) ;
#1111 = COORDINATED_UNIVERSAL_TIME_OFFSET ( 3, 0, .AHEAD. ) ;
#1112 = AXIS2_PLACEMENT_3D ( 'NONE', #1132, #284, #943 ) ;
#1113 = CONICAL_SURFACE ( 'NONE', #1425, 2.499999999999998668, 0.7853981633974447263 ) ;
#1114 = DIRECTION ( 'NONE',  ( 0.000000000000000000, -1.000000000000000000, 0.000000000000000000 ) ) ;
#1115 = PERSON_AND_ORGANIZATION_ROLE ( 'creator' ) ;
#1116 = VECTOR ( 'NONE', #959, 1000.000000000000000 ) ;
#1117 = CC_DESIGN_DATE_AND_TIME_ASSIGNMENT ( #424, #1953, ( #419 ) ) ;
#1118 = EDGE_CURVE ( 'NONE', #1070, #1459, #482, .T. ) ;
#1119 = VECTOR ( 'NONE', #1330, 1000.000000000000114 ) ;
#1120 = ORIENTED_EDGE ( 'NONE', *, *, #381, .F. ) ;
#1121 = DIRECTION ( 'NONE',  ( 0.000000000000000000, 0.000000000000000000, 1.000000000000000000 ) ) ;
#1122 = CARTESIAN_POINT ( 'NONE',  ( 0.000000000000000000, 0.7000000000000000666, 0.000000000000000000 ) ) ;
#1123 = AXIS2_PLACEMENT_3D ( 'NONE', #1950, #441, #1106 ) ;
#1124 = CC_DESIGN_APPROVAL ( #1102, ( #1255 ) ) ;
#1125 = ORIENTED_EDGE ( 'NONE', *, *, #269, .T. ) ;
#1126 = DIRECTION ( 'NONE',  ( 0.8660254037844415942, 0.000000000000000000, 0.4999999999999950595 ) ) ;
#1127 = VERTEX_POINT ( 'NONE', #547 ) ;
#1128 = PERSON_AND_ORGANIZATION_ROLE ( 'classification_officer' ) ;
#1129 = DIRECTION ( 'NONE',  ( 0.8660254037844344888, 0.000000000000000000, -0.5000000000000071054 ) ) ;
#1130 = COORDINATED_UNIVERSAL_TIME_OFFSET ( 3, 0, .AHEAD. ) ;
#1131 = CARTESIAN_POINT ( 'NONE',  ( 0.2500000000000465183, 3.000000000000000000, 6.495190528383291806 ) ) ;
#1132 = CARTESIAN_POINT ( 'NONE',  ( 0.000000000000000000, -0.5000000000000000000, 0.000000000000000000 ) ) ;
#1133 = DIRECTION ( 'NONE',  ( 0.000000000000000000, -1.000000000000000000, 0.000000000000000000 ) ) ;
#1134 = ORIENTED_EDGE ( 'NONE', *, *, #1260, .F. ) ;
#1135 = ADVANCED_FACE ( 'NONE', ( #535 ), #1206, .F. ) ;
#1136 = DIRECTION ( 'NONE',  ( 0.000000000000000000, 1.000000000000000000, 0.000000000000000000 ) ) ;
#1137 = EDGE_LOOP ( 'NONE', ( #1450, #1095, #2009, #176 ) ) ;
#1138 = SECURITY_CLASSIFICATION_LEVEL ( 'unclassified' ) ;
#1139 = DIRECTION ( 'NONE',  ( 0.8660254037844379305, 0.000000000000000000, -0.5000000000000011102 ) ) ;
#1140 = APPLICATION_PROTOCOL_DEFINITION ( 'international standard', 'config_control_design', 1994, #121 ) ;
#1141 = ORIENTED_EDGE ( 'NONE', *, *, #360, .T. ) ;
#1142 = CYLINDRICAL_SURFACE ( 'NONE', #1357, 4.500000000000000000 ) ;
#1143 = DIRECTION ( 'NONE',  ( 0.8660254037844379305, 0.000000000000000000, -0.5000000000000011102 ) ) ;
#1144 = VECTOR ( 'NONE', #892, 1000.000000000000000 ) ;
#1145 = CC_DESIGN_DATE_AND_TIME_ASSIGNMENT ( #1668, #842, ( #1333 ) ) ;
#1146 = DIRECTION ( 'NONE',  ( 3.255014963930502918E-15, -0.000000000000000000, 1.000000000000000000 ) ) ;
#1147 = EDGE_LOOP ( 'NONE', ( #643, #1230, #2089, #840, #2063 ) ) ;
#1148 = PERSON_AND_ORGANIZATION_ROLE ( 'creator' ) ;
#1149 = PERSON ( 'NAUO-PER3', 'UNSPECIFIED', 'UNSPECIFIED', ('UNSPECIFIED'), ('UNSPECIFIED'), ('UNSPECIFIED') ) ;
#1150 = ORIENTED_EDGE ( 'NONE', *, *, #35, .T. ) ;
#1151 = VECTOR ( 'NONE', #890, 1000.000000000000000 ) ;
#1152 = CARTESIAN_POINT ( 'NONE',  ( 4.898587196589412829E-16, 0.000000000000000000, 4.000000000000000000 ) ) ;
#1153 = DESIGN_CONTEXT ( 'detailed design', #1400, 'design' ) ;
#1154 = CIRCLE ( 'NONE', #725, 7.000000000000000000 ) ;
#1155 = AXIS2_PLACEMENT_3D ( 'NONE', #1202, #1356, #1492 ) ;
#1156 = CC_DESIGN_APPROVAL ( #1531, ( #37 ) ) ;
#1157 = DIRECTION ( 'NONE',  ( 3.638445758092459943E-15, 0.6546536707079765316, 0.7559289460184550613 ) ) ;
#1158 = ORIENTED_EDGE ( 'NONE', *, *, #1053, .T. ) ;
#1159 = CALENDAR_DATE ( 2026, 12, 1 ) ;
#1160 = ADVANCED_FACE ( 'NONE', ( #223 ), #1037, .F. ) ;
#1161 = CARTESIAN_POINT ( 'NONE',  ( 0.000000000000000000, 0.000000000000000000, 0.000000000000000000 ) ) ;
#1162 = LINE ( 'NONE', #852, #285 ) ;
#1163 = CARTESIAN_POINT ( 'NONE',  ( 0.000000000000000000, 3.000000000000000000, 0.000000000000000000 ) ) ;
#1164 = DIRECTION ( 'NONE',  ( -0.000000000000000000, -1.000000000000000000, -0.000000000000000000 ) ) ;
#1165 = EDGE_LOOP ( 'NONE', ( #415, #2117 ) ) ;
#1166 = DIRECTION ( 'NONE',  ( -0.5000000000000072164, 0.000000000000000000, -0.8660254037844345998 ) ) ;
#1167 = ORIENTED_EDGE ( 'NONE', *, *, #2098, .F. ) ;
#1168 = PERSON_AND_ORGANIZATION ( #212, #1931 ) ;
#1169 = CC_DESIGN_DATE_AND_TIME_ASSIGNMENT ( #2019, #21, ( #493 ) ) ;
#1170 = CARTESIAN_POINT ( 'NONE',  ( 0.000000000000000000, 9.499999999999996447, 0.000000000000000000 ) ) ;
#1171 = EDGE_CURVE ( 'NONE', #1883, #1940, #880, .T. ) ;
#1172 = DIRECTION ( 'NONE',  ( -0.000000000000000000, 1.000000000000000000, -0.000000000000000000 ) ) ;
#1173 = DIRECTION ( 'NONE',  ( 0.000000000000000000, -0.7071067811865500152, -0.7071067811865450192 ) ) ;
#1174 = DIRECTION ( 'NONE',  ( 0.000000000000000000, 0.000000000000000000, 1.000000000000000000 ) ) ;
#1175 = ORIENTED_EDGE ( 'NONE', *, *, #567, .T. ) ;
#1176 = AXIS2_PLACEMENT_3D ( 'NONE', #1020, #1367, #694 ) ;
#1177 = CARTESIAN_POINT ( 'NONE',  ( 5.499999999999998224, 3.000000000000000000, -5.783911205138045931E-14 ) ) ;
#1178 = ORIENTED_EDGE ( 'NONE', *, *, #163, .F. ) ;
#1179 = CALENDAR_DATE ( 2026, 12, 1 ) ;
#1180 = DIRECTION ( 'NONE',  ( 3.255014963930502918E-15, 0.000000000000000000, 1.000000000000000000 ) ) ;
#1181 = DIRECTION ( 'NONE',  ( -0.8660254037844414832, 0.000000000000000000, -0.4999999999999950595 ) ) ;
#1182 = CONICAL_SURFACE ( 'NONE', #686, 2.000000000000000000, 0.7853981633974533860 ) ;
#1183 = EDGE_CURVE ( 'NONE', #1336, #1420, #287, .T. ) ;
#1184 = AXIS2_PLACEMENT_3D ( 'NONE', #207, #541, #1877 ) ;
#1185 = EDGE_CURVE ( 'NONE', #91, #1919, #2031, .T. ) ;
#1186 = CIRCLE ( 'NONE', #249, 2.000000000000000000 ) ;
#1187 = VECTOR ( 'NONE', #1349, 1000.000000000000000 ) ;
#1188 = DIRECTION ( 'NONE',  ( 0.000000000000000000, 0.000000000000000000, 1.000000000000000000 ) ) ;
#1189 = ORIENTED_EDGE ( 'NONE', *, *, #1317, .F. ) ;
#1190 = APPROVAL_PERSON_ORGANIZATION ( #630, #595, #1018 ) ;
#1191 = DIRECTION ( 'NONE',  ( 0.000000000000000000, 0.000000000000000000, 1.000000000000000000 ) ) ;
#1192 = ORIENTED_EDGE ( 'NONE', *, *, #381, .T. ) ;
#1193 = COORDINATED_UNIVERSAL_TIME_OFFSET ( 3, 0, .AHEAD. ) ;
#1194 = LINE ( 'NONE', #1546, #826 ) ;
#1195 = LINE ( 'NONE', #695, #62 ) ;
#1196 = DIRECTION ( 'NONE',  ( 0.000000000000000000, 1.000000000000000000, 0.000000000000000000 ) ) ;
#1197 = EDGE_CURVE ( 'NONE', #406, #1912, #1962, .T. ) ;
#1198 = EDGE_LOOP ( 'NONE', ( #206, #2134, #1207, #1175, #771, #2125 ) ) ;
#1199 = LINE ( 'NONE', #1063, #1151 ) ;
#1200 = PERSON_AND_ORGANIZATION_ROLE ( 'classification_officer' ) ;
#1201 = LINE ( 'NONE', #830, #680 ) ;
#1202 = CARTESIAN_POINT ( 'NONE',  ( 5.999999999999963585, 0.5000000000000004441, -3.464101615137826773 ) ) ;
#1203 = ORIENTED_EDGE ( 'NONE', *, *, #1573, .T. ) ;
#1204 = APPROVAL ( #1847, 'UNSPECIFIED' ) ;
#1205 = ADVANCED_FACE ( 'NONE', ( #1215 ), #39, .F. ) ;
#1206 = CYLINDRICAL_SURFACE ( 'NONE', #1926, 2.000000000000000000 ) ;
#1207 = ORIENTED_EDGE ( 'NONE', *, *, #1012, .T. ) ;
#1208 = DATE_TIME_ROLE ( 'classification_date' ) ;
#1209 = CARTESIAN_POINT ( 'NONE',  ( 13.30308679813016504, 2.757561220905316191, 13.27651715864246640 ) ) ;
#1210 = DIRECTION ( 'NONE',  ( -0.000000000000000000, 1.000000000000000000, -0.000000000000000000 ) ) ;
#1211 = VECTOR ( 'NONE', #1129, 1000.000000000000227 ) ;
#1212 = ORIENTED_EDGE ( 'NONE', *, *, #393, .F. ) ;
#1213 = CIRCLE ( 'NONE', #1502, 7.000000000000000000 ) ;
#1214 = AXIS2_PLACEMENT_3D ( 'NONE', #175, #837, #1644 ) ;
#1215 = FACE_OUTER_BOUND ( 'NONE', #1078, .T. ) ;
#1216 = PERSON_AND_ORGANIZATION ( #212, #1931 ) ;
#1217 = AXIS2_PLACEMENT_3D ( 'NONE', #1861, #1513, #1881 ) ;
#1218 = APPROVAL_PERSON_ORGANIZATION ( #654, #103, #829 ) ;
#1219 = EDGE_CURVE ( 'NONE', #1290, #60, #1359, .T. ) ;
#1220 = CARTESIAN_POINT ( 'NONE',  ( 13.30308679813016504, 7.957561220905314592, 13.27651715864246817 ) ) ;
#1221 = ORIENTED_EDGE ( 'NONE', *, *, #159, .T. ) ;
#1222 = LINE ( 'NONE', #932, #65 ) ;
#1223 = ORIENTED_EDGE ( 'NONE', *, *, #325, .F. ) ;
#1224 = FACE_OUTER_BOUND ( 'NONE', #1989, .T. ) ;
#1225 = ORIENTED_EDGE ( 'NONE', *, *, #1028, .T. ) ;
#1226 = APPROVAL_STATUS ( 'not_yet_approved' ) ;
#1227 = CARTESIAN_POINT ( 'NONE',  ( 2.750000000000037748, 3.000000000000000000, 4.763139720814386635 ) ) ;
#1228 = CC_DESIGN_PERSON_AND_ORGANIZATION_ASSIGNMENT ( #1103, #760, ( #594 ) ) ;
#1229 = EDGE_CURVE ( 'NONE', #1459, #755, #1199, .T. ) ;
#1230 = ORIENTED_EDGE ( 'NONE', *, *, #888, .T. ) ;
#1231 = CARTESIAN_POINT ( 'NONE',  ( 0.000000000000000000, 3.000000000000000000, 0.000000000000000000 ) ) ;
#1232 = DIRECTION ( 'NONE',  ( 0.000000000000000000, 0.000000000000000000, -1.000000000000000000 ) ) ;
#1233 = VERTEX_POINT ( 'NONE', #700 ) ;
#1234 = CARTESIAN_POINT ( 'NONE',  ( 2.449293598294706414E-16, 9.499999999999996447, -2.000000000000000000 ) ) ;
#1235 = ORIENTED_EDGE ( 'NONE', *, *, #2046, .T. ) ;
#1236 = DATE_AND_TIME ( #1879, #386 ) ;
#1237 = DIRECTION ( 'NONE',  ( 0.8660254037844345998, 0.000000000000000000, -0.5000000000000072164 ) ) ;
#1238 = CARTESIAN_POINT ( 'NONE',  ( 0.000000000000000000, 0.000000000000000000, 0.000000000000000000 ) ) ;
#1239 = ORIENTED_EDGE ( 'NONE', *, *, #2127, .T. ) ;
#1240 = DIRECTION ( 'NONE',  ( -0.8660254037844414832, 0.000000000000000000, -0.4999999999999950595 ) ) ;
#1241 = DIRECTION ( 'NONE',  ( 0.8660254037844415942, -0.000000000000000000, 0.4999999999999948375 ) ) ;
#1242 = EDGE_CURVE ( 'NONE', #1420, #1336, #413, .T. ) ;
#1243 = ORIENTED_EDGE ( 'NONE', *, *, #2098, .T. ) ;
#1244 = EDGE_CURVE ( 'NONE', #749, #79, #1426, .T. ) ;
#1245 = VECTOR ( 'NONE', #813, 1000.000000000000000 ) ;
#1246 = ADVANCED_BREP_SHAPE_REPRESENTATION ( '', ( #926, #662 ), #1469 ) ;
#1247 = VECTOR ( 'NONE', #722, 999.9999999999998863 ) ;
#1248 = CARTESIAN_POINT ( 'NONE',  ( 0.000000000000000000, 2.200000000000000178, 0.000000000000000000 ) ) ;
#1249 = ORIENTED_EDGE ( 'NONE', *, *, #1589, .T. ) ;
#1250 = PERSON_AND_ORGANIZATION ( #239, #1758 ) ;
#1251 = VECTOR ( 'NONE', #571, 1000.000000000000114 ) ;
#1252 = DIRECTION ( 'NONE',  ( -0.000000000000000000, 1.000000000000000000, -0.000000000000000000 ) ) ;
#1253 = FACE_OUTER_BOUND ( 'NONE', #1756, .T. ) ;
#1254 = AXIS2_PLACEMENT_3D ( 'NONE', #1314, #2154, #1991 ) ;
#1255 = PRODUCT_DEFINITION_FORMATION_WITH_SPECIFIED_SOURCE ( 'ANY', '', #1023, .NOT_KNOWN. ) ;
#1256 = ORIENTED_EDGE ( 'NONE', *, *, #957, .T. ) ;
#1257 = CARTESIAN_POINT ( 'NONE',  ( 4.837938458043933716E-14, 0.000000000000000000, 6.928203230275513214 ) ) ;
#1258 = CARTESIAN_POINT ( 'NONE',  ( 0.000000000000000000, 0.000000000000000000, 0.000000000000000000 ) ) ;
#1259 = APPROVAL ( #1805, 'UNSPECIFIED' ) ;
#1260 = EDGE_CURVE ( 'NONE', #1856, #2027, #2070, .T. ) ;
#1261 = DIRECTION ( 'NONE',  ( 0.000000000000000000, 1.000000000000000000, 0.000000000000000000 ) ) ;
#1262 = PERSON_AND_ORGANIZATION_ROLE ( 'classification_officer' ) ;
#1263 = CARTESIAN_POINT ( 'NONE',  ( 0.000000000000000000, 10.00000000000000000, 0.000000000000000000 ) ) ;
#1264 = CALENDAR_DATE ( 2026, 12, 1 ) ;
#1265 = EDGE_LOOP ( 'NONE', ( #244, #723, #524, #197 ) ) ;
#1266 = DIRECTION ( 'NONE',  ( 0.000000000000000000, 1.000000000000000000, 0.000000000000000000 ) ) ;
#1267 = FACE_OUTER_BOUND ( 'NONE', #1709, .T. ) ;
#1268 = ORIENTED_EDGE ( 'NONE', *, *, #215, .F. ) ;
#1269 = DIRECTION ( 'NONE',  ( 0.000000000000000000, 0.000000000000000000, 1.000000000000000000 ) ) ;
#1270 = VERTEX_POINT ( 'NONE', #243 ) ;
#1271 = DATE_AND_TIME ( #120, #1577 ) ;
#1272 = ADVANCED_FACE ( 'NONE', ( #1224 ), #1372, .T. ) ;
#1273 = CARTESIAN_POINT ( 'NONE',  ( 5.999999999999962697, 10.00000000000000000, -3.464101615137825885 ) ) ;
#1274 = COORDINATED_UNIVERSAL_TIME_OFFSET ( 3, 0, .AHEAD. ) ;
#1275 = CARTESIAN_POINT ( 'NONE',  ( 0.000000000000000000, 0.000000000000000000, 2.250000000000000000 ) ) ;
#1276 = FACE_OUTER_BOUND ( 'NONE', #548, .T. ) ;
#1277 = CARTESIAN_POINT ( 'NONE',  ( -6.000000000000000000, 0.000000000000000000, 2.028124708295160127E-14 ) ) ;
#1278 = AXIS2_PLACEMENT_3D ( 'NONE', #251, #920, #1913 ) ;
#1279 = ORIENTED_EDGE ( 'NONE', *, *, #1740, .F. ) ;
#1280 = CARTESIAN_POINT ( 'NONE',  ( 4.837938458043933716E-14, 10.00000000000000000, 6.928203230275513214 ) ) ;
#1281 = VERTEX_POINT ( 'NONE', #72 ) ;
#1282 = CALENDAR_DATE ( 2026, 12, 1 ) ;
#1283 = VECTOR ( 'NONE', #2109, 1000.000000000000000 ) ;
#1284 = AXIS2_PLACEMENT_3D ( 'NONE', #1393, #1561, #1743 ) ;
#1285 = DIRECTION ( 'NONE',  ( 0.000000000000000000, 1.000000000000000000, 0.000000000000000000 ) ) ;
#1286 = APPROVAL_STATUS ( 'not_yet_approved' ) ;
#1287 = VECTOR ( 'NONE', #1995, 1000.000000000000227 ) ;
#1288 = EDGE_CURVE ( 'NONE', #91, #1477, #370, .T. ) ;
#1289 = VECTOR ( 'NONE', #832, 1000.000000000000000 ) ;
#1290 = VERTEX_POINT ( 'NONE', #1405 ) ;
#1291 = DIRECTION ( 'NONE',  ( -0.3535533905932708998, 0.7071067811865459074, 0.6123724356957980230 ) ) ;
#1292 = DIRECTION ( 'NONE',  ( -0.000000000000000000, 1.000000000000000000, -0.000000000000000000 ) ) ;
#1293 = LOCAL_TIME ( 15, 9, 33.00000000000000000, #1193 ) ;
#1294 = EDGE_LOOP ( 'NONE', ( #1645, #977, #1723, #1178 ) ) ;
#1295 = ORIENTED_EDGE ( 'NONE', *, *, #1171, .F. ) ;
#1296 = CC_DESIGN_SECURITY_CLASSIFICATION ( #419, ( #2171 ) ) ;
#1297 = DIRECTION ( 'NONE',  ( -0.6546536707079817496, -0.6546536707079766426, -0.3779644730092202587 ) ) ;
#1298 = ORIENTED_EDGE ( 'NONE', *, *, #2156, .F. ) ;
#1299 = CALENDAR_DATE ( 2026, 12, 1 ) ;
#1300 = LINE ( 'NONE', #112, #834 ) ;
#1301 = COORDINATED_UNIVERSAL_TIME_OFFSET ( 3, 0, .AHEAD. ) ;
#1302 = ORIENTED_EDGE ( 'NONE', *, *, #835, .T. ) ;
#1303 = CARTESIAN_POINT ( 'NONE',  ( 5.499999999999999112, 0.000000000000000000, -5.783911205138045931E-14 ) ) ;
#1304 = DIRECTION ( 'NONE',  ( -1.000000000000000000, 0.000000000000000000, 1.051620219116008581E-14 ) ) ;
#1305 = EDGE_CURVE ( 'NONE', #1336, #966, #1884, .T. ) ;
#1306 = ADVANCED_FACE ( 'NONE', ( #1918 ), #47, .T. ) ;
#1307 = ORIENTED_EDGE ( 'NONE', *, *, #1073, .F. ) ;
#1308 = CARTESIAN_POINT ( 'NONE',  ( 0.000000000000000000, -13.00000000000000178, 0.000000000000000000 ) ) ;
#1309 = ORIENTED_EDGE ( 'NONE', *, *, #1548, .T. ) ;
#1310 = CARTESIAN_POINT ( 'NONE',  ( 0.000000000000000000, 0.000000000000000000, 0.000000000000000000 ) ) ;
#1311 = PERSON_AND_ORGANIZATION ( #212, #1931 ) ;
#1312 = ORIENTED_EDGE ( 'NONE', *, *, #1242, .T. ) ;
#1313 = DIRECTION ( 'NONE',  ( -0.000000000000000000, -1.000000000000000000, -0.000000000000000000 ) ) ;
#1314 = CARTESIAN_POINT ( 'NONE',  ( 0.000000000000000000, 0.000000000000000000, 0.000000000000000000 ) ) ;
#1315 = VECTOR ( 'NONE', #1180, 1000.000000000000000 ) ;
#1316 = EDGE_CURVE ( 'NONE', #70, #1883, #791, .T. ) ;
#1317 = EDGE_CURVE ( 'NONE', #812, #1404, #607, .T. ) ;
#1318 = DIRECTION ( 'NONE',  ( 0.000000000000000000, 1.000000000000000000, 0.000000000000000000 ) ) ;
#1319 = VERTEX_POINT ( 'NONE', #1942 ) ;
#1320 = DIRECTION ( 'NONE',  ( 0.000000000000000000, 1.000000000000000000, 0.000000000000000000 ) ) ;
#1321 = COORDINATED_UNIVERSAL_TIME_OFFSET ( 3, 0, .AHEAD. ) ;
#1322 = AXIS2_PLACEMENT_3D ( 'NONE', #1501, #1521, #2033 ) ;
#1323 = DIRECTION ( 'NONE',  ( 0.000000000000000000, 0.000000000000000000, 1.000000000000000000 ) ) ;
#1324 = CARTESIAN_POINT ( 'NONE',  ( 5.499999999999966249, 0.000000000000000000, -3.175426480543007468 ) ) ;
#1325 = AXIS2_PLACEMENT_3D ( 'NONE', #759, #1166, #335 ) ;
#1326 = DIRECTION ( 'NONE',  ( 0.000000000000000000, -0.000000000000000000, 1.000000000000000000 ) ) ;
#1327 = AXIS2_PLACEMENT_3D ( 'NONE', #1524, #717, #1739 ) ;
#1328 = AXIS2_PLACEMENT_3D ( 'NONE', #1368, #864, #1850 ) ;
#1329 = LOCAL_TIME ( 15, 9, 33.00000000000000000, #1999 ) ;
#1330 = DIRECTION ( 'NONE',  ( -0.8660254037844379305, 0.000000000000000000, 0.5000000000000011102 ) ) ;
#1331 =( REPRESENTATION_RELATIONSHIP ('NONE','NONE', #1803, #883 ) REPRESENTATION_RELATIONSHIP_WITH_TRANSFORMATION ( #952 )SHAPE_REPRESENTATION_RELATIONSHIP( ) );
#1332 = EDGE_LOOP ( 'NONE', ( #1120, #733, #1243, #1571, #255, #277, #1435 ) ) ;
#1333 = PRODUCT_DEFINITION ( 'UNKNOWN', '', #1505, #497 ) ;
#1334 = EDGE_CURVE ( 'NONE', #2147, #499, #1975, .T. ) ;
#1335 = CARTESIAN_POINT ( 'NONE',  ( 0.000000000000000000, 3.000000000000000000, 2.500000000000007550 ) ) ;
#1336 = VERTEX_POINT ( 'NONE', #1800 ) ;
#1337 = COORDINATED_UNIVERSAL_TIME_OFFSET ( 3, 0, .AHEAD. ) ;
#1338 = PRODUCT_DEFINITION_SHAPE ( 'NONE', 'NONE',  #1333 ) ;
#1339 = DIRECTION ( 'NONE',  ( 0.000000000000000000, -1.000000000000000000, 0.000000000000000000 ) ) ;
#1340 = CARTESIAN_POINT ( 'NONE',  ( 6.000000000000036415, 0.5000000000000004441, 3.464101615137701096 ) ) ;
#1341 = DIRECTION ( 'NONE',  ( -0.000000000000000000, 1.000000000000000000, -0.000000000000000000 ) ) ;
#1342 = DIRECTION ( 'NONE',  ( 0.7071067811865469066, 0.7071067811865481278, -2.301643153858942173E-15 ) ) ;
#1343 = ORIENTED_EDGE ( 'NONE', *, *, #970, .T. ) ;
#1344 = LINE ( 'NONE', #191, #1649 ) ;
#1345 = ORIENTED_EDGE ( 'NONE', *, *, #623, .F. ) ;
#1346 = CALENDAR_DATE ( 2026, 12, 1 ) ;
#1347 = EDGE_CURVE ( 'NONE', #1270, #1844, #1109, .T. ) ;
#1348 = DIRECTION ( 'NONE',  ( -1.051620219116008581E-14, 0.000000000000000000, -1.000000000000000000 ) ) ;
#1349 = DIRECTION ( 'NONE',  ( 0.8660254037844414832, 0.000000000000000000, 0.4999999999999950595 ) ) ;
#1350 = DIRECTION ( 'NONE',  ( 0.000000000000000000, 0.000000000000000000, 1.000000000000000000 ) ) ;
#1351 = PRODUCT_DEFINITION_SHAPE ( 'NONE', 'NONE',  #2169 ) ;
#1352 = CIRCLE ( 'NONE', #1673, 2.250000000000000000 ) ;
#1353 = ORIENTED_EDGE ( 'NONE', *, *, #1550, .T. ) ;
#1354 = COORDINATED_UNIVERSAL_TIME_OFFSET ( 3, 0, .AHEAD. ) ;
#1355 = CARTESIAN_POINT ( 'NONE',  ( 8.572527594031473190E-16, 2.200000000000000178, 7.000000000000000000 ) ) ;
#1356 = DIRECTION ( 'NONE',  ( -0.3535533905932696230, 0.7071067811865489050, 0.6123724356957954695 ) ) ;
#1357 = AXIS2_PLACEMENT_3D ( 'NONE', #1818, #317, #973 ) ;
#1358 = EDGE_CURVE ( 'NONE', #242, #1885, #1010, .T. ) ;
#1359 = CIRCLE ( 'NONE', #2099, 4.000000000000000000 ) ;
#1360 = VECTOR ( 'NONE', #90, 1000.000000000000000 ) ;
#1361 = AXIS2_PLACEMENT_3D ( 'NONE', #1163, #1008, #2014 ) ;
#1362 = ORIENTED_EDGE ( 'NONE', *, *, #1197, .F. ) ;
#1363 = DIRECTION ( 'NONE',  ( 0.8660254037844415942, 0.000000000000000000, 0.4999999999999950595 ) ) ;
#1364 = DIRECTION ( 'NONE',  ( 0.6546536707079770867, 0.6546536707079783080, 0.3779644730092253657 ) ) ;
#1365 = EDGE_LOOP ( 'NONE', ( #1486, #715 ) ) ;
#1366 = APPROVAL_ROLE ( '' ) ;
#1367 = DIRECTION ( 'NONE',  ( 0.000000000000000000, 1.000000000000000000, 0.000000000000000000 ) ) ;
#1368 = CARTESIAN_POINT ( 'NONE',  ( 0.000000000000000000, 0.000000000000000000, 0.000000000000000000 ) ) ;
#1369 = EDGE_CURVE ( 'NONE', #406, #499, #1932, .T. ) ;
#1370 = EDGE_CURVE ( 'NONE', #1787, #406, #521, .T. ) ;
#1371 = ORIENTED_EDGE ( 'NONE', *, *, #1661, .T. ) ;
#1372 = CYLINDRICAL_SURFACE ( 'NONE', #1998, 4.500000000000000000 ) ;
#1373 = VERTEX_POINT ( 'NONE', #2137 ) ;
#1374 = DATE_AND_TIME ( #210, #1398 ) ;
#1375 = CARTESIAN_POINT ( 'NONE',  ( 4.276852991760959054E-14, 3.000000000000000000, 6.350852961085885262 ) ) ;
#1376 = DIRECTION ( 'NONE',  ( -0.4441563127861997140, -9.616808613753866585E-18, 0.8959493120775121611 ) ) ;
#1377 = DIRECTION ( 'NONE',  ( -0.8660254037844415942, 0.000000000000000000, -0.4999999999999948375 ) ) ;
#1378 = PRODUCT_RELATED_PRODUCT_CATEGORY ( 'detail', '', ( #1023 ) ) ;
#1379 = ORIENTED_EDGE ( 'NONE', *, *, #503, .T. ) ;
#1380 = EDGE_CURVE ( 'NONE', #53, #190, #1213, .T. ) ;
#1381 = VECTOR ( 'NONE', #1599, 1000.000000000000114 ) ;
#1382 = DIRECTION ( 'NONE',  ( 0.000000000000000000, 0.000000000000000000, 1.000000000000000000 ) ) ;
#1383 = VERTEX_POINT ( 'NONE', #1441 ) ;
#1384 = PERSON_AND_ORGANIZATION ( #212, #1931 ) ;
#1385 = CARTESIAN_POINT ( 'NONE',  ( -5.999999999999989342, 3.000000000000000000, 3.464101615137784584 ) ) ;
#1386 = ORIENTED_EDGE ( 'NONE', *, *, #1244, .T. ) ;
#1387 = LINE ( 'NONE', #558, #1245 ) ;
#1388 = VECTOR ( 'NONE', #784, 1000.000000000000000 ) ;
#1389 = FACE_OUTER_BOUND ( 'NONE', #1084, .T. ) ;
#1390 = VECTOR ( 'NONE', #732, 1000.000000000000000 ) ;
#1391 = AXIS2_PLACEMENT_3D ( 'NONE', #1946, #961, #1790 ) ;
#1392 = CIRCLE ( 'NONE', #1430, 6.000000000000000888 ) ;
#1393 = CARTESIAN_POINT ( 'NONE',  ( 0.000000000000000000, 0.000000000000000000, 0.000000000000000000 ) ) ;
#1394 = ORIENTED_EDGE ( 'NONE', *, *, #330, .T. ) ;
#1395 = PERSON_AND_ORGANIZATION_ROLE ( 'creator' ) ;
#1396 = CC_DESIGN_PERSON_AND_ORGANIZATION_ASSIGNMENT ( #1757, #84, ( #1255 ) ) ;
#1397 = ADVANCED_FACE ( 'NONE', ( #1786 ), #1755, .F. ) ;
#1398 = LOCAL_TIME ( 15, 9, 33.00000000000000000, #372 ) ;
#1399 = DIRECTION ( 'NONE',  ( 0.000000000000000000, 0.000000000000000000, 1.000000000000000000 ) ) ;
#1400 = APPLICATION_CONTEXT ( 'configuration controlled 3d designs of mechanical parts and assemblies' ) ;
#1401 = EDGE_LOOP ( 'NONE', ( #1720, #1302, #1394, #789, #1584 ) ) ;
#1402 = DIRECTION ( 'NONE',  ( -0.000000000000000000, -1.000000000000000000, -0.000000000000000000 ) ) ;
#1403 = PLANE ( 'NONE',  #1789 ) ;
#1404 = VERTEX_POINT ( 'NONE', #290 ) ;
#1405 = CARTESIAN_POINT ( 'NONE',  ( 4.898587196589412829E-16, 0.6999999999999999556, 4.000000000000000000 ) ) ;
#1406 = ORIENTED_EDGE ( 'NONE', *, *, #300, .F. ) ;
#1407 = DIRECTION ( 'NONE',  ( -0.8660254037844344888, 0.000000000000000000, 0.5000000000000071054 ) ) ;
#1408 = ADVANCED_FACE ( 'NONE', ( #912 ), #178, .F. ) ;
#1409 = EDGE_CURVE ( 'NONE', #53, #1586, #2124, .T. ) ;
#1410 = EDGE_LOOP ( 'NONE', ( #924, #1526, #109, #1030, #2149 ) ) ;
#1411 = CARTESIAN_POINT ( 'NONE',  ( 0.000000000000000000, 0.000000000000000000, -4.000000000000000000 ) ) ;
#1412 = CARTESIAN_POINT ( 'NONE',  ( 0.000000000000000000, 3.000000000000000000, 2.000000000000000000 ) ) ;
#1413 = ORIENTED_EDGE ( 'NONE', *, *, #350, .F. ) ;
#1414 = CARTESIAN_POINT ( 'NONE',  ( 6.000000000000036415, 0.5000000000000004441, 3.464101615137701096 ) ) ;
#1415 = ORIENTED_EDGE ( 'NONE', *, *, #2127, .F. ) ;
#1416 = PERSON_AND_ORGANIZATION ( #212, #1931 ) ;
#1417 = DIRECTION ( 'NONE',  ( -0.000000000000000000, -1.000000000000000000, -0.000000000000000000 ) ) ;
#1418 = FACE_BOUND ( 'NONE', #583, .T. ) ;
#1419 = AXIS2_PLACEMENT_3D ( 'NONE', #775, #1445, #612 ) ;
#1420 = VERTEX_POINT ( 'NONE', #1585 ) ;
#1421 = CARTESIAN_POINT ( 'NONE',  ( 5.999999999999963585, 0.5000000000000013323, -3.464101615137826773 ) ) ;
#1422 = FACE_OUTER_BOUND ( 'NONE', #608, .T. ) ;
#1423 = EDGE_CURVE ( 'NONE', #966, #2071, #941, .T. ) ;
#1424 = EDGE_LOOP ( 'NONE', ( #1958, #144 ) ) ;
#1425 = AXIS2_PLACEMENT_3D ( 'NONE', #1482, #1313, #1096 ) ;
#1426 = CIRCLE ( 'NONE', #1284, 2.250000000000000000 ) ;
#1427 = DIRECTION ( 'NONE',  ( 0.000000000000000000, 0.000000000000000000, 1.000000000000000000 ) ) ;
#1428 = VERTEX_POINT ( 'NONE', #617 ) ;
#1429 = COORDINATED_UNIVERSAL_TIME_OFFSET ( 3, 0, .AHEAD. ) ;
#1430 = AXIS2_PLACEMENT_3D ( 'NONE', #1773, #854, #1749 ) ;
#1431 = CARTESIAN_POINT ( 'NONE',  ( -2.999999999999968914, 0.000000000000000000, 5.196152422706646234 ) ) ;
#1432 = CARTESIAN_POINT ( 'NONE',  ( -5.999999999999989342, 0.5000000000000004441, 3.464101615137784584 ) ) ;
#1433 = APPROVAL_ROLE ( '' ) ;
#1434 = APPROVAL_PERSON_ORGANIZATION ( #1031, #847, #1838 ) ;
#1435 = ORIENTED_EDGE ( 'NONE', *, *, #201, .T. ) ;
#1436 = DIRECTION ( 'NONE',  ( -1.000000000000000000, 0.000000000000000000, 1.039100930793199338E-14 ) ) ;
#1437 = DIRECTION ( 'NONE',  ( -0.6546536707079726458, 0.6546536707079788631, 0.3779644730092320826 ) ) ;
#1438 = CC_DESIGN_PERSON_AND_ORGANIZATION_ASSIGNMENT ( #602, #2142, ( #37 ) ) ;
#1439 = EDGE_CURVE ( 'NONE', #755, #1912, #1634, .T. ) ;
#1440 = ORIENTED_EDGE ( 'NONE', *, *, #1799, .T. ) ;
#1441 = CARTESIAN_POINT ( 'NONE',  ( 0.000000000000000000, 10.00000000000000000, 2.500000000000009326 ) ) ;
#1442 = ORIENTED_EDGE ( 'NONE', *, *, #1369, .T. ) ;
#1443 = DIRECTION ( 'NONE',  ( 0.000000000000000000, 0.000000000000000000, 1.000000000000000000 ) ) ;
#1444 = MECHANICAL_CONTEXT ( 'NONE', #994, 'mechanical' ) ;
#1445 = DIRECTION ( 'NONE',  ( -0.000000000000000000, -1.000000000000000000, -0.000000000000000000 ) ) ;
#1446 = DIRECTION ( 'NONE',  ( 0.000000000000000000, 1.000000000000000000, 0.000000000000000000 ) ) ;
#1447 = CARTESIAN_POINT ( 'NONE',  ( 0.000000000000000000, 9.499999999999996447, 2.000000000000000000 ) ) ;
#1448 = VERTEX_POINT ( 'NONE', #128 ) ;
#1449 = CARTESIAN_POINT ( 'NONE',  ( 4.336808689942017736E-15, 3.785714285714274929, -5.443588252359348623 ) ) ;
#1450 = ORIENTED_EDGE ( 'NONE', *, *, #2074, .F. ) ;
#1451 = APPROVAL_STATUS ( 'not_yet_approved' ) ;
#1452 = EDGE_CURVE ( 'NONE', #2105, #728, #923, .T. ) ;
#1453 = DIRECTION ( 'NONE',  ( 0.000000000000000000, 0.000000000000000000, -1.000000000000000000 ) ) ;
#1454 = DATE_AND_TIME ( #1638, #36 ) ;
#1455 = CARTESIAN_POINT ( 'NONE',  ( 0.000000000000000000, 0.6999999999999999556, -4.000000000000000000 ) ) ;
#1456 = DIRECTION ( 'NONE',  ( -0.4999999999999951705, 0.000000000000000000, 0.8660254037844414832 ) ) ;
#1457 = DIRECTION ( 'NONE',  ( 3.380207847158600080E-15, 0.000000000000000000, 1.000000000000000000 ) ) ;
#1458 = AXIS2_PLACEMENT_3D ( 'NONE', #1161, #963, #1323 ) ;
#1459 = VERTEX_POINT ( 'NONE', #82 ) ;
#1460 = DIRECTION ( 'NONE',  ( -0.000000000000000000, -1.000000000000000000, -0.000000000000000000 ) ) ;
#1461 = EDGE_LOOP ( 'NONE', ( #907, #1916, #1751, #981 ) ) ;
#1462 = COORDINATED_UNIVERSAL_TIME_OFFSET ( 3, 0, .AHEAD. ) ;
#1463 = VECTOR ( 'NONE', #1099, 1000.000000000000000 ) ;
#1464 = LINE ( 'NONE', #1432, #449 ) ;
#1465 = APPROVAL ( #565, 'UNSPECIFIED' ) ;
#1466 = APPROVAL_ROLE ( '' ) ;
#1467 = EDGE_CURVE ( 'NONE', #8, #1586, #1154, .T. ) ;
#1468 = VECTOR ( 'NONE', #2132, 1000.000000000000000 ) ;
#1469 =( GEOMETRIC_REPRESENTATION_CONTEXT ( 3 ) GLOBAL_UNCERTAINTY_ASSIGNED_CONTEXT ( ( #1992 ) ) GLOBAL_UNIT_ASSIGNED_CONTEXT ( ( #1736, #1590, #554 ) ) REPRESENTATION_CONTEXT ( 'NONE', 'WORKASPACE' ) );
#1470 = LINE ( 'NONE', #151, #346 ) ;
#1471 = CARTESIAN_POINT ( 'NONE',  ( 0.000000000000000000, 0.000000000000000000, -2.499999999999998668 ) ) ;
#1472 = LINE ( 'NONE', #318, #1468 ) ;
#1473 = LOCAL_TIME ( 15, 9, 33.00000000000000000, #131 ) ;
#1474 = ORIENTED_EDGE ( 'NONE', *, *, #309, .T. ) ;
#1475 = LINE ( 'NONE', #1852, #1287 ) ;
#1476 = PRODUCT_DEFINITION_SHAPE ( 'NONE', 'NONE',  #2170 ) ;
#1477 = VERTEX_POINT ( 'NONE', #582 ) ;
#1478 = DIRECTION ( 'NONE',  ( 0.000000000000000000, 0.000000000000000000, -1.000000000000000000 ) ) ;
#1479 = APPROVAL ( #772, 'UNKNOWN' ) ;
#1480 = EDGE_CURVE ( 'NONE', #119, #2042, #1828, .T. ) ;
#1481 = ORIENTED_EDGE ( 'NONE', *, *, #811, .T. ) ;
#1482 = CARTESIAN_POINT ( 'NONE',  ( 0.000000000000000000, 0.000000000000000000, 0.000000000000000000 ) ) ;
#1483 = LINE ( 'NONE', #956, #2136 ) ;
#1484 = ADVANCED_FACE ( 'NONE', ( #1596 ), #92, .T. ) ;
#1485 = CARTESIAN_POINT ( 'NONE',  ( 0.000000000000000000, 0.000000000000000000, -6.928203230275514102 ) ) ;
#1486 = ORIENTED_EDGE ( 'NONE', *, *, #898, .T. ) ;
#1487 = SHAPE_REPRESENTATION ( '758442.015 гайка', ( #662 ), #1719 ) ;
#1488 = PLANE ( 'NONE',  #1826 ) ;
#1489 = SHAPE_DEFINITION_REPRESENTATION ( #1338, #1487 ) ;
#1490 = DIRECTION ( 'NONE',  ( 0.000000000000000000, 0.000000000000000000, 1.000000000000000000 ) ) ;
#1491 = CARTESIAN_POINT ( 'NONE',  ( -6.000000000000011546, 0.000000000000000000, -3.464101615137742840 ) ) ;
#1492 = DIRECTION ( 'NONE',  ( -0.8660254037844414832, 0.000000000000000000, -0.4999999999999950595 ) ) ;
#1493 = AXIS2_PLACEMENT_3D ( 'NONE', #2144, #1639, #1490 ) ;
#1494 = CC_DESIGN_DATE_AND_TIME_ASSIGNMENT ( #1039, #702, ( #1051 ) ) ;
#1495 = CARTESIAN_POINT ( 'NONE',  ( 0.000000000000000000, 0.7000000000000000666, -7.000000000000000000 ) ) ;
#1496 = EDGE_LOOP ( 'NONE', ( #83, #1737 ) ) ;
#1497 = ORIENTED_EDGE ( 'NONE', *, *, #736, .F. ) ;
#1498 = COORDINATED_UNIVERSAL_TIME_OFFSET ( 3, 0, .AHEAD. ) ;
#1499 = AXIS2_PLACEMENT_3D ( 'NONE', #1806, #1619, #152 ) ;
#1500 = CARTESIAN_POINT ( 'NONE',  ( 2.449293598294706414E-16, 0.000000000000000000, -2.000000000000000000 ) ) ;
#1501 = CARTESIAN_POINT ( 'NONE',  ( 0.000000000000000000, 0.000000000000000000, 0.000000000000000000 ) ) ;
#1502 = AXIS2_PLACEMENT_3D ( 'NONE', #432, #301, #1269 ) ;
#1503 = FACE_OUTER_BOUND ( 'NONE', #1198, .T. ) ;
#1504 = CIRCLE ( 'NONE', #903, 2.000000000000000000 ) ;
#1505 = PRODUCT_DEFINITION_FORMATION_WITH_SPECIFIED_SOURCE ( 'ANY', '', #1525, .NOT_KNOWN. ) ;
#1506 = EDGE_CURVE ( 'NONE', #782, #376, #1475, .T. ) ;
#1507 = DIRECTION ( 'NONE',  ( 0.000000000000000000, 0.000000000000000000, 1.000000000000000000 ) ) ;
#1508 = VERTEX_POINT ( 'NONE', #164 ) ;
#1509 = APPROVAL_ROLE ( '' ) ;
#1510 = DIRECTION ( 'NONE',  ( 1.051620219116008581E-14, -0.000000000000000000, 1.000000000000000000 ) ) ;
#1511 = APPROVAL_DATE_TIME ( #494, #1699 ) ;
#1512 = DIRECTION ( 'NONE',  ( -0.8660254037844414832, 0.000000000000000000, -0.4999999999999951705 ) ) ;
#1513 = DIRECTION ( 'NONE',  ( -0.000000000000000000, -1.000000000000000000, -0.000000000000000000 ) ) ;
#1514 = ADVANCED_BREP_SHAPE_REPRESENTATION ( '', ( #209, #662 ), #727 ) ;
#1515 = CARTESIAN_POINT ( 'NONE',  ( 0.000000000000000000, -0.5000000000000000000, 0.000000000000000000 ) ) ;
#1516 = ORIENTED_EDGE ( 'NONE', *, *, #1866, .T. ) ;
#1517 = ORIENTED_EDGE ( 'NONE', *, *, #269, .F. ) ;
#1518 = DATE_AND_TIME ( #1179, #979 ) ;
#1519 = EDGE_CURVE ( 'NONE', #2086, #1899, #976, .T. ) ;
#1520 = PLANE ( 'NONE',  #1176 ) ;
#1521 = DIRECTION ( 'NONE',  ( 0.000000000000000000, -1.000000000000000000, 0.000000000000000000 ) ) ;
#1522 = FACE_OUTER_BOUND ( 'NONE', #1566, .T. ) ;
#1523 = UNCERTAINTY_MEASURE_WITH_UNIT (LENGTH_MEASURE( 1.000000000000000082E-05 ), #785, 'distance_accuracy_value', 'NONE');
#1524 = CARTESIAN_POINT ( 'NONE',  ( 0.000000000000000000, 0.000000000000000000, 0.000000000000000000 ) ) ;
#1525 = PRODUCT ( '758442.015 гайка', '758442.015 гайка', '', ( #1444 ) ) ;
#1526 = ORIENTED_EDGE ( 'NONE', *, *, #1334, .T. ) ;
#1527 = VECTOR ( 'NONE', #1417, 1000.000000000000000 ) ;
#1528 = DIRECTION ( 'NONE',  ( -0.000000000000000000, 1.000000000000000000, -0.000000000000000000 ) ) ;
#1529 = ORIENTED_EDGE ( 'NONE', *, *, #1661, .F. ) ;
#1530 = PERSON_AND_ORGANIZATION_ROLE ( 'creator' ) ;
#1531 = APPROVAL ( #1286, 'UNSPECIFIED' ) ;
#1532 = DIRECTION ( 'NONE',  ( 0.8660254037844415942, 0.000000000000000000, 0.4999999999999948375 ) ) ;
#1533 = EDGE_CURVE ( 'NONE', #1689, #1373, #1013, .T. ) ;
#1534 = DIRECTION ( 'NONE',  ( 0.000000000000000000, 0.000000000000000000, -1.000000000000000000 ) ) ;
#1535 = CARTESIAN_POINT ( 'NONE',  ( 6.000000000000036415, 0.5000000000000004441, 3.464101615137701096 ) ) ;
#1536 = AXIS2_PLACEMENT_3D ( 'NONE', #647, #1266, #1782 ) ;
#1537 = AXIS2_PLACEMENT_3D ( 'NONE', #809, #653, #2150 ) ;
#1538 = AXIS2_PLACEMENT_3D ( 'NONE', #1258, #1939, #237 ) ;
#1539 = LOCAL_TIME ( 15, 9, 33.00000000000000000, #135 ) ;
#1540 = ORIENTED_EDGE ( 'NONE', *, *, #736, .T. ) ;
#1541 = LOCAL_TIME ( 15, 9, 33.00000000000000000, #645 ) ;
#1542 = CARTESIAN_POINT ( 'NONE',  ( 0.000000000000000000, 0.6999999999999999556, 0.000000000000000000 ) ) ;
#1543 = ORIENTED_EDGE ( 'NONE', *, *, #1025, .T. ) ;
#1544 = LOCAL_TIME ( 15, 9, 33.00000000000000000, #793 ) ;
#1545 = APPROVAL_DATE_TIME ( #882, #1102 ) ;
#1546 = CARTESIAN_POINT ( 'NONE',  ( -6.000000000000012434, 3.000000000000000000, -3.464101615137743728 ) ) ;
#1547 = CARTESIAN_POINT ( 'NONE',  ( 13.30308679813016504, 13.25756122090531619, 13.27651715864246640 ) ) ;
#1548 = EDGE_CURVE ( 'NONE', #242, #1373, #968, .T. ) ;
#1549 = CARTESIAN_POINT ( 'NONE',  ( 0.000000000000000000, -0.5000000000000000000, 0.000000000000000000 ) ) ;
#1550 = EDGE_CURVE ( 'NONE', #1319, #1856, #660, .T. ) ;
#1551 = CARTESIAN_POINT ( 'NONE',  ( 4.846383711010204820E-14, 2.499999999999996003, 6.928203230275514102 ) ) ;
#1552 = ORIENTED_EDGE ( 'NONE', *, *, #1229, .T. ) ;
#1553 = PERSON_AND_ORGANIZATION_ROLE ( 'design_owner' ) ;
#1554 = DIRECTION ( 'NONE',  ( -0.8959493120775122721, -1.908195823574488112E-17, -0.4441563127861997695 ) ) ;
#1555 = EDGE_LOOP ( 'NONE', ( #511, #1298, #38, #1929 ) ) ;
#1556 = DIRECTION ( 'NONE',  ( 0.000000000000000000, -0.000000000000000000, 1.000000000000000000 ) ) ;
#1557 = ADVANCED_FACE ( 'NONE', ( #1688 ), #590, .T. ) ;
#1558 = EDGE_CURVE ( 'NONE', #190, #53, #868, .T. ) ;
#1559 = VERTEX_POINT ( 'NONE', #488 ) ;
#1560 = AXIS2_PLACEMENT_3D ( 'NONE', #214, #1339, #1871 ) ;
#1561 = DIRECTION ( 'NONE',  ( 0.000000000000000000, 1.000000000000000000, 0.000000000000000000 ) ) ;
#1562 = ORIENTED_EDGE ( 'NONE', *, *, #877, .T. ) ;
#1563 = APPROVAL_ROLE ( '' ) ;
#1564 = DIRECTION ( 'NONE',  ( 1.000000000000000000, 0.000000000000000000, -3.255014963930502918E-15 ) ) ;
#1565 =( NAMED_UNIT ( * ) SI_UNIT ( $, .STERADIAN. ) SOLID_ANGLE_UNIT ( ) );
#1566 = EDGE_LOOP ( 'NONE', ( #2076, #646 ) ) ;
#1567 = DIRECTION ( 'NONE',  ( 0.000000000000000000, 0.000000000000000000, 1.000000000000000000 ) ) ;
#1568 = VECTOR ( 'NONE', #462, 1000.000000000000000 ) ;
#1569 = CARTESIAN_POINT ( 'NONE',  ( 0.000000000000000000, 0.000000000000000000, 2.250000000000000000 ) ) ;
#1570 = AXIS2_PLACEMENT_3D ( 'NONE', #146, #1855, #1478 ) ;
#1571 = ORIENTED_EDGE ( 'NONE', *, *, #1370, .T. ) ;
#1572 = AXIS2_PLACEMENT_3D ( 'NONE', #67, #1697, #765 ) ;
#1573 = EDGE_CURVE ( 'NONE', #396, #1428, #498, .T. ) ;
#1574 = CARTESIAN_POINT ( 'NONE',  ( 0.000000000000000000, 7.000000000000000000, 0.000000000000000000 ) ) ;
#1575 = ORIENTED_EDGE ( 'NONE', *, *, #1061, .F. ) ;
#1576 = APPROVAL_ROLE ( '' ) ;
#1577 = LOCAL_TIME ( 15, 9, 33.00000000000000000, #1429 ) ;
#1578 = DIRECTION ( 'NONE',  ( 0.000000000000000000, 1.000000000000000000, 0.000000000000000000 ) ) ;
#1579 = PLANE ( 'NONE',  #938 ) ;
#1580 = DIRECTION ( 'NONE',  ( 0.000000000000000000, 0.000000000000000000, 1.000000000000000000 ) ) ;
#1581 = ORIENTED_EDGE ( 'NONE', *, *, #1467, .F. ) ;
#1582 = DIRECTION ( 'NONE',  ( 0.000000000000000000, 0.000000000000000000, -1.000000000000000000 ) ) ;
#1583 = CARTESIAN_POINT ( 'NONE',  ( -5.999999999999989342, 0.5000000000000004441, 3.464101615137784584 ) ) ;
#1584 = ORIENTED_EDGE ( 'NONE', *, *, #970, .F. ) ;
#1585 = CARTESIAN_POINT ( 'NONE',  ( 2.143131898507864600E-16, -13.00000000000000178, -1.499999999999994449 ) ) ;
#1586 = VERTEX_POINT ( 'NONE', #1495 ) ;
#1587 = COORDINATED_UNIVERSAL_TIME_OFFSET ( 3, 0, .AHEAD. ) ;
#1588 = DIRECTION ( 'NONE',  ( 3.255014963930502918E-15, 0.000000000000000000, 1.000000000000000000 ) ) ;
#1589 = EDGE_CURVE ( 'NONE', #1844, #2027, #2165, .T. ) ;
#1590 =( NAMED_UNIT ( * ) PLANE_ANGLE_UNIT ( ) SI_UNIT ( $, .RADIAN. ) );
#1591 = ORIENTED_EDGE ( 'NONE', *, *, #163, .T. ) ;
#1592 = FACE_BOUND ( 'NONE', #1496, .T. ) ;
#1593 = CARTESIAN_POINT ( 'NONE',  ( 0.000000000000000000, 3.000000000000000000, 0.000000000000000000 ) ) ;
#1594 = ADVANCED_BREP_SHAPE_REPRESENTATION ( '', ( #1664, #662 ), #1719 ) ;
#1595 = ORIENTED_EDGE ( 'NONE', *, *, #2046, .F. ) ;
#1596 = FACE_OUTER_BOUND ( 'NONE', #1846, .T. ) ;
#1597 = DATE_TIME_ROLE ( 'classification_date' ) ;
#1598 = CIRCLE ( 'NONE', #2087, 6.000000000000000888 ) ;
#1599 = DIRECTION ( 'NONE',  ( -0.8660254037844415942, 0.000000000000000000, -0.4999999999999948375 ) ) ;
#1600 = DIRECTION ( 'NONE',  ( 0.000000000000000000, -1.000000000000000000, 0.000000000000000000 ) ) ;
#1601 = DATE_AND_TIME ( #123, #328 ) ;
#1602 = EDGE_CURVE ( 'NONE', #572, #1813, #1843, .T. ) ;
#1603 = ADVANCED_FACE ( 'NONE', ( #154 ), #667, .F. ) ;
#1604 = EDGE_LOOP ( 'NONE', ( #545, #362, #1618, #48 ) ) ;
#1605 = FACE_OUTER_BOUND ( 'NONE', #420, .T. ) ;
#1606 = CARTESIAN_POINT ( 'NONE',  ( -4.714285714285703754, 3.785714285714289140, 2.721794126179686746 ) ) ;
#1607 = EDGE_LOOP ( 'NONE', ( #870, #651, #1035, #1868 ) ) ;
#1608 = VECTOR ( 'NONE', #184, 1000.000000000000000 ) ;
#1609 = VECTOR ( 'NONE', #754, 1000.000000000000000 ) ;
#1610 = DIRECTION ( 'NONE',  ( 0.000000000000000000, -1.000000000000000000, 0.000000000000000000 ) ) ;
#1611 = ORIENTED_EDGE ( 'NONE', *, *, #1888, .T. ) ;
#1612 = ITEM_DEFINED_TRANSFORMATION ( 'NONE', 'NONE', #692,  #662 ) ;
#1613 = AXIS2_PLACEMENT_3D ( 'NONE', #1914, #2077, #1232 ) ;
#1614 = DIRECTION ( 'NONE',  ( -0.000000000000000000, 1.000000000000000000, -0.000000000000000000 ) ) ;
#1615 = VECTOR ( 'NONE', #1696, 1000.000000000000000 ) ;
#1616 = SHAPE_DEFINITION_REPRESENTATION ( #1835, #1803 ) ;
#1617 = LOCAL_TIME ( 15, 9, 33.00000000000000000, #2072 ) ;
#1618 = ORIENTED_EDGE ( 'NONE', *, *, #1876, .T. ) ;
#1619 = DIRECTION ( 'NONE',  ( 0.000000000000000000, 1.000000000000000000, 0.000000000000000000 ) ) ;
#1620 = CARTESIAN_POINT ( 'NONE',  ( -5.999999999999989342, 3.000000000000000000, 3.464101615137784584 ) ) ;
#1621 = CC_DESIGN_DATE_AND_TIME_ASSIGNMENT ( #1625, #1597, ( #1083 ) ) ;
#1622 = ORIENTED_EDGE ( 'NONE', *, *, #848, .T. ) ;
#1623 = ADVANCED_FACE ( 'NONE', ( #989 ), #2015, .F. ) ;
#1624 = DIRECTION ( 'NONE',  ( 0.000000000000000000, 0.000000000000000000, -1.000000000000000000 ) ) ;
#1625 = DATE_AND_TIME ( #609, #254 ) ;
#1626 = PLANE ( 'NONE',  #1750 ) ;
#1627 = APPROVAL_DATE_TIME ( #1454, #1259 ) ;
#1628 = DIRECTION ( 'NONE',  ( 0.000000000000000000, -0.000000000000000000, -1.000000000000000000 ) ) ;
#1629 = CYLINDRICAL_SURFACE ( 'NONE', #1112, 6.000000000000000888 ) ;
#1630 = DIRECTION ( 'NONE',  ( 0.000000000000000000, 0.000000000000000000, -1.000000000000000000 ) ) ;
#1631 = ORIENTED_EDGE ( 'NONE', *, *, #86, .T. ) ;
#1632 = CC_DESIGN_DATE_AND_TIME_ASSIGNMENT ( #1374, #1208, ( #186 ) ) ;
#1633 = ADVANCED_FACE ( 'NONE', ( #18 ), #1822, .F. ) ;
#1634 = LINE ( 'NONE', #422, #1930 ) ;
#1635 = ORIENTED_EDGE ( 'NONE', *, *, #580, .T. ) ;
#1636 = APPROVAL_DATE_TIME ( #110, #1808 ) ;
#1637 = CARTESIAN_POINT ( 'NONE',  ( 0.000000000000000000, 7.000000000000000000, 4.500000000000000000 ) ) ;
#1638 = CALENDAR_DATE ( 2026, 12, 1 ) ;
#1639 = DIRECTION ( 'NONE',  ( -0.000000000000000000, -1.000000000000000000, -0.000000000000000000 ) ) ;
#1640 = PLANE ( 'NONE',  #1536 ) ;
#1641 = CARTESIAN_POINT ( 'NONE',  ( -6.000000000000012434, 2.499999999999996003, -3.464101615137743728 ) ) ;
#1642 = VECTOR ( 'NONE', #2, 1000.000000000000000 ) ;
#1643 = EDGE_LOOP ( 'NONE', ( #331, #1474, #942, #2047 ) ) ;
#1644 = DIRECTION ( 'NONE',  ( -0.8660254037844379305, 0.000000000000000000, 0.5000000000000011102 ) ) ;
#1645 = ORIENTED_EDGE ( 'NONE', *, *, #1452, .T. ) ;
#1646 = CONTEXT_DEPENDENT_SHAPE_REPRESENTATION ( #1331, #1476 ) ;
#1647 = CONICAL_SURFACE ( 'NONE', #2058, 2.000000000000000000, 0.7853981633974533860 ) ;
#1648 = EDGE_CURVE ( 'NONE', #2042, #119, #762, .T. ) ;
#1649 = VECTOR ( 'NONE', #827, 1000.000000000000000 ) ;
#1650 = CARTESIAN_POINT ( 'NONE',  ( 4.837938458043933716E-14, 0.000000000000000000, 6.928203230275513214 ) ) ;
#1651 = DATE_TIME_ROLE ( 'creation_date' ) ;
#1652 = ADVANCED_FACE ( 'NONE', ( #352 ), #1014, .F. ) ;
#1653 = AXIS2_PLACEMENT_3D ( 'NONE', #806, #1318, #999 ) ;
#1654 = DIRECTION ( 'NONE',  ( 8.659560562354963673E-17, 0.7071067811865451302, -0.7071067811865500152 ) ) ;
#1655 = FACE_OUTER_BOUND ( 'NONE', #1137, .T. ) ;
#1656 = CARTESIAN_POINT ( 'NONE',  ( 0.000000000000000000, -0.5000000000000000000, 0.000000000000000000 ) ) ;
#1657 = CC_DESIGN_SECURITY_CLASSIFICATION ( #560, ( #2004 ) ) ;
#1658 = DIRECTION ( 'NONE',  ( -0.000000000000000000, 1.000000000000000000, -0.000000000000000000 ) ) ;
#1659 = EDGE_LOOP ( 'NONE', ( #1235, #409 ) ) ;
#1660 = CALENDAR_DATE ( 2026, 12, 1 ) ;
#1661 = EDGE_CURVE ( 'NONE', #572, #1127, #1812, .T. ) ;
#1662 = ORIENTED_EDGE ( 'NONE', *, *, #1550, .F. ) ;
#1663 = DIRECTION ( 'NONE',  ( 0.000000000000000000, 0.000000000000000000, 1.000000000000000000 ) ) ;
#1664 = MANIFOLD_SOLID_BREP ( 'Фаска1', #405 ) ;
#1665 = DIRECTION ( 'NONE',  ( -0.000000000000000000, 1.000000000000000000, -0.000000000000000000 ) ) ;
#1666 = ORIENTED_EDGE ( 'NONE', *, *, #87, .T. ) ;
#1667 = ORIENTED_EDGE ( 'NONE', *, *, #540, .F. ) ;
#1668 = DATE_AND_TIME ( #1159, #5 ) ;
#1669 = LINE ( 'NONE', #1500, #1642 ) ;
#1670 = LINE ( 'NONE', #25, #253 ) ;
#1671 = CC_DESIGN_PERSON_AND_ORGANIZATION_ASSIGNMENT ( #982, #500, ( #983 ) ) ;
#1672 = EDGE_CURVE ( 'NONE', #1281, #755, #815, .T. ) ;
#1673 = AXIS2_PLACEMENT_3D ( 'NONE', #1093, #1578, #1768 ) ;
#1674 = DIRECTION ( 'NONE',  ( 6.468187214674405947E-16, -0.6546536707079766426, 0.7559289460184548393 ) ) ;
#1675 = ORIENTED_EDGE ( 'NONE', *, *, #1602, .T. ) ;
#1676 = CIRCLE ( 'NONE', #1009, 2.000000000000000000 ) ;
#1677 = CARTESIAN_POINT ( 'NONE',  ( 0.000000000000000000, 7.000000000000000000, -6.928203230275514102 ) ) ;
#1678 = VERTEX_POINT ( 'NONE', #81 ) ;
#1679 = APPLICATION_PROTOCOL_DEFINITION ( 'international standard', 'config_control_design', 1994, #1400 ) ;
#1680 = AXIS2_PLACEMENT_3D ( 'NONE', #408, #1528, #1047 ) ;
#1681 = CARTESIAN_POINT ( 'NONE',  ( 0.000000000000000000, 2.200000000000000178, 0.000000000000000000 ) ) ;
#1682 = VECTOR ( 'NONE', #823, 1000.000000000000000 ) ;
#1683 = CARTESIAN_POINT ( 'NONE',  ( -5.500000000000008882, 3.000000000000000000, -3.175426480542929308 ) ) ;
#1684 = CIRCLE ( 'NONE', #355, 2.000000000000000000 ) ;
#1685 = VECTOR ( 'NONE', #853, 1000.000000000000114 ) ;
#1686 = CC_DESIGN_SECURITY_CLASSIFICATION ( #186, ( #1255 ) ) ;
#1687 = ADVANCED_FACE ( 'NONE', ( #579 ), #519, .T. ) ;
#1688 = FACE_OUTER_BOUND ( 'NONE', #951, .T. ) ;
#1689 = VERTEX_POINT ( 'NONE', #417 ) ;
#1690 = DATE_AND_TIME ( #1002, #1087 ) ;
#1691 = CARTESIAN_POINT ( 'NONE',  ( -6.000000000000012434, 0.5000000000000004441, -3.464101615137743728 ) ) ;
#1692 = VERTEX_POINT ( 'NONE', #739 ) ;
#1693 = COORDINATED_UNIVERSAL_TIME_OFFSET ( 3, 0, .AHEAD. ) ;
#1694 = PRODUCT ( '711341.104 шайба', '711341.104 шайба', '', ( #664 ) ) ;
#1695 = CARTESIAN_POINT ( 'NONE',  ( 5.999999999999963585, 3.000000000000000000, -3.464101615137826773 ) ) ;
#1696 = DIRECTION ( 'NONE',  ( 1.051620219116008581E-14, 0.000000000000000000, 1.000000000000000000 ) ) ;
#1697 = DIRECTION ( 'NONE',  ( 0.4999999999999950595, 0.000000000000000000, -0.8660254037844415942 ) ) ;
#1698 = ORIENTED_EDGE ( 'NONE', *, *, #540, .T. ) ;
#1699 = APPROVAL ( #993, 'UNSPECIFIED' ) ;
#1700 = ADVANCED_FACE ( 'NONE', ( #1389 ), #909, .F. ) ;
#1701 = CARTESIAN_POINT ( 'NONE',  ( 0.000000000000000000, -13.00000000000000178, 0.000000000000000000 ) ) ;
#1702 = EDGE_LOOP ( 'NONE', ( #2120, #807, #353, #919 ) ) ;
#1703 = DATE_AND_TIME ( #2043, #1293 ) ;
#1704 = CARTESIAN_POINT ( 'NONE',  ( 0.000000000000000000, 10.00000000000000000, 4.500000000000000000 ) ) ;
#1705 = CARTESIAN_POINT ( 'NONE',  ( 0.000000000000000000, 2.200000000000000178, 2.250000000000000000 ) ) ;
#1706 = VECTOR ( 'NONE', #1237, 999.9999999999998863 ) ;
#1707 = ORIENTED_EDGE ( 'NONE', *, *, #1941, .T. ) ;
#1708 = DIRECTION ( 'NONE',  ( 0.000000000000000000, 1.000000000000000000, 0.000000000000000000 ) ) ;
#1709 = EDGE_LOOP ( 'NONE', ( #2093, #591, #599, #1575 ) ) ;
#1710 = PERSON_AND_ORGANIZATION_ROLE ( 'creator' ) ;
#1711 = EDGE_CURVE ( 'NONE', #782, #1787, #1392, .T. ) ;
#1712 = CARTESIAN_POINT ( 'NONE',  ( -5.499999999999987566, 3.000000000000000000, 3.464101615137782808 ) ) ;
#1713 = EDGE_CURVE ( 'NONE', #79, #2042, #2096, .T. ) ;
#1714 = LINE ( 'NONE', #696, #1289 ) ;
#1715 = AXIS2_PLACEMENT_3D ( 'NONE', #1831, #3, #1007 ) ;
#1716 = CIRCLE ( 'NONE', #1570, 4.000000000000000000 ) ;
#1717 = DIRECTION ( 'NONE',  ( 0.000000000000000000, 0.000000000000000000, -1.000000000000000000 ) ) ;
#1718 = VECTOR ( 'NONE', #1674, 1000.000000000000114 ) ;
#1719 =( GEOMETRIC_REPRESENTATION_CONTEXT ( 3 ) GLOBAL_UNCERTAINTY_ASSIGNED_CONTEXT ( ( #234 ) ) GLOBAL_UNIT_ASSIGNED_CONTEXT ( ( #2075, #2060, #746 ) ) REPRESENTATION_CONTEXT ( 'NONE', 'WORKASPACE' ) );
#1720 = ORIENTED_EDGE ( 'NONE', *, *, #768, .F. ) ;
#1721 = CC_DESIGN_APPROVAL ( #847, ( #1505 ) ) ;
#1722 = CARTESIAN_POINT ( 'NONE',  ( 0.000000000000000000, 0.000000000000000000, 0.000000000000000000 ) ) ;
#1723 = ORIENTED_EDGE ( 'NONE', *, *, #1798, .F. ) ;
#1724 = COORDINATED_UNIVERSAL_TIME_OFFSET ( 3, 0, .AHEAD. ) ;
#1725 = DIRECTION ( 'NONE',  ( 0.000000000000000000, 1.000000000000000000, 0.000000000000000000 ) ) ;
#1726 = CARTESIAN_POINT ( 'NONE',  ( 13.30308679813016504, 10.55756122090531512, 13.27651715864246640 ) ) ;
#1727 = CC_DESIGN_DATE_AND_TIME_ASSIGNMENT ( #1987, #97, ( #37 ) ) ;
#1728 = EDGE_CURVE ( 'NONE', #901, #1692, #1504, .T. ) ;
#1729 = CARTESIAN_POINT ( 'NONE',  ( 0.000000000000000000, 3.000000000000000000, 0.000000000000000000 ) ) ;
#1730 = EDGE_LOOP ( 'NONE', ( #389, #1415, #364, #1279 ) ) ;
#1731 = DIRECTION ( 'NONE',  ( 0.000000000000000000, 0.000000000000000000, -1.000000000000000000 ) ) ;
#1732 = ORIENTED_EDGE ( 'NONE', *, *, #393, .T. ) ;
#1733 = APPROVAL_DATE_TIME ( #536, #621 ) ;
#1734 = CARTESIAN_POINT ( 'NONE',  ( 0.000000000000000000, 7.000000000000000000, 0.000000000000000000 ) ) ;
#1735 = CARTESIAN_POINT ( 'NONE',  ( -5.999999999999987566, 0.000000000000000000, 3.464101615137783252 ) ) ;
#1736 =( LENGTH_UNIT ( ) NAMED_UNIT ( * ) SI_UNIT ( .MILLI., .METRE. ) );
#1737 = ORIENTED_EDGE ( 'NONE', *, *, #450, .T. ) ;
#1738 = FACE_OUTER_BOUND ( 'NONE', #1365, .T. ) ;
#1739 = DIRECTION ( 'NONE',  ( 0.000000000000000000, 0.000000000000000000, -1.000000000000000000 ) ) ;
#1740 = EDGE_CURVE ( 'NONE', #70, #250, #1086, .T. ) ;
#1741 = ORIENTED_EDGE ( 'NONE', *, *, #794, .F. ) ;
#1742 = VECTOR ( 'NONE', #637, 1000.000000000000000 ) ;
#1743 = DIRECTION ( 'NONE',  ( 0.000000000000000000, 0.000000000000000000, 1.000000000000000000 ) ) ;
#1744 = ORIENTED_EDGE ( 'NONE', *, *, #780, .F. ) ;
#1745 = APPROVAL_ROLE ( '' ) ;
#1746 = CARTESIAN_POINT ( 'NONE',  ( 7.347880794884120722E-16, 0.000000000000000000, -6.000000000000000888 ) ) ;
#1747 = ORIENTED_EDGE ( 'NONE', *, *, #1533, .T. ) ;
#1748 = FACE_BOUND ( 'NONE', #1948, .T. ) ;
#1749 = DIRECTION ( 'NONE',  ( 0.000000000000000000, 0.000000000000000000, -1.000000000000000000 ) ) ;
#1750 = AXIS2_PLACEMENT_3D ( 'NONE', #2129, #611, #1139 ) ;
#1751 = ORIENTED_EDGE ( 'NONE', *, *, #1347, .F. ) ;
#1752 = AXIS2_PLACEMENT_3D ( 'NONE', #1583, #593, #1241 ) ;
#1753 = ADVANCED_FACE ( 'NONE', ( #264 ), #1403, .F. ) ;
#1754 =( GEOMETRIC_REPRESENTATION_CONTEXT ( 3 ) GLOBAL_UNCERTAINTY_ASSIGNED_CONTEXT ( ( #1523 ) ) GLOBAL_UNIT_ASSIGNED_CONTEXT ( ( #785, #483, #1779 ) ) REPRESENTATION_CONTEXT ( 'NONE', 'WORKASPACE' ) );
#1755 = CYLINDRICAL_SURFACE ( 'NONE', #2062, 2.000000000000000000 ) ;
#1756 = EDGE_LOOP ( 'NONE', ( #655, #1064, #1595, #1667 ) ) ;
#1757 = PERSON_AND_ORGANIZATION ( #212, #1931 ) ;
#1758 = ORGANIZATION ( 'NAUO-ORG2', 'UNSPECIFIED', 'UNSPECIFIED' ) ;
#1759 = DIRECTION ( 'NONE',  ( 0.000000000000000000, -1.000000000000000000, 0.000000000000000000 ) ) ;
#1760 = ORIENTED_EDGE ( 'NONE', *, *, #58, .T. ) ;
#1761 = PLANE ( 'NONE',  #893 ) ;
#1762 = DIRECTION ( 'NONE',  ( -1.051620219116008581E-14, 0.000000000000000000, -1.000000000000000000 ) ) ;
#1763 = ORIENTED_EDGE ( 'NONE', *, *, #24, .F. ) ;
#1764 = CARTESIAN_POINT ( 'NONE',  ( -5.999999999999987566, 0.000000000000000000, 3.464101615137783252 ) ) ;
#1765 = ORIENTED_EDGE ( 'NONE', *, *, #1219, .T. ) ;
#1766 = EDGE_CURVE ( 'NONE', #1692, #901, #1684, .T. ) ;
#1767 = EDGE_CURVE ( 'NONE', #1692, #1919, #559, .T. ) ;
#1768 = DIRECTION ( 'NONE',  ( 0.000000000000000000, 0.000000000000000000, 1.000000000000000000 ) ) ;
#1769 = DIRECTION ( 'NONE',  ( 0.000000000000000000, -0.000000000000000000, -1.000000000000000000 ) ) ;
#1770 = APPLICATION_PROTOCOL_DEFINITION ( 'international standard', 'config_control_design', 1994, #436 ) ;
#1771 = ORIENTED_EDGE ( 'NONE', *, *, #929, .F. ) ;
#1772 = FACE_OUTER_BOUND ( 'NONE', #1401, .T. ) ;
#1773 = CARTESIAN_POINT ( 'NONE',  ( 0.000000000000000000, 0.000000000000000000, 0.000000000000000000 ) ) ;
#1774 = EDGE_LOOP ( 'NONE', ( #371, #480 ) ) ;
#1775 = CARTESIAN_POINT ( 'NONE',  ( 0.000000000000000000, -12.49999999999999467, 0.000000000000000000 ) ) ;
#1776 = EDGE_LOOP ( 'NONE', ( #1744, #288, #165, #1038 ) ) ;
#1777 = VECTOR ( 'NONE', #1532, 1000.000000000000114 ) ;
#1778 = DIRECTION ( 'NONE',  ( 0.000000000000000000, 1.000000000000000000, 0.000000000000000000 ) ) ;
#1779 =( NAMED_UNIT ( * ) SI_UNIT ( $, .STERADIAN. ) SOLID_ANGLE_UNIT ( ) );
#1780 = ADVANCED_FACE ( 'NONE', ( #1422 ), #361, .F. ) ;
#1781 = ORIENTED_EDGE ( 'NONE', *, *, #1316, .F. ) ;
#1782 = DIRECTION ( 'NONE',  ( 0.000000000000000000, -0.000000000000000000, 1.000000000000000000 ) ) ;
#1783 = CYLINDRICAL_SURFACE ( 'NONE', #107, 2.000000000000000000 ) ;
#1784 = ORIENTED_EDGE ( 'NONE', *, *, #1825, .T. ) ;
#1785 = VECTOR ( 'NONE', #1377, 1000.000000000000114 ) ;
#1786 = FACE_OUTER_BOUND ( 'NONE', #1643, .T. ) ;
#1787 = VERTEX_POINT ( 'NONE', #430 ) ;
#1788 = CALENDAR_DATE ( 2026, 12, 1 ) ;
#1789 = AXIS2_PLACEMENT_3D ( 'NONE', #1060, #921, #1097 ) ;
#1790 = DIRECTION ( 'NONE',  ( 0.000000000000000000, 0.000000000000000000, 1.000000000000000000 ) ) ;
#1791 = CIRCLE ( 'NONE', #418, 2.499999999999998668 ) ;
#1792 = MECHANICAL_CONTEXT ( 'NONE', #436, 'mechanical' ) ;
#1793 = APPROVAL_PERSON_ORGANIZATION ( #1216, #621, #1745 ) ;
#1794 = LINE ( 'NONE', #1455, #1917 ) ;
#1795 = DIRECTION ( 'NONE',  ( 0.000000000000000000, 1.000000000000000000, 0.000000000000000000 ) ) ;
#1796 = DIRECTION ( 'NONE',  ( 0.000000000000000000, -1.000000000000000000, 0.000000000000000000 ) ) ;
#1797 = ORGANIZATION ( 'NAUO-ORG3', 'UNSPECIFIED', 'UNSPECIFIED' ) ;
#1798 = EDGE_CURVE ( 'NONE', #2018, #737, #1222, .T. ) ;
#1799 = EDGE_CURVE ( 'NONE', #641, #1319, #395, .T. ) ;
#1800 = CARTESIAN_POINT ( 'NONE',  ( 0.000000000000000000, -13.00000000000000178, 1.499999999999994449 ) ) ;
#1801 = ORIENTED_EDGE ( 'NONE', *, *, #1839, .T. ) ;
#1802 = DATE_AND_TIME ( #1299, #1016 ) ;
#1803 = SHAPE_REPRESENTATION ( '685631.123-01 стойка', ( #804, #219, #68, #1863, #692 ), #1754 ) ;
#1804 = DIRECTION ( 'NONE',  ( 0.000000000000000000, 0.000000000000000000, 1.000000000000000000 ) ) ;
#1805 = APPROVAL_STATUS ( 'not_yet_approved' ) ;
#1806 = CARTESIAN_POINT ( 'NONE',  ( 0.000000000000000000, 10.00000000000000000, 0.000000000000000000 ) ) ;
#1807 = CARTESIAN_POINT ( 'NONE',  ( 6.000000000000036415, 2.499999999999996003, 3.464101615137701096 ) ) ;
#1808 = APPROVAL ( #1451, 'UNKNOWN' ) ;
#1809 = ADVANCED_FACE ( 'NONE', ( #896 ), #102, .F. ) ;
#1810 = ORIENTED_EDGE ( 'NONE', *, *, #1519, .F. ) ;
#1811 = ADVANCED_FACE ( 'NONE', ( #196 ), #106, .F. ) ;
#1812 = LINE ( 'NONE', #310, #1046 ) ;
#1813 = VERTEX_POINT ( 'NONE', #729 ) ;
#1814 = APPROVAL_STATUS ( 'not_yet_approved' ) ;
#1815 = CARTESIAN_POINT ( 'NONE',  ( 0.000000000000000000, -0.5000000000000000000, 0.000000000000000000 ) ) ;
#1816 = PERSON_AND_ORGANIZATION ( #212, #1931 ) ;
#1817 = DIRECTION ( 'NONE',  ( 0.000000000000000000, -1.000000000000000000, 0.000000000000000000 ) ) ;
#1818 = CARTESIAN_POINT ( 'NONE',  ( 0.000000000000000000, 7.000000000000000000, 0.000000000000000000 ) ) ;
#1819 = PLANE ( 'NONE',  #1254 ) ;
#1820 = AXIS2_PLACEMENT_3D ( 'NONE', #552, #1725, #233 ) ;
#1821 = EDGE_LOOP ( 'NONE', ( #1982, #2100 ) ) ;
#1822 = CYLINDRICAL_SURFACE ( 'NONE', #33, 2.000000000000000000 ) ;
#1823 = EDGE_LOOP ( 'NONE', ( #229, #1386 ) ) ;
#1824 = CIRCLE ( 'NONE', #1322, 4.000000000000000000 ) ;
#1825 = EDGE_CURVE ( 'NONE', #816, #155, #382, .T. ) ;
#1826 = AXIS2_PLACEMENT_3D ( 'NONE', #1310, #1320, #1986 ) ;
#1827 = CALENDAR_DATE ( 2026, 12, 1 ) ;
#1828 = CIRCLE ( 'NONE', #2168, 2.250000000000000000 ) ;
#1829 = APPROVAL_PERSON_ORGANIZATION ( #295, #1011, #1466 ) ;
#1830 = FACE_OUTER_BOUND ( 'NONE', #718, .T. ) ;
#1831 = CARTESIAN_POINT ( 'NONE',  ( 5.999999999999963585, 3.000000000000000000, -3.464101615137826773 ) ) ;
#1832 = CARTESIAN_POINT ( 'NONE',  ( 1.907183901546840320E-15, 3.000000000000000000, -6.350852961085887038 ) ) ;
#1833 = CC_DESIGN_SECURITY_CLASSIFICATION ( #493, ( #1505 ) ) ;
#1834 = CARTESIAN_POINT ( 'NONE',  ( -6.000000000000012434, 0.5000000000000004441, -3.464101615137743728 ) ) ;
#1835 = PRODUCT_DEFINITION_SHAPE ( 'NONE', 'NONE',  #2114 ) ;
#1836 = EDGE_LOOP ( 'NONE', ( #699, #93, #1698, #2158 ) ) ;
#1837 = CC_DESIGN_PERSON_AND_ORGANIZATION_ASSIGNMENT ( #232, #871, ( #560 ) ) ;
#1838 = APPROVAL_ROLE ( '' ) ;
#1839 = EDGE_CURVE ( 'NONE', #1270, #572, #403, .T. ) ;
#1840 = CARTESIAN_POINT ( 'NONE',  ( 2.750000000000039080, 0.000000000000000000, 4.763139720814389300 ) ) ;
#1841 = CARTESIAN_POINT ( 'NONE',  ( 1.836970198721022785E-16, -13.00000000000000178, -1.499999999999994449 ) ) ;
#1842 = CARTESIAN_POINT ( 'NONE',  ( 0.000000000000000000, 0.000000000000000000, 0.000000000000000000 ) ) ;
#1843 = LINE ( 'NONE', #342, #1718 ) ;
#1844 = VERTEX_POINT ( 'NONE', #1832 ) ;
#1845 = LINE ( 'NONE', #363, #354 ) ;
#1846 = EDGE_LOOP ( 'NONE', ( #949, #1765, #1631, #954 ) ) ;
#1847 = APPROVAL_STATUS ( 'not_yet_approved' ) ;
#1848 = APPROVAL ( #379, 'UNSPECIFIED' ) ;
#1849 = LINE ( 'NONE', #1695, #2052 ) ;
#1850 = DIRECTION ( 'NONE',  ( 0.000000000000000000, -0.000000000000000000, 1.000000000000000000 ) ) ;
#1851 = EDGE_CURVE ( 'NONE', #1508, #250, #1483, .T. ) ;
#1852 = CARTESIAN_POINT ( 'NONE',  ( 4.837938458043933716E-14, 0.000000000000000000, 6.928203230275513214 ) ) ;
#1853 = ORIENTED_EDGE ( 'NONE', *, *, #45, .F. ) ;
#1854 = VECTOR ( 'NONE', #1959, 999.9999999999998863 ) ;
#1855 = DIRECTION ( 'NONE',  ( 0.000000000000000000, -1.000000000000000000, 0.000000000000000000 ) ) ;
#1856 = VERTEX_POINT ( 'NONE', #1641 ) ;
#1857 = APPLICATION_PROTOCOL_DEFINITION ( 'international standard', 'config_control_design', 1994, #221 ) ;
#1858 = VECTOR ( 'NONE', #2017, 1000.000000000000114 ) ;
#1859 = FACE_OUTER_BOUND ( 'NONE', #1836, .T. ) ;
#1860 = AXIS2_PLACEMENT_3D ( 'NONE', #1515, #189, #642 ) ;
#1861 = CARTESIAN_POINT ( 'NONE',  ( 0.000000000000000000, 10.00000000000000000, 0.000000000000000000 ) ) ;
#1862 = DESIGN_CONTEXT ( 'detailed design', #100, 'design' ) ;
#1863 = AXIS2_PLACEMENT_3D ( 'NONE', #1220, #1376, #1554 ) ;
#1864 = CC_DESIGN_PERSON_AND_ORGANIZATION_ASSIGNMENT ( #74, #1553, ( #1023 ) ) ;
#1865 = CC_DESIGN_APPROVAL ( #1808, ( #1083 ) ) ;
#1866 = EDGE_CURVE ( 'NONE', #1885, #242, #1186, .T. ) ;
#1867 = DIRECTION ( 'NONE',  ( -0.7071067811865487940, 0.7071067811865462405, 2.301643153858948089E-15 ) ) ;
#1868 = ORIENTED_EDGE ( 'NONE', *, *, #86, .F. ) ;
#1869 = ORIENTED_EDGE ( 'NONE', *, *, #1370, .F. ) ;
#1870 = PERSON_AND_ORGANIZATION_ROLE ( 'design_owner' ) ;
#1871 = DIRECTION ( 'NONE',  ( 0.000000000000000000, 0.000000000000000000, -1.000000000000000000 ) ) ;
#1872 = DIRECTION ( 'NONE',  ( -1.039100930793199338E-14, 0.000000000000000000, -1.000000000000000000 ) ) ;
#1873 = LINE ( 'NONE', #4, #2068 ) ;
#1874 = EDGE_CURVE ( 'NONE', #1459, #1952, #1472, .T. ) ;
#1875 = VERTEX_POINT ( 'NONE', #1152 ) ;
#1876 = EDGE_CURVE ( 'NONE', #1899, #2086, #802, .T. ) ;
#1877 = DIRECTION ( 'NONE',  ( 0.000000000000000000, 0.000000000000000000, -1.000000000000000000 ) ) ;
#1878 = ORIENTED_EDGE ( 'NONE', *, *, #228, .T. ) ;
#1879 = CALENDAR_DATE ( 2026, 12, 1 ) ;
#1880 = CARTESIAN_POINT ( 'NONE',  ( 0.000000000000000000, 0.000000000000000000, 0.000000000000000000 ) ) ;
#1881 = DIRECTION ( 'NONE',  ( 0.000000000000000000, 0.000000000000000000, 1.000000000000000000 ) ) ;
#1882 = VECTOR ( 'NONE', #995, 999.9999999999998863 ) ;
#1883 = VERTEX_POINT ( 'NONE', #1807 ) ;
#1884 = LINE ( 'NONE', #2079, #453 ) ;
#1885 = VERTEX_POINT ( 'NONE', #298 ) ;
#1886 = PERSON_AND_ORGANIZATION ( #212, #1931 ) ;
#1887 = CC_DESIGN_DATE_AND_TIME_ASSIGNMENT ( #549, #574, ( #560 ) ) ;
#1888 = EDGE_CURVE ( 'NONE', #1912, #803, #648, .T. ) ;
#1889 = CARTESIAN_POINT ( 'NONE',  ( 0.000000000000000000, 7.000000000000000000, 4.500000000000000000 ) ) ;
#1890 = DIRECTION ( 'NONE',  ( 0.000000000000000000, 0.000000000000000000, 1.000000000000000000 ) ) ;
#1891 = VECTOR ( 'NONE', #1172, 1000.000000000000000 ) ;
#1892 = VECTOR ( 'NONE', #257, 1000.000000000000114 ) ;
#1893 = DIRECTION ( 'NONE',  ( -0.000000000000000000, -1.000000000000000000, -0.000000000000000000 ) ) ;
#1894 = AXIS2_PLACEMENT_3D ( 'NONE', #950, #1261, #781 ) ;
#1895 = AXIS2_PLACEMENT_3D ( 'NONE', #1620, #777, #614 ) ;
#1896 = ORIENTED_EDGE ( 'NONE', *, *, #1183, .T. ) ;
#1897 = CC_DESIGN_APPROVAL ( #1204, ( #1993 ) ) ;
#1898 = DIRECTION ( 'NONE',  ( -0.8660254037844380415, 0.000000000000000000, 0.5000000000000012212 ) ) ;
#1899 = VERTEX_POINT ( 'NONE', #2146 ) ;
#1900 = CC_DESIGN_SECURITY_CLASSIFICATION ( #983, ( #2172 ) ) ;
#1901 = CALENDAR_DATE ( 2026, 12, 1 ) ;
#1902 = DIRECTION ( 'NONE',  ( 0.000000000000000000, 0.000000000000000000, 1.000000000000000000 ) ) ;
#1903 = EDGE_CURVE ( 'NONE', #625, #1813, #639, .T. ) ;
#1904 = ORIENTED_EDGE ( 'NONE', *, *, #1876, .F. ) ;
#1905 = FACE_BOUND ( 'NONE', #629, .T. ) ;
#1906 = CARTESIAN_POINT ( 'NONE',  ( -5.499999999999999112, 3.000000000000000000, 1.790258230161776152E-14 ) ) ;
#1907 = ORIENTED_EDGE ( 'NONE', *, *, #116, .T. ) ;
#1908 = DIRECTION ( 'NONE',  ( 0.000000000000000000, 0.000000000000000000, 1.000000000000000000 ) ) ;
#1909 = ORIENTED_EDGE ( 'NONE', *, *, #859, .T. ) ;
#1910 = APPLICATION_PROTOCOL_DEFINITION ( 'international standard', 'config_control_design', 1994, #100 ) ;
#1911 =( NAMED_UNIT ( * ) PLANE_ANGLE_UNIT ( ) SI_UNIT ( $, .RADIAN. ) );
#1912 = VERTEX_POINT ( 'NONE', #1277 ) ;
#1913 = DIRECTION ( 'NONE',  ( 0.8660254037844379305, 0.000000000000000000, -0.5000000000000011102 ) ) ;
#1914 = CARTESIAN_POINT ( 'NONE',  ( 0.000000000000000000, 0.000000000000000000, 0.000000000000000000 ) ) ;
#1915 = ADVANCED_FACE ( 'NONE', ( #466 ), #162, .F. ) ;
#1916 = ORIENTED_EDGE ( 'NONE', *, *, #1589, .F. ) ;
#1917 = VECTOR ( 'NONE', #1971, 1000.000000000000000 ) ;
#1918 = FACE_OUTER_BOUND ( 'NONE', #208, .T. ) ;
#1919 = VERTEX_POINT ( 'NONE', #1447 ) ;
#1920 = CALENDAR_DATE ( 2026, 12, 1 ) ;
#1921 = DIRECTION ( 'NONE',  ( 0.000000000000000000, 0.000000000000000000, -1.000000000000000000 ) ) ;
#1922 = ORIENTED_EDGE ( 'NONE', *, *, #1053, .F. ) ;
#1923 = DIRECTION ( 'NONE',  ( 0.000000000000000000, 1.000000000000000000, 0.000000000000000000 ) ) ;
#1924 = VECTOR ( 'NONE', #279, 1000.000000000000000 ) ;
#1925 = CARTESIAN_POINT ( 'NONE',  ( 0.000000000000000000, 3.000000000000000000, 0.000000000000000000 ) ) ;
#1926 = AXIS2_PLACEMENT_3D ( 'NONE', #1722, #709, #1382 ) ;
#1927 = CC_DESIGN_PERSON_AND_ORGANIZATION_ASSIGNMENT ( #2119, #2110, ( #594 ) ) ;
#1928 = ADVANCED_FACE ( 'NONE', ( #605 ), #1783, .F. ) ;
#1929 = ORIENTED_EDGE ( 'NONE', *, *, #1825, .F. ) ;
#1930 = VECTOR ( 'NONE', #276, 1000.000000000000000 ) ;
#1931 = ORGANIZATION ( 'UNSPECIFIED', 'UNSPECIFIED', '' ) ;
#1932 = LINE ( 'NONE', #1764, #2037 ) ;
#1933 = EDGE_LOOP ( 'NONE', ( #2084, #889, #1189 ) ) ;
#1934 = APPROVAL_PERSON_ORGANIZATION ( #635, #1531, #1433 ) ;
#1935 = CARTESIAN_POINT ( 'NONE',  ( 6.000000000000034639, 0.000000000000000000, 3.464101615137700652 ) ) ;
#1936 = PLANE ( 'NONE',  #589 ) ;
#1937 = EDGE_LOOP ( 'NONE', ( #1362, #1104, #1088 ) ) ;
#1938 = DIRECTION ( 'NONE',  ( -0.000000000000000000, 1.000000000000000000, 0.000000000000000000 ) ) ;
#1939 = DIRECTION ( 'NONE',  ( 0.000000000000000000, 1.000000000000000000, 0.000000000000000000 ) ) ;
#1940 = VERTEX_POINT ( 'NONE', #627 ) ;
#1941 = EDGE_CURVE ( 'NONE', #966, #2086, #475, .T. ) ;
#1942 = CARTESIAN_POINT ( 'NONE',  ( -5.999999999999989342, 2.499999999999996003, 3.464101615137784584 ) ) ;
#1943 = ORIENTED_EDGE ( 'NONE', *, *, #1994, .F. ) ;
#1944 = CONTEXT_DEPENDENT_SHAPE_REPRESENTATION ( #456, #1351 ) ;
#1945 = ADVANCED_FACE ( 'NONE', ( #1973 ), #1819, .F. ) ;
#1946 = CARTESIAN_POINT ( 'NONE',  ( 0.000000000000000000, -0.5000000000000000000, 0.000000000000000000 ) ) ;
#1947 = DATE_AND_TIME ( #1264, #596 ) ;
#1948 = EDGE_LOOP ( 'NONE', ( #1810, #1904 ) ) ;
#1949 = CARTESIAN_POINT ( 'NONE',  ( 5.999999999999962697, 10.00000000000000000, -3.464101615137825885 ) ) ;
#1950 = CARTESIAN_POINT ( 'NONE',  ( 4.837938458043934978E-14, 0.5000000000000004441, 6.928203230275514102 ) ) ;
#1951 = DIRECTION ( 'NONE',  ( -0.000000000000000000, -1.000000000000000000, -0.000000000000000000 ) ) ;
#1952 = VERTEX_POINT ( 'NONE', #965 ) ;
#1953 = DATE_TIME_ROLE ( 'classification_date' ) ;
#1954 = VECTOR ( 'NONE', #1654, 1000.000000000000114 ) ;
#1955 = DIRECTION ( 'NONE',  ( -0.000000000000000000, -1.000000000000000000, -0.000000000000000000 ) ) ;
#1956 = CC_DESIGN_PERSON_AND_ORGANIZATION_ASSIGNMENT ( #858, #345, ( #493 ) ) ;
#1957 = EDGE_CURVE ( 'NONE', #88, #1070, #988, .T. ) ;
#1958 = ORIENTED_EDGE ( 'NONE', *, *, #1380, .T. ) ;
#1959 = DIRECTION ( 'NONE',  ( 0.8660254037844345998, 0.000000000000000000, -0.5000000000000072164 ) ) ;
#1960 = DIRECTION ( 'NONE',  ( 0.000000000000000000, 0.000000000000000000, -1.000000000000000000 ) ) ;
#1961 = AXIS2_PLACEMENT_3D ( 'NONE', #592, #2051, #1717 ) ;
#1962 = CIRCLE ( 'NONE', #31, 6.000000000000000888 ) ;
#1963 = DIRECTION ( 'NONE',  ( 0.000000000000000000, 0.000000000000000000, -1.000000000000000000 ) ) ;
#1964 = ORIENTED_EDGE ( 'NONE', *, *, #1347, .T. ) ;
#1965 = APPROVAL_ROLE ( '' ) ;
#1966 = VECTOR ( 'NONE', #2113, 1000.000000000000000 ) ;
#1967 = FACE_OUTER_BOUND ( 'NONE', #1604, .T. ) ;
#1968 = VECTOR ( 'NONE', #1457, 1000.000000000000000 ) ;
#1969 = CC_DESIGN_APPROVAL ( #103, ( #2004 ) ) ;
#1970 = ADVANCED_FACE ( 'NONE', ( #1267 ), #454, .F. ) ;
#1971 = DIRECTION ( 'NONE',  ( -0.000000000000000000, -1.000000000000000000, -0.000000000000000000 ) ) ;
#1972 = LINE ( 'NONE', #465, #518 ) ;
#1973 = FACE_OUTER_BOUND ( 'NONE', #274, .T. ) ;
#1974 = PRODUCT_DEFINITION_SHAPE ( 'NONE', 'NONE',  #1993 ) ;
#1975 = LINE ( 'NONE', #1280, #657 ) ;
#1976 = EDGE_LOOP ( 'NONE', ( #1379, #1760, #1413, #687 ) ) ;
#1977 = CARTESIAN_POINT ( 'NONE',  ( 2.449293598294706414E-16, 3.000000000000000000, -2.000000000000000000 ) ) ;
#1978 = DIRECTION ( 'NONE',  ( 1.000000000000000000, 0.000000000000000000, 0.000000000000000000 ) ) ;
#1979 = EDGE_LOOP ( 'NONE', ( #678, #316, #881, #401 ) ) ;
#1980 = LINE ( 'NONE', #1303, #2028 ) ;
#1981 = DIRECTION ( 'NONE',  ( 0.000000000000000000, 0.000000000000000000, 1.000000000000000000 ) ) ;
#1982 = ORIENTED_EDGE ( 'NONE', *, *, #350, .T. ) ;
#1983 = ADVANCED_FACE ( 'NONE', ( #286 ), #944, .F. ) ;
#1984 = CARTESIAN_POINT ( 'NONE',  ( 0.000000000000000000, 0.000000000000000000, 2.000000000000000000 ) ) ;
#1985 = ORIENTED_EDGE ( 'NONE', *, *, #517, .F. ) ;
#1986 = DIRECTION ( 'NONE',  ( 0.000000000000000000, -0.000000000000000000, 1.000000000000000000 ) ) ;
#1987 = DATE_AND_TIME ( #622, #1541 ) ;
#1988 = CONICAL_SURFACE ( 'NONE', #375, 2.000000000000000000, 0.7853981633974517207 ) ;
#1989 = EDGE_LOOP ( 'NONE', ( #13, #539, #1909, #569 ) ) ;
#1990 = FACE_OUTER_BOUND ( 'NONE', #469, .T. ) ;
#1991 = DIRECTION ( 'NONE',  ( 0.000000000000000000, -0.000000000000000000, 1.000000000000000000 ) ) ;
#1992 = UNCERTAINTY_MEASURE_WITH_UNIT (LENGTH_MEASURE( 1.000000000000000082E-05 ), #1736, 'distance_accuracy_value', 'NONE');
#1993 = PRODUCT_DEFINITION ( 'UNKNOWN', '', #2004, #1153 ) ;
#1994 = EDGE_CURVE ( 'NONE', #1586, #8, #766, .T. ) ;
#1995 = DIRECTION ( 'NONE',  ( 0.8660254037844344888, 0.000000000000000000, -0.5000000000000071054 ) ) ;
#1996 = ORIENTED_EDGE ( 'NONE', *, *, #1672, .F. ) ;
#1997 = AXIS2_PLACEMENT_3D ( 'NONE', #931, #1436, #170 ) ;
#1998 = AXIS2_PLACEMENT_3D ( 'NONE', #1574, #2048, #198 ) ;
#1999 = COORDINATED_UNIVERSAL_TIME_OFFSET ( 3, 0, .AHEAD. ) ;
#2000 = AXIS2_PLACEMENT_3D ( 'NONE', #218, #1580, #588 ) ;
#2001 = LINE ( 'NONE', #972, #1742 ) ;
#2002 = LINE ( 'NONE', #1841, #866 ) ;
#2003 = CARTESIAN_POINT ( 'NONE',  ( 4.898587196589412829E-16, 0.6999999999999999556, 4.000000000000000000 ) ) ;
#2004 = PRODUCT_DEFINITION_FORMATION_WITH_SPECIFIED_SOURCE ( 'ANY', '', #1694, .NOT_KNOWN. ) ;
#2005 = ORGANIZATION ( 'NAUO-ORG4', 'UNSPECIFIED', 'UNSPECIFIED' ) ;
#2006 = DIRECTION ( 'NONE',  ( 0.000000000000000000, 0.000000000000000000, 1.000000000000000000 ) ) ;
#2007 = ORIENTED_EDGE ( 'NONE', *, *, #1713, .T. ) ;
#2008 = APPROVAL ( #434, 'UNKNOWN' ) ;
#2009 = ORIENTED_EDGE ( 'NONE', *, *, #2115, .T. ) ;
#2010 = APPROVAL_STATUS ( 'not_yet_approved' ) ;
#2011 = ADVANCED_FACE ( 'NONE', ( #126 ), #171, .T. ) ;
#2012 = CARTESIAN_POINT ( 'NONE',  ( 0.000000000000000000, 0.5000000000000023315, 2.000000000000000000 ) ) ;
#2013 = CARTESIAN_POINT ( 'NONE',  ( 8.572527594031473190E-16, 2.200000000000000178, 7.000000000000000000 ) ) ;
#2014 = DIRECTION ( 'NONE',  ( 0.000000000000000000, -0.000000000000000000, 1.000000000000000000 ) ) ;
#2015 = PLANE ( 'NONE',  #1214 ) ;
#2016 = EDGE_LOOP ( 'NONE', ( #52, #57, #1747, #671 ) ) ;
#2017 = DIRECTION ( 'NONE',  ( -0.6546536707079788631, 0.6546536707079764206, -0.3779644730092255323 ) ) ;
#2018 = VERTEX_POINT ( 'NONE', #1034 ) ;
#2019 = DATE_AND_TIME ( #1827, #948 ) ;
#2020 = CC_DESIGN_PERSON_AND_ORGANIZATION_ASSIGNMENT ( #1416, #1200, ( #186 ) ) ;
#2021 = DIRECTION ( 'NONE',  ( 0.8660254037844414832, -0.000000000000000000, 0.4999999999999950595 ) ) ;
#2022 = ADVANCED_FACE ( 'NONE', ( #341 ), #34, .T. ) ;
#2023 = LINE ( 'NONE', #515, #1891 ) ;
#2024 = CARTESIAN_POINT ( 'NONE',  ( 0.000000000000000000, 0.000000000000000000, 0.000000000000000000 ) ) ;
#2025 = CIRCLE ( 'NONE', #238, 2.000000000000000000 ) ;
#2026 = DIRECTION ( 'NONE',  ( -0.000000000000000000, 1.000000000000000000, -0.000000000000000000 ) ) ;
#2027 = VERTEX_POINT ( 'NONE', #1683 ) ;
#2028 = VECTOR ( 'NONE', #452, 1000.000000000000000 ) ;
#2029 = EDGE_LOOP ( 'NONE', ( #846, #557, #753, #1256, #1635, #46 ) ) ;
#2030 = PERSON_AND_ORGANIZATION_ROLE ( 'design_supplier' ) ;
#2031 = CIRCLE ( 'NONE', #761, 2.000000000000000000 ) ;
#2032 = PLANE ( 'NONE',  #481 ) ;
#2033 = DIRECTION ( 'NONE',  ( 0.000000000000000000, 0.000000000000000000, -1.000000000000000000 ) ) ;
#2034 = AXIS2_PLACEMENT_3D ( 'NONE', #323, #980, #676 ) ;
#2035 = LINE ( 'NONE', #359, #384 ) ;
#2036 = ADVANCED_FACE ( 'NONE', ( #530, #1522 ), #666, .F. ) ;
#2037 = VECTOR ( 'NONE', #1126, 1000.000000000000000 ) ;
#2038 = LOCAL_TIME ( 15, 9, 33.00000000000000000, #1724 ) ;
#2039 = CC_DESIGN_APPROVAL ( #1479, ( #983 ) ) ;
#2040 = EDGE_LOOP ( 'NONE', ( #433, #1516, #1309, #1158 ) ) ;
#2041 = DIRECTION ( 'NONE',  ( 0.000000000000000000, -1.000000000000000000, 0.000000000000000000 ) ) ;
#2042 = VERTEX_POINT ( 'NONE', #1705 ) ;
#2043 = CALENDAR_DATE ( 2026, 12, 1 ) ;
#2044 = DIRECTION ( 'NONE',  ( -0.000000000000000000, -1.000000000000000000, -0.000000000000000000 ) ) ;
#2045 = EDGE_CURVE ( 'NONE', #250, #1844, #1670, .T. ) ;
#2046 = EDGE_CURVE ( 'NONE', #1383, #1477, #978, .T. ) ;
#2047 = ORIENTED_EDGE ( 'NONE', *, *, #1767, .F. ) ;
#2048 = DIRECTION ( 'NONE',  ( -0.000000000000000000, 1.000000000000000000, -0.000000000000000000 ) ) ;
#2049 = PERSON_AND_ORGANIZATION ( #212, #1931 ) ;
#2050 = LINE ( 'NONE', #1840, #1882 ) ;
#2051 = DIRECTION ( 'NONE',  ( 0.000000000000000000, -1.000000000000000000, 0.000000000000000000 ) ) ;
#2052 = VECTOR ( 'NONE', #528, 1000.000000000000000 ) ;
#2053 = CC_DESIGN_DATE_AND_TIME_ASSIGNMENT ( #446, #177, ( #983 ) ) ;
#2054 = EDGE_CURVE ( 'NONE', #661, #1678, #1791, .T. ) ;
#2055 = DIRECTION ( 'NONE',  ( 0.000000000000000000, 0.000000000000000000, 1.000000000000000000 ) ) ;
#2056 = ORIENTED_EDGE ( 'NONE', *, *, #2045, .T. ) ;
#2057 = SHAPE_DEFINITION_REPRESENTATION ( #1974, #883 ) ;
#2058 = AXIS2_PLACEMENT_3D ( 'NONE', #996, #161, #819 ) ;
#2059 = CARTESIAN_POINT ( 'NONE',  ( 0.000000000000000000, 2.499999999999996003, 2.000000000000000000 ) ) ;
#2060 =( NAMED_UNIT ( * ) PLANE_ANGLE_UNIT ( ) SI_UNIT ( $, .RADIAN. ) );
#2061 = CONICAL_SURFACE ( 'NONE', #139, 1.499999999999994449, 0.7853981633974482790 ) ;
#2062 = AXIS2_PLACEMENT_3D ( 'NONE', #631, #2088, #770 ) ;
#2063 = ORIENTED_EDGE ( 'NONE', *, *, #1229, .F. ) ;
#2064 = CARTESIAN_POINT ( 'NONE',  ( 0.000000000000000000, 7.000000000000000000, 0.000000000000000000 ) ) ;
#2065 = DIRECTION ( 'NONE',  ( 0.000000000000000000, 1.000000000000000000, 0.000000000000000000 ) ) ;
#2066 = APPLICATION_CONTEXT ( 'configuration controlled 3d designs of mechanical parts and assemblies' ) ;
#2067 = AXIS2_PLACEMENT_3D ( 'NONE', #650, #1136, #1507 ) ;
#2068 = VECTOR ( 'NONE', #1341, 1000.000000000000000 ) ;
#2069 = LOCAL_TIME ( 15, 9, 33.00000000000000000, #410 ) ;
#2070 = LINE ( 'NONE', #900, #248 ) ;
#2071 = VERTEX_POINT ( 'NONE', #997 ) ;
#2072 = COORDINATED_UNIVERSAL_TIME_OFFSET ( 3, 0, .AHEAD. ) ;
#2073 = CARTESIAN_POINT ( 'NONE',  ( 0.000000000000000000, 0.000000000000000000, 0.000000000000000000 ) ) ;
#2074 = EDGE_CURVE ( 'NONE', #242, #1678, #1714, .T. ) ;
#2075 =( LENGTH_UNIT ( ) NAMED_UNIT ( * ) SI_UNIT ( .MILLI., .METRE. ) );
#2076 = ORIENTED_EDGE ( 'NONE', *, *, #748, .T. ) ;
#2077 = DIRECTION ( 'NONE',  ( 0.000000000000000000, -1.000000000000000000, 0.000000000000000000 ) ) ;
#2078 = ORIENTED_EDGE ( 'NONE', *, *, #435, .T. ) ;
#2079 = CARTESIAN_POINT ( 'NONE',  ( 0.000000000000000000, -13.00000000000000178, 1.499999999999994449 ) ) ;
#2080 = ORIENTED_EDGE ( 'NONE', *, *, #260, .F. ) ;
#2081 = COORDINATED_UNIVERSAL_TIME_OFFSET ( 3, 0, .AHEAD. ) ;
#2082 = CC_DESIGN_DATE_AND_TIME_ASSIGNMENT ( #315, #1651, ( #2114 ) ) ;
#2083 = ADVANCED_FACE ( 'NONE', ( #1503, #820 ), #496, .F. ) ;
#2084 = ORIENTED_EDGE ( 'NONE', *, *, #531, .F. ) ;
#2085 = DIRECTION ( 'NONE',  ( -3.255014963930502918E-15, 0.000000000000000000, -1.000000000000000000 ) ) ;
#2086 = VERTEX_POINT ( 'NONE', #516 ) ;
#2087 = AXIS2_PLACEMENT_3D ( 'NONE', #2073, #1759, #1921 ) ;
#2088 = DIRECTION ( 'NONE',  ( -0.000000000000000000, 1.000000000000000000, -0.000000000000000000 ) ) ;
#2089 = ORIENTED_EDGE ( 'NONE', *, *, #2156, .T. ) ;
#2090 = APPROVAL_ROLE ( '' ) ;
#2091 = CARTESIAN_POINT ( 'NONE',  ( 2.449293598294706414E-16, 3.000000000000000000, -2.000000000000000000 ) ) ;
#2092 = LINE ( 'NONE', #1650, #1211 ) ;
#2093 = ORIENTED_EDGE ( 'NONE', *, *, #1573, .F. ) ;
#2094 = CARTESIAN_POINT ( 'NONE',  ( 2.449293598294706414E-16, -13.00000000000000178, -2.000000000000000000 ) ) ;
#2095 = AXIS2_PLACEMENT_3D ( 'NONE', #429, #1291, #114 ) ;
#2096 = LINE ( 'NONE', #1569, #322 ) ;
#2097 = CC_DESIGN_PERSON_AND_ORGANIZATION_ASSIGNMENT ( #278, #2106, ( #1017 ) ) ;
#2098 = EDGE_CURVE ( 'NONE', #180, #1787, #1873, .T. ) ;
#2099 = AXIS2_PLACEMENT_3D ( 'NONE', #1542, #397, #1731 ) ;
#2100 = ORIENTED_EDGE ( 'NONE', *, *, #658, .T. ) ;
#2101 = EDGE_CURVE ( 'NONE', #1290, #1875, #204, .T. ) ;
#2102 = AXIS2_PLACEMENT_3D ( 'NONE', #598, #1164, #2148 ) ;
#2103 = APPROVAL_PERSON_ORGANIZATION ( #1311, #1259, #962 ) ;
#2104 = CARTESIAN_POINT ( 'NONE',  ( 0.000000000000000000, 2.200000000000000178, -7.000000000000000000 ) ) ;
#2105 = VERTEX_POINT ( 'NONE', #1535 ) ;
#2106 = PERSON_AND_ORGANIZATION_ROLE ( 'classification_officer' ) ;
#2107 = LOCAL_TIME ( 15, 9, 33.00000000000000000, #1498 ) ;
#2108 = CARTESIAN_POINT ( 'NONE',  ( 0.000000000000000000, 2.499999999999996003, 0.000000000000000000 ) ) ;
#2109 = DIRECTION ( 'NONE',  ( -0.000000000000000000, -1.000000000000000000, -0.000000000000000000 ) ) ;
#2110 = PERSON_AND_ORGANIZATION_ROLE ( 'creator' ) ;
#2111 = ORIENTED_EDGE ( 'NONE', *, *, #1711, .F. ) ;
#2112 = CARTESIAN_POINT ( 'NONE',  ( 4.837938458043933716E-14, 7.000000000000000000, 6.928203230275513214 ) ) ;
#2113 = DIRECTION ( 'NONE',  ( -0.8660254037844414832, 0.000000000000000000, -0.4999999999999951705 ) ) ;
#2114 = PRODUCT_DEFINITION ( 'UNKNOWN', '', #594, #865 ) ;
#2115 = EDGE_CURVE ( 'NONE', #1885, #661, #2035, .T. ) ;
#2116 = DIRECTION ( 'NONE',  ( 0.000000000000000000, 0.000000000000000000, -1.000000000000000000 ) ) ;
#2117 = ORIENTED_EDGE ( 'NONE', *, *, #1728, .T. ) ;
#2118 = DIRECTION ( 'NONE',  ( 0.8660254037844415942, 0.000000000000000000, 0.4999999999999950595 ) ) ;
#2119 = PERSON_AND_ORGANIZATION ( #212, #1931 ) ;
#2120 = ORIENTED_EDGE ( 'NONE', *, *, #1798, .T. ) ;
#2121 = FACE_OUTER_BOUND ( 'NONE', #1976, .T. ) ;
#2122 = CARTESIAN_POINT ( 'NONE',  ( 5.999999999999962697, 7.000000000000000000, -3.464101615137825885 ) ) ;
#2123 = ORIENTED_EDGE ( 'NONE', *, *, #2143, .T. ) ;
#2124 = LINE ( 'NONE', #2104, #1116 ) ;
#2125 = ORIENTED_EDGE ( 'NONE', *, *, #325, .T. ) ;
#2126 = DATE_AND_TIME ( #292, #2038 ) ;
#2127 = EDGE_CURVE ( 'NONE', #1508, #1883, #17, .T. ) ;
#2128 = CLOSED_SHELL ( 'NONE', ( #1557, #927, #915, #1397, #673, #649, #597, #1040, #1753, #1809, #998, #683, #104, #1945, #822, #551, #1780, #1092, #947, #421, #490, #1272, #610, #1928, #2022, #720, #1306, #11, #659 ) ) ;
#2129 = CARTESIAN_POINT ( 'NONE',  ( -2.750000000000004885, 3.000000000000000000, -4.763139720814407951 ) ) ;
#2130 = APPROVAL_DATE_TIME ( #1601, #1011 ) ;
#2131 = CARTESIAN_POINT ( 'NONE',  ( 0.000000000000000000, 0.000000000000000000, 0.000000000000000000 ) ) ;
#2132 = DIRECTION ( 'NONE',  ( 3.380207847158600080E-15, 0.000000000000000000, 1.000000000000000000 ) ) ;
#2133 = CIRCLE ( 'NONE', #246, 2.500000000000009326 ) ;
#2134 = ORIENTED_EDGE ( 'NONE', *, *, #1903, .T. ) ;
#2135 = VECTOR ( 'NONE', #1363, 1000.000000000000000 ) ;
#2136 = VECTOR ( 'NONE', #1437, 1000.000000000000227 ) ;
#2137 = CARTESIAN_POINT ( 'NONE',  ( 0.000000000000000000, 2.499999999999996003, 2.000000000000000000 ) ) ;
#2138 = ORIENTED_EDGE ( 'NONE', *, *, #215, .T. ) ;
#2139 = CONTEXT_DEPENDENT_SHAPE_REPRESENTATION ( #562, #810 ) ;
#2140 = LINE ( 'NONE', #1637, #1568 ) ;
#2141 = CC_DESIGN_SECURITY_CLASSIFICATION ( #1083, ( #2170 ) ) ;
#2142 = PERSON_AND_ORGANIZATION_ROLE ( 'classification_officer' ) ;
#2143 = EDGE_CURVE ( 'NONE', #1270, #1508, #844, .T. ) ;
#2144 = CARTESIAN_POINT ( 'NONE',  ( 0.000000000000000000, 3.000000000000000000, 0.000000000000000000 ) ) ;
#2145 = CARTESIAN_POINT ( 'NONE',  ( 0.000000000000000000, -13.00000000000000178, 0.000000000000000000 ) ) ;
#2146 = CARTESIAN_POINT ( 'NONE',  ( 2.449293598294706414E-16, -0.5000000000000000000, -2.000000000000000000 ) ) ;
#2147 = VERTEX_POINT ( 'NONE', #367 ) ;
#2148 = DIRECTION ( 'NONE',  ( 0.000000000000000000, 0.000000000000000000, -1.000000000000000000 ) ) ;
#2149 = ORIENTED_EDGE ( 'NONE', *, *, #835, .F. ) ;
#2150 = DIRECTION ( 'NONE',  ( 0.000000000000000000, 0.000000000000000000, -1.000000000000000000 ) ) ;
#2151 = CALENDAR_DATE ( 2026, 12, 1 ) ;
#2152 = EDGE_LOOP ( 'NONE', ( #1125, #1015, #2056, #1249, #1907, #1666 ) ) ;
#2153 = PLANE ( 'NONE',  #2095 ) ;
#2154 = DIRECTION ( 'NONE',  ( 0.000000000000000000, 1.000000000000000000, 0.000000000000000000 ) ) ;
#2155 = CC_DESIGN_PERSON_AND_ORGANIZATION_ASSIGNMENT ( #1005, #336, ( #1694 ) ) ;
#2156 = EDGE_CURVE ( 'NONE', #534, #1281, #195, .T. ) ;
#2157 = CARTESIAN_POINT ( 'NONE',  ( 0.000000000000000000, 0.000000000000000000, 0.000000000000000000 ) ) ;
#2158 = ORIENTED_EDGE ( 'NONE', *, *, #916, .F. ) ;
#2159 = DATE_TIME_ROLE ( 'creation_date' ) ;
#2160 = AXIS2_PLACEMENT_3D ( 'NONE', #124, #1817, #1628 ) ;
#2161 = CARTESIAN_POINT ( 'NONE',  ( 8.572527594031473190E-16, 0.7000000000000000666, 7.000000000000000000 ) ) ;
#2162 = DIRECTION ( 'NONE',  ( -0.000000000000000000, -1.000000000000000000, -0.000000000000000000 ) ) ;
#2163 = PLANE ( 'NONE',  #1155 ) ;
#2164 = ADVANCED_FACE ( 'NONE', ( #685 ), #2163, .F. ) ;
#2165 = LINE ( 'NONE', #333, #1119 ) ;
#2166 = EDGE_LOOP ( 'NONE', ( #913, #1295, #1781, #1517 ) ) ;
#2167 = AXIS2_PLACEMENT_3D ( 'NONE', #80, #1938, #1556 ) ;
#2168 = AXIS2_PLACEMENT_3D ( 'NONE', #1248, #108, #265 ) ;
#2169 = NEXT_ASSEMBLY_USAGE_OCCURRENCE ( 'NAUO1', ' ', ' ', #2114, #1051, $ ) ;
#2170 = NEXT_ASSEMBLY_USAGE_OCCURRENCE ( 'NAUO2', ' ', ' ', #2114, #1993, $ ) ;
#2171 = NEXT_ASSEMBLY_USAGE_OCCURRENCE ( 'NAUO3', ' ', ' ', #2114, #1993, $ ) ;
#2172 = NEXT_ASSEMBLY_USAGE_OCCURRENCE ( 'NAUO4', ' ', ' ', #2114, #1333, $ ) ;
ENDSEC;
END-ISO-10303-21;
