ISO-10303-21;
HEADER;
FILE_DESCRIPTION (( 'STEP AP203' ),
    '1' );
FILE_NAME ('685631.123 стойка.STEP',
    '2026-01-12T12:10:18',
    ( '' ),
    ( '' ),
    'SwSTEP 2.0',
    'SolidWorks 2022',
    '' );
FILE_SCHEMA (( 'CONFIG_CONTROL_DESIGN' ));
ENDSEC;

DATA;
#1 = CARTESIAN_POINT ( 'NONE',  ( 5.510910596163088569E-16, 7.000000000000000000, -4.500000000000000000 ) ) ;
#2 = ORIENTED_EDGE ( 'NONE', *, *, #676, .T. ) ;
#3 = CARTESIAN_POINT ( 'NONE',  ( 0.000000000000000000, 0.000000000000000000, 0.000000000000000000 ) ) ;
#4 = PLANE ( 'NONE',  #1935 ) ;
#5 = AXIS2_PLACEMENT_3D ( 'NONE', #1037, #232, #866 ) ;
#6 = ORIENTED_EDGE ( 'NONE', *, *, #923, .T. ) ;
#7 = DIRECTION ( 'NONE',  ( 0.000000000000000000, 0.000000000000000000, 1.000000000000000000 ) ) ;
#8 = AXIS2_PLACEMENT_3D ( 'NONE', #308, #168, #645 ) ;
#9 = AXIS2_PLACEMENT_3D ( 'NONE', #1835, #329, #502 ) ;
#10 = PLANE ( 'NONE',  #1862 ) ;
#11 = AXIS2_PLACEMENT_3D ( 'NONE', #2111, #783, #1252 ) ;
#12 = VERTEX_POINT ( 'NONE', #943 ) ;
#13 = VECTOR ( 'NONE', #1604, 1000.000000000000000 ) ;
#14 = AXIS2_PLACEMENT_3D ( 'NONE', #303, #1503, #659 ) ;
#15 = DIRECTION ( 'NONE',  ( 8.659560562354903276E-17, 0.7071067811865500152, -0.7071067811865451302 ) ) ;
#16 = DATE_AND_TIME ( #315, #1595 ) ;
#17 = VERTEX_POINT ( 'NONE', #959 ) ;
#18 = LINE ( 'NONE', #1010, #737 ) ;
#19 = EDGE_CURVE ( 'NONE', #600, #868, #1256, .T. ) ;
#20 = DIRECTION ( 'NONE',  ( 0.000000000000000000, -0.000000000000000000, 1.000000000000000000 ) ) ;
#21 = EDGE_CURVE ( 'NONE', #1483, #648, #1295, .T. ) ;
#22 = EDGE_CURVE ( 'NONE', #712, #868, #1929, .T. ) ;
#23 = ORIENTED_EDGE ( 'NONE', *, *, #1180, .T. ) ;
#24 = LINE ( 'NONE', #1226, #1693 ) ;
#25 = COORDINATED_UNIVERSAL_TIME_OFFSET ( 3, 0, .AHEAD. ) ;
#26 = ORIENTED_EDGE ( 'NONE', *, *, #395, .F. ) ;
#27 = CARTESIAN_POINT ( 'NONE',  ( 5.999999999999963585, 0.5000000000000013323, -3.464101615137826773 ) ) ;
#28 = CARTESIAN_POINT ( 'NONE',  ( 2.749999999999984013, 0.000000000000000000, -4.763139720814447919 ) ) ;
#29 = CC_DESIGN_DATE_AND_TIME_ASSIGNMENT ( #892, #45, ( #1062 ) ) ;
#30 = ADVANCED_FACE ( 'NONE', ( #789 ), #2093, .F. ) ;
#31 = ORIENTED_EDGE ( 'NONE', *, *, #2083, .F. ) ;
#32 = COORDINATED_UNIVERSAL_TIME_OFFSET ( 3, 0, .AHEAD. ) ;
#33 = CARTESIAN_POINT ( 'NONE',  ( 5.999999999999962697, 0.000000000000000000, -3.464101615137825885 ) ) ;
#34 = DATE_AND_TIME ( #872, #91 ) ;
#35 = ORIENTED_EDGE ( 'NONE', *, *, #923, .F. ) ;
#36 = DIRECTION ( 'NONE',  ( -0.000000000000000000, -1.000000000000000000, -0.000000000000000000 ) ) ;
#37 = VECTOR ( 'NONE', #220, 1000.000000000000000 ) ;
#38 = ORIENTED_EDGE ( 'NONE', *, *, #22, .T. ) ;
#39 = CARTESIAN_POINT ( 'NONE',  ( -6.000000000000012434, 2.499999999999996003, -3.464101615137743728 ) ) ;
#40 = VECTOR ( 'NONE', #786, 1000.000000000000000 ) ;
#41 = DIRECTION ( 'NONE',  ( 0.000000000000000000, 0.000000000000000000, 1.000000000000000000 ) ) ;
#42 = ORIENTED_EDGE ( 'NONE', *, *, #1837, .F. ) ;
#43 = VECTOR ( 'NONE', #887, 1000.000000000000000 ) ;
#44 = AXIS2_PLACEMENT_3D ( 'NONE', #589, #1249, #2107 ) ;
#45 = DATE_TIME_ROLE ( 'creation_date' ) ;
#46 = MANIFOLD_SOLID_BREP ( 'Фаска2', #527 ) ;
#47 = CARTESIAN_POINT ( 'NONE',  ( 2.143131898507866818E-16, -9.000000000000001776, -1.499999999999997780 ) ) ;
#48 = EDGE_CURVE ( 'NONE', #345, #876, #1092, .T. ) ;
#49 = AXIS2_PLACEMENT_3D ( 'NONE', #802, #982, #2165 ) ;
#50 = COORDINATED_UNIVERSAL_TIME_OFFSET ( 3, 0, .AHEAD. ) ;
#51 = AXIS2_PLACEMENT_3D ( 'NONE', #1460, #1928, #118 ) ;
#52 = VERTEX_POINT ( 'NONE', #2130 ) ;
#53 = LINE ( 'NONE', #2032, #1727 ) ;
#54 = MANIFOLD_SOLID_BREP ( 'Фаска1', #2001 ) ;
#55 = DIRECTION ( 'NONE',  ( 7.247219557748795621E-15, -0.6546536707079780859, 0.7559289460184536180 ) ) ;
#56 = LOCAL_TIME ( 15, 10, 18.00000000000000000, #1434 ) ;
#57 = DIRECTION ( 'NONE',  ( -0.6546536707079788631, 0.6546536707079764206, -0.3779644730092255323 ) ) ;
#58 = VERTEX_POINT ( 'NONE', #1964 ) ;
#59 = PERSON_AND_ORGANIZATION ( #991, #1554 ) ;
#60 = LINE ( 'NONE', #724, #781 ) ;
#61 = COORDINATED_UNIVERSAL_TIME_OFFSET ( 3, 0, .AHEAD. ) ;
#62 = APPROVAL ( #340, 'UNSPECIFIED' ) ;
#63 = EDGE_CURVE ( 'NONE', #1632, #1607, #1650, .T. ) ;
#64 = ORIENTED_EDGE ( 'NONE', *, *, #1695, .F. ) ;
#65 = CARTESIAN_POINT ( 'NONE',  ( -5.999999999999989342, 3.000000000000000000, 3.464101615137784584 ) ) ;
#66 = DIRECTION ( 'NONE',  ( 0.000000000000000000, 1.000000000000000000, 0.000000000000000000 ) ) ;
#67 = PLANE ( 'NONE',  #119 ) ;
#68 = ORIENTED_EDGE ( 'NONE', *, *, #1532, .F. ) ;
#69 = CALENDAR_DATE ( 2026, 12, 1 ) ;
#70 = CARTESIAN_POINT ( 'NONE',  ( 0.000000000000000000, 0.000000000000000000, 2.000000000000000000 ) ) ;
#71 = VERTEX_POINT ( 'NONE', #1800 ) ;
#72 = LINE ( 'NONE', #361, #1265 ) ;
#73 = ORIENTED_EDGE ( 'NONE', *, *, #1644, .T. ) ;
#74 = DIRECTION ( 'NONE',  ( 0.3535533905932708443, 0.7071067811865464625, -0.6123724356957975790 ) ) ;
#75 = LINE ( 'NONE', #909, #81 ) ;
#76 = EDGE_LOOP ( 'NONE', ( #1408, #1797, #1313 ) ) ;
#77 = SECURITY_CLASSIFICATION_LEVEL ( 'unclassified' ) ;
#78 = AXIS2_PLACEMENT_3D ( 'NONE', #1842, #837, #974 ) ;
#79 = LINE ( 'NONE', #757, #1514 ) ;
#80 = CARTESIAN_POINT ( 'NONE',  ( 4.714285714285741946, 3.785714285714287364, 2.721794126179618356 ) ) ;
#81 = VECTOR ( 'NONE', #1038, 1000.000000000000000 ) ;
#82 = VECTOR ( 'NONE', #1672, 1000.000000000000000 ) ;
#83 = ORIENTED_EDGE ( 'NONE', *, *, #1695, .T. ) ;
#84 = EDGE_CURVE ( 'NONE', #12, #1145, #1646, .T. ) ;
#85 = CARTESIAN_POINT ( 'NONE',  ( 6.000000000000034639, 7.000000000000000000, 3.464101615137700652 ) ) ;
#86 = PLANE ( 'NONE',  #988 ) ;
#87 = AXIS2_PLACEMENT_3D ( 'NONE', #660, #1991, #850 ) ;
#88 = PRODUCT_RELATED_PRODUCT_CATEGORY ( 'detail', '', ( #599 ) ) ;
#89 = EDGE_CURVE ( 'NONE', #648, #1483, #904, .T. ) ;
#90 = EDGE_LOOP ( 'NONE', ( #2085, #1660, #252, #1324, #580 ) ) ;
#91 = LOCAL_TIME ( 15, 10, 18.00000000000000000, #215 ) ;
#92 = APPLICATION_PROTOCOL_DEFINITION ( 'international standard', 'config_control_design', 1994, #1401 ) ;
#93 = DIRECTION ( 'NONE',  ( 0.000000000000000000, 0.000000000000000000, -1.000000000000000000 ) ) ;
#94 = PRODUCT_DEFINITION_SHAPE ( 'NONE', 'NONE',  #2170 ) ;
#95 = DIRECTION ( 'NONE',  ( 0.000000000000000000, 0.000000000000000000, -1.000000000000000000 ) ) ;
#96 = EDGE_LOOP ( 'NONE', ( #989, #1667 ) ) ;
#97 = CARTESIAN_POINT ( 'NONE',  ( 0.000000000000000000, 0.000000000000000000, 0.000000000000000000 ) ) ;
#98 = CARTESIAN_POINT ( 'NONE',  ( 0.000000000000000000, 3.000000000000000000, 0.000000000000000000 ) ) ;
#99 = VERTEX_POINT ( 'NONE', #299 ) ;
#100 = PERSON_AND_ORGANIZATION ( #991, #1554 ) ;
#101 = CYLINDRICAL_SURFACE ( 'NONE', #1585, 4.000000000000000000 ) ;
#102 = DIRECTION ( 'NONE',  ( 1.000000000000000000, 0.000000000000000000, 0.000000000000000000 ) ) ;
#103 = DIRECTION ( 'NONE',  ( 0.000000000000000000, 1.000000000000000000, 0.000000000000000000 ) ) ;
#104 = VERTEX_POINT ( 'NONE', #1635 ) ;
#105 = CARTESIAN_POINT ( 'NONE',  ( 0.000000000000000000, -0.5000000000000000000, 2.000000000000000000 ) ) ;
#106 = DIRECTION ( 'NONE',  ( -0.000000000000000000, 1.000000000000000000, -0.000000000000000000 ) ) ;
#107 = CARTESIAN_POINT ( 'NONE',  ( 0.000000000000000000, 0.7000000000000000666, 0.000000000000000000 ) ) ;
#108 = VECTOR ( 'NONE', #309, 1000.000000000000000 ) ;
#109 = AXIS2_PLACEMENT_3D ( 'NONE', #1701, #1219, #857 ) ;
#110 = PERSON_AND_ORGANIZATION ( #991, #1554 ) ;
#111 = ORIENTED_EDGE ( 'NONE', *, *, #755, .F. ) ;
#112 = EDGE_CURVE ( 'NONE', #1679, #876, #594, .T. ) ;
#113 = DIRECTION ( 'NONE',  ( -0.000000000000000000, -1.000000000000000000, -0.000000000000000000 ) ) ;
#114 = CARTESIAN_POINT ( 'NONE',  ( 4.898587196589412829E-16, 0.6999999999999999556, 4.000000000000000000 ) ) ;
#115 = AXIS2_PLACEMENT_3D ( 'NONE', #769, #1275, #1440 ) ;
#116 = ORIENTED_EDGE ( 'NONE', *, *, #1048, .T. ) ;
#117 = CARTESIAN_POINT ( 'NONE',  ( 0.000000000000000000, -0.5000000000000000000, 6.000000000000000888 ) ) ;
#118 = DIRECTION ( 'NONE',  ( 0.000000000000000000, 0.000000000000000000, 1.000000000000000000 ) ) ;
#119 = AXIS2_PLACEMENT_3D ( 'NONE', #730, #890, #1424 ) ;
#120 = CARTESIAN_POINT ( 'NONE',  ( 4.837938458043933716E-14, 0.000000000000000000, 6.928203230275513214 ) ) ;
#121 = APPROVAL_PERSON_ORGANIZATION ( #2050, #1317, #1912 ) ;
#122 = MECHANICAL_CONTEXT ( 'NONE', #397, 'mechanical' ) ;
#123 = VERTEX_POINT ( 'NONE', #1446 ) ;
#124 = DIRECTION ( 'NONE',  ( -0.000000000000000000, 1.000000000000000000, -0.000000000000000000 ) ) ;
#125 = APPROVAL_PERSON_ORGANIZATION ( #1914, #766, #927 ) ;
#126 = DIRECTION ( 'NONE',  ( 0.000000000000000000, 0.000000000000000000, -1.000000000000000000 ) ) ;
#127 = CARTESIAN_POINT ( 'NONE',  ( 4.837938458043934978E-14, 2.499999999999995559, 6.928203230275514102 ) ) ;
#128 = APPROVAL ( #2052, 'UNKNOWN' ) ;
#129 = EDGE_CURVE ( 'NONE', #1736, #2024, #633, .T. ) ;
#130 = ORIENTED_EDGE ( 'NONE', *, *, #2129, .T. ) ;
#131 = CARTESIAN_POINT ( 'NONE',  ( 0.000000000000000000, 0.000000000000000000, 0.000000000000000000 ) ) ;
#132 = DIRECTION ( 'NONE',  ( 0.000000000000000000, 0.000000000000000000, -1.000000000000000000 ) ) ;
#133 = VERTEX_POINT ( 'NONE', #1147 ) ;
#134 = CALENDAR_DATE ( 2026, 12, 1 ) ;
#135 = ORIENTED_EDGE ( 'NONE', *, *, #63, .T. ) ;
#136 = CARTESIAN_POINT ( 'NONE',  ( 0.000000000000000000, 0.5000000000000023315, 0.000000000000000000 ) ) ;
#137 = LINE ( 'NONE', #1820, #366 ) ;
#138 = DIRECTION ( 'NONE',  ( 0.5000000000000011102, -0.000000000000000000, 0.8660254037844380415 ) ) ;
#139 = COORDINATED_UNIVERSAL_TIME_OFFSET ( 3, 0, .AHEAD. ) ;
#140 = ORIENTED_EDGE ( 'NONE', *, *, #1741, .F. ) ;
#141 = DIRECTION ( 'NONE',  ( 0.8660254037844379305, 0.000000000000000000, -0.5000000000000011102 ) ) ;
#142 = ADVANCED_FACE ( 'NONE', ( #1312 ), #1678, .F. ) ;
#143 = CARTESIAN_POINT ( 'NONE',  ( 5.510910596163088569E-16, 10.00000000000000000, -4.500000000000000000 ) ) ;
#144 = EDGE_CURVE ( 'NONE', #1753, #997, #497, .T. ) ;
#145 = ORIENTED_EDGE ( 'NONE', *, *, #89, .T. ) ;
#146 = DIRECTION ( 'NONE',  ( -0.8660254037844379305, 0.000000000000000000, 0.5000000000000011102 ) ) ;
#147 = VECTOR ( 'NONE', #1423, 1000.000000000000000 ) ;
#148 = CARTESIAN_POINT ( 'NONE',  ( 0.000000000000000000, 0.000000000000000000, 0.000000000000000000 ) ) ;
#149 = SECURITY_CLASSIFICATION_LEVEL ( 'unclassified' ) ;
#150 = VERTEX_POINT ( 'NONE', #143 ) ;
#151 = DIRECTION ( 'NONE',  ( 0.000000000000000000, 1.000000000000000000, 0.000000000000000000 ) ) ;
#152 = AXIS2_PLACEMENT_3D ( 'NONE', #2145, #313, #654 ) ;
#153 = AXIS2_PLACEMENT_3D ( 'NONE', #1382, #1204, #378 ) ;
#154 = EDGE_CURVE ( 'NONE', #316, #833, #1355, .T. ) ;
#155 = DIRECTION ( 'NONE',  ( 0.000000000000000000, 0.000000000000000000, 1.000000000000000000 ) ) ;
#156 = VECTOR ( 'NONE', #1980, 999.9999999999998863 ) ;
#157 = CC_DESIGN_DATE_AND_TIME_ASSIGNMENT ( #717, #1066, ( #1421 ) ) ;
#158 = ADVANCED_FACE ( 'NONE', ( #1997 ), #1011, .F. ) ;
#159 = APPROVAL_PERSON_ORGANIZATION ( #636, #965, #1301 ) ;
#160 = ORIENTED_EDGE ( 'NONE', *, *, #827, .T. ) ;
#161 = CARTESIAN_POINT ( 'NONE',  ( 0.000000000000000000, 0.7000000000000000666, -7.000000000000000000 ) ) ;
#162 = APPROVAL_PERSON_ORGANIZATION ( #1748, #740, #1726 ) ;
#163 = APPROVAL_DATE_TIME ( #324, #383 ) ;
#164 = ORGANIZATION ( 'NAUO-ORG2', 'UNSPECIFIED', 'UNSPECIFIED' ) ;
#165 = CARTESIAN_POINT ( 'NONE',  ( -6.000000000000012434, 0.5000000000000004441, -3.464101615137743728 ) ) ;
#166 = UNCERTAINTY_MEASURE_WITH_UNIT (LENGTH_MEASURE( 1.000000000000000082E-05 ), #768, 'distance_accuracy_value', 'NONE');
#167 = ORIENTED_EDGE ( 'NONE', *, *, #884, .T. ) ;
#168 = DIRECTION ( 'NONE',  ( -0.3535533905932708998, 0.7071067811865459074, 0.6123724356957980230 ) ) ;
#169 = FACE_OUTER_BOUND ( 'NONE', #1179, .T. ) ;
#170 = ORIENTED_EDGE ( 'NONE', *, *, #413, .F. ) ;
#171 = CARTESIAN_POINT ( 'NONE',  ( 0.000000000000000000, 7.000000000000000000, 4.500000000000000000 ) ) ;
#172 = EDGE_CURVE ( 'NONE', #1286, #1422, #1330, .T. ) ;
#173 = CARTESIAN_POINT ( 'NONE',  ( -6.000000000000012434, 0.5000000000000004441, -3.464101615137743728 ) ) ;
#174 = APPROVAL_DATE_TIME ( #966, #62 ) ;
#175 = ORIENTED_EDGE ( 'NONE', *, *, #526, .F. ) ;
#176 = CARTESIAN_POINT ( 'NONE',  ( 0.000000000000000000, 3.000000000000000000, -6.928203230275514990 ) ) ;
#177 = LINE ( 'NONE', #666, #219 ) ;
#178 = VERTEX_POINT ( 'NONE', #1 ) ;
#179 = DIRECTION ( 'NONE',  ( 0.000000000000000000, 0.000000000000000000, 1.000000000000000000 ) ) ;
#180 = EDGE_CURVE ( 'NONE', #223, #1700, #177, .T. ) ;
#181 = DIRECTION ( 'NONE',  ( 0.000000000000000000, -1.000000000000000000, 0.000000000000000000 ) ) ;
#182 = VECTOR ( 'NONE', #1846, 1000.000000000000000 ) ;
#183 = ADVANCED_FACE ( 'NONE', ( #1186 ), #187, .F. ) ;
#184 = ORIENTED_EDGE ( 'NONE', *, *, #587, .T. ) ;
#185 = CARTESIAN_POINT ( 'NONE',  ( 0.000000000000000000, 3.000000000000000000, 0.000000000000000000 ) ) ;
#186 = VECTOR ( 'NONE', #1668, 1000.000000000000114 ) ;
#187 = PLANE ( 'NONE',  #1794 ) ;
#188 = CONICAL_SURFACE ( 'NONE', #639, 1.499999999999997780, 0.7853981633974447263 ) ;
#189 = ORIENTED_EDGE ( 'NONE', *, *, #953, .T. ) ;
#190 = CIRCLE ( 'NONE', #1868, 6.000000000000000888 ) ;
#191 = CARTESIAN_POINT ( 'NONE',  ( 11.03078593625004800, 8.141834581496567580, 10.93634039680397940 ) ) ;
#192 = DIRECTION ( 'NONE',  ( 6.468187214674405947E-16, -0.6546536707079766426, 0.7559289460184548393 ) ) ;
#193 =( GEOMETRIC_REPRESENTATION_CONTEXT ( 3 ) GLOBAL_UNCERTAINTY_ASSIGNED_CONTEXT ( ( #1475 ) ) GLOBAL_UNIT_ASSIGNED_CONTEXT ( ( #528, #1015, #1664 ) ) REPRESENTATION_CONTEXT ( 'NONE', 'WORKASPACE' ) );
#194 = PERSON_AND_ORGANIZATION ( #212, #826 ) ;
#195 = LOCAL_TIME ( 15, 10, 18.00000000000000000, #1040 ) ;
#196 = VERTEX_POINT ( 'NONE', #1170 ) ;
#197 = PLANE ( 'NONE',  #1231 ) ;
#198 = LOCAL_TIME ( 15, 10, 18.00000000000000000, #442 ) ;
#199 = CC_DESIGN_PERSON_AND_ORGANIZATION_ASSIGNMENT ( #1164, #987, ( #424 ) ) ;
#200 = EDGE_CURVE ( 'NONE', #1110, #648, #2163, .T. ) ;
#201 = ORIENTED_EDGE ( 'NONE', *, *, #1414, .F. ) ;
#202 = DIRECTION ( 'NONE',  ( -0.8660254037844379305, 0.000000000000000000, 0.5000000000000011102 ) ) ;
#203 = EDGE_LOOP ( 'NONE', ( #2072, #1549, #1898, #2055 ) ) ;
#204 = DIRECTION ( 'NONE',  ( 1.000000000000000000, 0.000000000000000000, 0.000000000000000000 ) ) ;
#205 = CARTESIAN_POINT ( 'NONE',  ( 0.000000000000000000, 0.000000000000000000, 0.000000000000000000 ) ) ;
#206 = ORIENTED_EDGE ( 'NONE', *, *, #506, .T. ) ;
#207 = DIRECTION ( 'NONE',  ( -0.8660254037844415942, 0.000000000000000000, -0.4999999999999948375 ) ) ;
#208 = CARTESIAN_POINT ( 'NONE',  ( -5.499999999999999112, 3.000000000000000000, 1.790258230161776152E-14 ) ) ;
#209 = DIRECTION ( 'NONE',  ( 0.000000000000000000, -0.000000000000000000, -1.000000000000000000 ) ) ;
#210 = EDGE_CURVE ( 'NONE', #934, #1463, #1836, .T. ) ;
#211 = ORIENTED_EDGE ( 'NONE', *, *, #1318, .T. ) ;
#212 = PERSON ( 'NAUO-PER3', 'UNSPECIFIED', 'UNSPECIFIED', ('UNSPECIFIED'), ('UNSPECIFIED'), ('UNSPECIFIED') ) ;
#213 = DATE_TIME_ROLE ( 'creation_date' ) ;
#214 = CARTESIAN_POINT ( 'NONE',  ( 0.000000000000000000, -1.214285714285682882, -4.948716593053974933 ) ) ;
#215 = COORDINATED_UNIVERSAL_TIME_OFFSET ( 3, 0, .AHEAD. ) ;
#216 = AXIS2_PLACEMENT_3D ( 'NONE', #624, #283, #275 ) ;
#217 = EDGE_LOOP ( 'NONE', ( #1134, #1762, #2100, #335 ) ) ;
#218 = DIRECTION ( 'NONE',  ( 0.000000000000000000, 1.000000000000000000, 0.000000000000000000 ) ) ;
#219 = VECTOR ( 'NONE', #1687, 1000.000000000000000 ) ;
#220 = DIRECTION ( 'NONE',  ( -0.000000000000000000, 1.000000000000000000, -0.000000000000000000 ) ) ;
#221 = CIRCLE ( 'NONE', #571, 6.000000000000000888 ) ;
#222 = CARTESIAN_POINT ( 'NONE',  ( 0.000000000000000000, 2.499999999999996447, -6.928203230275514990 ) ) ;
#223 = VERTEX_POINT ( 'NONE', #847 ) ;
#224 = CC_DESIGN_DATE_AND_TIME_ASSIGNMENT ( #34, #2021, ( #1811 ) ) ;
#225 = CIRCLE ( 'NONE', #677, 4.500000000000000000 ) ;
#226 = PERSON_AND_ORGANIZATION_ROLE ( 'design_supplier' ) ;
#227 = LINE ( 'NONE', #214, #1059 ) ;
#228 = CONTEXT_DEPENDENT_SHAPE_REPRESENTATION ( #512, #94 ) ;
#229 = PRODUCT_DEFINITION_FORMATION_WITH_SPECIFIED_SOURCE ( 'ANY', '', #1578, .NOT_KNOWN. ) ;
#230 = EDGE_LOOP ( 'NONE', ( #735, #68, #233, #2090 ) ) ;
#231 = CARTESIAN_POINT ( 'NONE',  ( 4.837938458043934978E-14, 0.5000000000000004441, 6.928203230275514102 ) ) ;
#232 = DIRECTION ( 'NONE',  ( -0.000000000000000000, 1.000000000000000000, -0.000000000000000000 ) ) ;
#233 = ORIENTED_EDGE ( 'NONE', *, *, #1048, .F. ) ;
#234 = PERSON_AND_ORGANIZATION ( #991, #1554 ) ;
#235 = ADVANCED_FACE ( 'NONE', ( #1522 ), #10, .F. ) ;
#236 = CARTESIAN_POINT ( 'NONE',  ( 2.449293598294706414E-16, 2.499999999999996003, -2.000000000000000000 ) ) ;
#237 = ORIENTED_EDGE ( 'NONE', *, *, #129, .T. ) ;
#238 = CARTESIAN_POINT ( 'NONE',  ( 4.837938458043934978E-14, 3.000000000000000000, 6.928203230275514102 ) ) ;
#239 = CARTESIAN_POINT ( 'NONE',  ( 0.000000000000000000, -8.499999999999994671, 0.000000000000000000 ) ) ;
#240 = CARTESIAN_POINT ( 'NONE',  ( 4.837938458043934978E-14, 0.5000000000000004441, 6.928203230275514102 ) ) ;
#241 = ORIENTED_EDGE ( 'NONE', *, *, #569, .F. ) ;
#242 = APPROVAL_DATE_TIME ( #1581, #740 ) ;
#243 = CARTESIAN_POINT ( 'NONE',  ( 0.000000000000000000, 0.6999999999999999556, 0.000000000000000000 ) ) ;
#244 = ADVANCED_FACE ( 'NONE', ( #515 ), #1177, .F. ) ;
#245 = CARTESIAN_POINT ( 'NONE',  ( 0.000000000000000000, -0.5000000000000000000, 6.000000000000000888 ) ) ;
#246 = ADVANCED_FACE ( 'NONE', ( #688 ), #524, .F. ) ;
#247 = EDGE_CURVE ( 'NONE', #617, #464, #821, .T. ) ;
#248 = ORIENTED_EDGE ( 'NONE', *, *, #1507, .F. ) ;
#249 = FACE_OUTER_BOUND ( 'NONE', #1790, .T. ) ;
#250 = DIRECTION ( 'NONE',  ( -0.000000000000000000, 1.000000000000000000, -0.000000000000000000 ) ) ;
#251 = AXIS2_PLACEMENT_3D ( 'NONE', #1494, #657, #1669 ) ;
#252 = ORIENTED_EDGE ( 'NONE', *, *, #1413, .T. ) ;
#253 = VECTOR ( 'NONE', #874, 999.9999999999998863 ) ;
#254 = APPROVAL_DATE_TIME ( #563, #1317 ) ;
#255 = VECTOR ( 'NONE', #455, 1000.000000000000000 ) ;
#256 = LINE ( 'NONE', #913, #911 ) ;
#257 = CONICAL_SURFACE ( 'NONE', #1130, 2.000000000000000000, 0.7853981633974517207 ) ;
#258 = PLANE ( 'NONE',  #1480 ) ;
#259 = VECTOR ( 'NONE', #1058, 1000.000000000000000 ) ;
#260 = AXIS2_PLACEMENT_3D ( 'NONE', #937, #1705, #204 ) ;
#261 = EDGE_LOOP ( 'NONE', ( #1844, #562 ) ) ;
#262 = CARTESIAN_POINT ( 'NONE',  ( 0.000000000000000000, 10.00000000000000000, 0.000000000000000000 ) ) ;
#263 = CC_DESIGN_DATE_AND_TIME_ASSIGNMENT ( #2106, #1271, ( #1311 ) ) ;
#264 = LINE ( 'NONE', #1620, #507 ) ;
#265 = ADVANCED_FACE ( 'NONE', ( #1988 ), #1658, .F. ) ;
#266 = CARTESIAN_POINT ( 'NONE',  ( 0.000000000000000000, 2.200000000000000178, 0.000000000000000000 ) ) ;
#267 = PERSON_AND_ORGANIZATION_ROLE ( 'classification_officer' ) ;
#268 = DIRECTION ( 'NONE',  ( -0.8660254037844345998, -0.000000000000000000, 0.5000000000000072164 ) ) ;
#269 = DIRECTION ( 'NONE',  ( -0.8660254037844414832, 0.000000000000000000, -0.4999999999999950595 ) ) ;
#270 = CARTESIAN_POINT ( 'NONE',  ( 0.000000000000000000, 0.000000000000000000, 0.000000000000000000 ) ) ;
#271 = ORIENTED_EDGE ( 'NONE', *, *, #1222, .T. ) ;
#272 = CARTESIAN_POINT ( 'NONE',  ( 6.000000000000036415, 2.499999999999996003, 3.464101615137701096 ) ) ;
#273 = LINE ( 'NONE', #931, #1591 ) ;
#274 = ADVANCED_FACE ( 'NONE', ( #169 ), #1686, .T. ) ;
#275 = DIRECTION ( 'NONE',  ( 0.000000000000000000, 0.000000000000000000, 1.000000000000000000 ) ) ;
#276 = APPLICATION_PROTOCOL_DEFINITION ( 'international standard', 'config_control_design', 1994, #758 ) ;
#277 = ORIENTED_EDGE ( 'NONE', *, *, #1699, .T. ) ;
#278 = FACE_OUTER_BOUND ( 'NONE', #760, .T. ) ;
#279 = DIRECTION ( 'NONE',  ( 0.000000000000000000, 0.000000000000000000, 1.000000000000000000 ) ) ;
#280 = ORIENTED_EDGE ( 'NONE', *, *, #1741, .T. ) ;
#281 = DIRECTION ( 'NONE',  ( 0.000000000000000000, 1.000000000000000000, 0.000000000000000000 ) ) ;
#282 = CARTESIAN_POINT ( 'NONE',  ( 7.347880794884120722E-16, 0.000000000000000000, -6.000000000000000888 ) ) ;
#283 = DIRECTION ( 'NONE',  ( 0.000000000000000000, 1.000000000000000000, 0.000000000000000000 ) ) ;
#284 = VECTOR ( 'NONE', #428, 1000.000000000000000 ) ;
#285 = APPLICATION_CONTEXT ( 'configuration controlled 3d designs of mechanical parts and assemblies' ) ;
#286 = CIRCLE ( 'NONE', #734, 6.000000000000000888 ) ;
#287 = SHAPE_REPRESENTATION ( '711341.104 шайба', ( #1168 ), #1133 ) ;
#288 = PERSON_AND_ORGANIZATION ( #991, #1554 ) ;
#289 = ORIENTED_EDGE ( 'NONE', *, *, #517, .T. ) ;
#290 = DIRECTION ( 'NONE',  ( 0.000000000000000000, -0.000000000000000000, 1.000000000000000000 ) ) ;
#291 = CC_DESIGN_DATE_AND_TIME_ASSIGNMENT ( #912, #213, ( #1519 ) ) ;
#292 = EDGE_CURVE ( 'NONE', #2015, #901, #549, .T. ) ;
#293 = DIRECTION ( 'NONE',  ( 0.000000000000000000, 1.000000000000000000, 0.000000000000000000 ) ) ;
#294 = VECTOR ( 'NONE', #1749, 1000.000000000000000 ) ;
#295 = VERTEX_POINT ( 'NONE', #382 ) ;
#296 = DIRECTION ( 'NONE',  ( -0.000000000000000000, -1.000000000000000000, -0.000000000000000000 ) ) ;
#297 = LINE ( 'NONE', #1941, #1627 ) ;
#298 = AXIS2_PLACEMENT_3D ( 'NONE', #240, #1245, #417 ) ;
#299 = CARTESIAN_POINT ( 'NONE',  ( 4.276852991760959054E-14, 3.000000000000000000, 6.350852961085885262 ) ) ;
#300 = CIRCLE ( 'NONE', #368, 4.000000000000000000 ) ;
#301 = PERSON_AND_ORGANIZATION_ROLE ( 'creator' ) ;
#302 = VERTEX_POINT ( 'NONE', #1885 ) ;
#303 = CARTESIAN_POINT ( 'NONE',  ( 0.000000000000000000, 3.000000000000000000, 0.000000000000000000 ) ) ;
#304 = LOCAL_TIME ( 15, 10, 18.00000000000000000, #1831 ) ;
#305 = FACE_OUTER_BOUND ( 'NONE', #644, .T. ) ;
#306 = PERSON_AND_ORGANIZATION ( #991, #1554 ) ;
#307 = ORIENTED_EDGE ( 'NONE', *, *, #63, .F. ) ;
#308 = CARTESIAN_POINT ( 'NONE',  ( -2.749999999999970690, 3.000000000000000000, 4.763139720814427491 ) ) ;
#309 = DIRECTION ( 'NONE',  ( -0.000000000000000000, -1.000000000000000000, -0.000000000000000000 ) ) ;
#310 = DATE_AND_TIME ( #616, #994 ) ;
#311 = ORIENTED_EDGE ( 'NONE', *, *, #1409, .T. ) ;
#312 = PLANE ( 'NONE',  #2149 ) ;
#313 = DIRECTION ( 'NONE',  ( 0.000000000000000000, 1.000000000000000000, 0.000000000000000000 ) ) ;
#314 = EDGE_CURVE ( 'NONE', #104, #1757, #1232, .T. ) ;
#315 = CALENDAR_DATE ( 2026, 12, 1 ) ;
#316 = VERTEX_POINT ( 'NONE', #39 ) ;
#317 = DIRECTION ( 'NONE',  ( 0.000000000000000000, 1.000000000000000000, 0.000000000000000000 ) ) ;
#318 = PRODUCT_RELATED_PRODUCT_CATEGORY ( 'detail', '', ( #1578 ) ) ;
#319 = EDGE_CURVE ( 'NONE', #876, #104, #1906, .T. ) ;
#320 = CARTESIAN_POINT ( 'NONE',  ( 0.000000000000000000, 10.00000000000000000, -6.928203230275514102 ) ) ;
#321 = ORIENTED_EDGE ( 'NONE', *, *, #48, .T. ) ;
#322 = CYLINDRICAL_SURFACE ( 'NONE', #49, 6.000000000000000888 ) ;
#323 = AXIS2_PLACEMENT_3D ( 'NONE', #771, #2101, #1619 ) ;
#324 = DATE_AND_TIME ( #498, #784 ) ;
#325 = CIRCLE ( 'NONE', #1053, 2.500000000000009326 ) ;
#326 = DIRECTION ( 'NONE',  ( 0.000000000000000000, -1.000000000000000000, 0.000000000000000000 ) ) ;
#327 = PERSON_AND_ORGANIZATION ( #991, #1554 ) ;
#328 = ORIENTED_EDGE ( 'NONE', *, *, #2098, .F. ) ;
#329 = DIRECTION ( 'NONE',  ( 0.000000000000000000, -1.000000000000000000, 0.000000000000000000 ) ) ;
#330 = VECTOR ( 'NONE', #2156, 1000.000000000000000 ) ;
#331 = AXIS2_PLACEMENT_3D ( 'NONE', #1639, #138, #1369 ) ;
#332 = EDGE_CURVE ( 'NONE', #1863, #600, #286, .T. ) ;
#333 = CARTESIAN_POINT ( 'NONE',  ( 0.000000000000000000, 0.000000000000000000, 0.000000000000000000 ) ) ;
#334 = CONICAL_SURFACE ( 'NONE', #1551, 2.499999999999998668, 0.7853981633974447263 ) ;
#335 = ORIENTED_EDGE ( 'NONE', *, *, #491, .T. ) ;
#336 = EDGE_LOOP ( 'NONE', ( #1281, #280, #513, #2036 ) ) ;
#337 = FACE_OUTER_BOUND ( 'NONE', #1104, .T. ) ;
#338 = DIRECTION ( 'NONE',  ( 0.9618186677964586373, 0.000000000000000000, -0.2736875047901271008 ) ) ;
#339 = DIRECTION ( 'NONE',  ( 0.000000000000000000, 0.000000000000000000, 1.000000000000000000 ) ) ;
#340 = APPROVAL_STATUS ( 'not_yet_approved' ) ;
#341 = EDGE_LOOP ( 'NONE', ( #1824, #706 ) ) ;
#342 = LINE ( 'NONE', #1167, #2035 ) ;
#343 = CARTESIAN_POINT ( 'NONE',  ( 0.000000000000000000, 0.000000000000000000, 0.000000000000000000 ) ) ;
#344 = ADVANCED_FACE ( 'NONE', ( #416 ), #1474, .F. ) ;
#345 = VERTEX_POINT ( 'NONE', #889 ) ;
#346 = CARTESIAN_POINT ( 'NONE',  ( 5.499999999999999112, 0.000000000000000000, -5.783911205138045931E-14 ) ) ;
#347 = EDGE_CURVE ( 'NONE', #351, #617, #2105, .T. ) ;
#348 = DIRECTION ( 'NONE',  ( 1.000000000000000000, 0.000000000000000000, 0.000000000000000000 ) ) ;
#349 = DIRECTION ( 'NONE',  ( -1.000000000000000000, 0.000000000000000000, 1.039100930793199338E-14 ) ) ;
#350 = APPLICATION_PROTOCOL_DEFINITION ( 'international standard', 'config_control_design', 1994, #950 ) ;
#351 = VERTEX_POINT ( 'NONE', #1046 ) ;
#352 = CARTESIAN_POINT ( 'NONE',  ( 3.061616997868381662E-16, 0.000000000000000000, 2.499999999999998668 ) ) ;
#353 = DIRECTION ( 'NONE',  ( -0.8660254037844344888, 0.000000000000000000, 0.5000000000000071054 ) ) ;
#354 = ORIENTED_EDGE ( 'NONE', *, *, #210, .T. ) ;
#355 = DIRECTION ( 'NONE',  ( 1.000000000000000000, 0.000000000000000000, 0.000000000000000000 ) ) ;
#356 = APPROVAL ( #1449, 'UNSPECIFIED' ) ;
#357 = EDGE_CURVE ( 'NONE', #934, #603, #1745, .T. ) ;
#358 = DIRECTION ( 'NONE',  ( 0.000000000000000000, 0.000000000000000000, 1.000000000000000000 ) ) ;
#359 = AXIS2_PLACEMENT_3D ( 'NONE', #1961, #281, #1952 ) ;
#360 = ORIENTED_EDGE ( 'NONE', *, *, #144, .T. ) ;
#361 = CARTESIAN_POINT ( 'NONE',  ( -6.000000000000011546, 0.000000000000000000, -3.464101615137742840 ) ) ;
#362 = CIRCLE ( 'NONE', #115, 2.000000000000000000 ) ;
#363 = ORIENTED_EDGE ( 'NONE', *, *, #1948, .T. ) ;
#364 = CARTESIAN_POINT ( 'NONE',  ( 0.000000000000000000, 0.000000000000000000, 0.000000000000000000 ) ) ;
#365 = ORIENTED_EDGE ( 'NONE', *, *, #1192, .T. ) ;
#366 = VECTOR ( 'NONE', #1454, 999.9999999999998863 ) ;
#367 = CARTESIAN_POINT ( 'NONE',  ( 5.999999999999962697, 0.000000000000000000, -3.464101615137825885 ) ) ;
#368 = AXIS2_PLACEMENT_3D ( 'NONE', #1437, #1131, #126 ) ;
#369 = APPROVAL_ROLE ( '' ) ;
#370 = ORIENTED_EDGE ( 'NONE', *, *, #1276, .T. ) ;
#371 = CARTESIAN_POINT ( 'NONE',  ( 0.000000000000000000, 0.000000000000000000, 0.000000000000000000 ) ) ;
#372 = CC_DESIGN_APPROVAL ( #995, ( #1311 ) ) ;
#373 = ADVANCED_FACE ( 'NONE', ( #899 ), #1576, .T. ) ;
#374 = ORIENTED_EDGE ( 'NONE', *, *, #48, .F. ) ;
#375 = CYLINDRICAL_SURFACE ( 'NONE', #5, 6.000000000000000888 ) ;
#376 = ORIENTED_EDGE ( 'NONE', *, *, #1602, .T. ) ;
#377 = COORDINATED_UNIVERSAL_TIME_OFFSET ( 3, 0, .AHEAD. ) ;
#378 = DIRECTION ( 'NONE',  ( 0.8660254037844379305, 0.000000000000000000, -0.5000000000000011102 ) ) ;
#379 = APPROVAL_DATE_TIME ( #853, #516 ) ;
#380 = ORIENTED_EDGE ( 'NONE', *, *, #996, .F. ) ;
#381 = DIRECTION ( 'NONE',  ( 0.000000000000000000, 0.000000000000000000, 1.000000000000000000 ) ) ;
#382 = CARTESIAN_POINT ( 'NONE',  ( -5.999999999999987566, 0.000000000000000000, 3.464101615137783252 ) ) ;
#383 = APPROVAL ( #1350, 'UNSPECIFIED' ) ;
#384 = FACE_OUTER_BOUND ( 'NONE', #1625, .T. ) ;
#385 = ORIENTED_EDGE ( 'NONE', *, *, #794, .T. ) ;
#386 = CALENDAR_DATE ( 2026, 12, 1 ) ;
#387 = LINE ( 'NONE', #400, #1975 ) ;
#388 = PERSON_AND_ORGANIZATION_ROLE ( 'classification_officer' ) ;
#389 = EDGE_LOOP ( 'NONE', ( #116, #248, #23, #1022 ) ) ;
#390 = DIRECTION ( 'NONE',  ( -0.6546536707079748663, -0.6546536707079784190, 0.3779644730092291405 ) ) ;
#391 = VECTOR ( 'NONE', #536, 1000.000000000000000 ) ;
#392 = CARTESIAN_POINT ( 'NONE',  ( 0.000000000000000000, -8.499999999999994671, 0.000000000000000000 ) ) ;
#393 = AXIS2_PLACEMENT_3D ( 'NONE', #1176, #1853, #846 ) ;
#394 = CARTESIAN_POINT ( 'NONE',  ( 0.000000000000000000, 7.000000000000000000, 0.000000000000000000 ) ) ;
#395 = EDGE_CURVE ( 'NONE', #99, #934, #1711, .T. ) ;
#396 = VERTEX_POINT ( 'NONE', #739 ) ;
#397 = APPLICATION_CONTEXT ( 'configuration controlled 3d designs of mechanical parts and assemblies' ) ;
#398 = VECTOR ( 'NONE', #828, 1000.000000000000000 ) ;
#399 = DATE_AND_TIME ( #1900, #403 ) ;
#400 = CARTESIAN_POINT ( 'NONE',  ( 2.449293598294706414E-16, 2.499999999999996003, -2.000000000000000000 ) ) ;
#401 = AXIS2_PLACEMENT_3D ( 'NONE', #3, #649, #1325 ) ;
#402 = APPROVAL_STATUS ( 'not_yet_approved' ) ;
#403 = LOCAL_TIME ( 15, 10, 18.00000000000000000, #410 ) ;
#404 = EDGE_LOOP ( 'NONE', ( #1028, #1013, #681, #2027 ) ) ;
#405 = FACE_OUTER_BOUND ( 'NONE', #694, .T. ) ;
#406 = DIRECTION ( 'NONE',  ( 0.000000000000000000, 0.000000000000000000, -1.000000000000000000 ) ) ;
#407 = DIRECTION ( 'NONE',  ( -0.000000000000000000, -1.000000000000000000, -0.000000000000000000 ) ) ;
#408 = EDGE_LOOP ( 'NONE', ( #1939, #1470 ) ) ;
#409 = EDGE_CURVE ( 'NONE', #617, #351, #1012, .T. ) ;
#410 = COORDINATED_UNIVERSAL_TIME_OFFSET ( 3, 0, .AHEAD. ) ;
#411 = CARTESIAN_POINT ( 'NONE',  ( 3.061616997868381662E-16, 0.000000000000000000, 2.499999999999998668 ) ) ;
#412 = EDGE_CURVE ( 'NONE', #415, #1263, #1199, .T. ) ;
#413 = EDGE_CURVE ( 'NONE', #1618, #1263, #1331, .T. ) ;
#414 = CARTESIAN_POINT ( 'NONE',  ( 0.000000000000000000, 0.000000000000000000, 0.000000000000000000 ) ) ;
#415 = VERTEX_POINT ( 'NONE', #709 ) ;
#416 = FACE_OUTER_BOUND ( 'NONE', #518, .T. ) ;
#417 = DIRECTION ( 'NONE',  ( 0.8660254037844344888, 0.000000000000000000, -0.5000000000000071054 ) ) ;
#418 = ORIENTED_EDGE ( 'NONE', *, *, #767, .F. ) ;
#419 = PERSON_AND_ORGANIZATION_ROLE ( 'classification_officer' ) ;
#420 = DIRECTION ( 'NONE',  ( 0.8660254037844415942, 0.000000000000000000, 0.4999999999999948375 ) ) ;
#421 = CC_DESIGN_PERSON_AND_ORGANIZATION_ASSIGNMENT ( #2087, #1739, ( #1062 ) ) ;
#422 = ADVANCED_FACE ( 'NONE', ( #583, #2034 ), #1918, .T. ) ;
#423 = CARTESIAN_POINT ( 'NONE',  ( -6.000000000000012434, 2.499999999999996003, -3.464101615137743728 ) ) ;
#424 = PRODUCT ( '753124.036 стойка', '753124.036 стойка', '', ( #122 ) ) ;
#425 = ORIENTED_EDGE ( 'NONE', *, *, #1779, .F. ) ;
#426 = DIRECTION ( 'NONE',  ( 0.000000000000000000, 0.000000000000000000, -1.000000000000000000 ) ) ;
#427 = FACE_OUTER_BOUND ( 'NONE', #864, .T. ) ;
#428 = DIRECTION ( 'NONE',  ( -1.051620219116008581E-14, 0.000000000000000000, -1.000000000000000000 ) ) ;
#429 = MECHANICAL_CONTEXT ( 'NONE', #1401, 'mechanical' ) ;
#430 = CARTESIAN_POINT ( 'NONE',  ( 8.572527594031473190E-16, 0.7000000000000000666, 7.000000000000000000 ) ) ;
#431 = CIRCLE ( 'NONE', #1661, 2.000000000000000000 ) ;
#432 = PERSON_AND_ORGANIZATION_ROLE ( 'classification_officer' ) ;
#433 = CARTESIAN_POINT ( 'NONE',  ( -5.999999999999989342, 0.5000000000000004441, 3.464101615137784584 ) ) ;
#434 = CARTESIAN_POINT ( 'NONE',  ( 2.750000000000037748, 3.000000000000000000, 4.763139720814386635 ) ) ;
#435 = AXIS2_PLACEMENT_3D ( 'NONE', #1149, #1999, #496 ) ;
#436 = CIRCLE ( 'NONE', #1592, 6.000000000000000888 ) ;
#437 = ORIENTED_EDGE ( 'NONE', *, *, #172, .T. ) ;
#438 = DIRECTION ( 'NONE',  ( 0.000000000000000000, -1.000000000000000000, 0.000000000000000000 ) ) ;
#439 = DIRECTION ( 'NONE',  ( 0.8660254037844415942, 0.000000000000000000, 0.4999999999999950595 ) ) ;
#440 = ADVANCED_FACE ( 'NONE', ( #1531 ), #1894, .T. ) ;
#441 = CARTESIAN_POINT ( 'NONE',  ( 6.000000000000036415, 0.5000000000000004441, 3.464101615137701096 ) ) ;
#442 = COORDINATED_UNIVERSAL_TIME_OFFSET ( 3, 0, .AHEAD. ) ;
#443 = ORIENTED_EDGE ( 'NONE', *, *, #1141, .F. ) ;
#444 = DIRECTION ( 'NONE',  ( 0.8660254037844415942, 0.000000000000000000, 0.4999999999999950595 ) ) ;
#445 = DIRECTION ( 'NONE',  ( 0.000000000000000000, -0.000000000000000000, 1.000000000000000000 ) ) ;
#446 = ORIENTED_EDGE ( 'NONE', *, *, #676, .F. ) ;
#447 = LINE ( 'NONE', #1287, #1617 ) ;
#448 = DIRECTION ( 'NONE',  ( 3.380207847158600080E-15, 0.000000000000000000, 1.000000000000000000 ) ) ;
#449 = ADVANCED_FACE ( 'NONE', ( #1733 ), #375, .T. ) ;
#450 = ORIENTED_EDGE ( 'NONE', *, *, #967, .T. ) ;
#451 = APPROVAL_ROLE ( '' ) ;
#452 = EDGE_LOOP ( 'NONE', ( #1708, #289 ) ) ;
#453 = CARTESIAN_POINT ( 'NONE',  ( 6.000000000000036415, 2.499999999999996003, 3.464101615137701096 ) ) ;
#454 = DIRECTION ( 'NONE',  ( 0.000000000000000000, 0.000000000000000000, -1.000000000000000000 ) ) ;
#455 = DIRECTION ( 'NONE',  ( -3.255014963930502918E-15, 0.000000000000000000, -1.000000000000000000 ) ) ;
#456 = ORIENTED_EDGE ( 'NONE', *, *, #2053, .T. ) ;
#457 = FACE_OUTER_BOUND ( 'NONE', #1903, .T. ) ;
#458 = CARTESIAN_POINT ( 'NONE',  ( 4.837938458043933716E-14, 0.000000000000000000, 6.928203230275513214 ) ) ;
#459 = PRODUCT_DEFINITION_SHAPE ( 'NONE', 'NONE',  #2171 ) ;
#460 = DIRECTION ( 'NONE',  ( 0.000000000000000000, 0.000000000000000000, -1.000000000000000000 ) ) ;
#461 = VECTOR ( 'NONE', #678, 1000.000000000000114 ) ;
#462 = ADVANCED_FACE ( 'NONE', ( #1278 ), #1896, .F. ) ;
#463 = PERSON_AND_ORGANIZATION ( #991, #1554 ) ;
#464 = VERTEX_POINT ( 'NONE', #105 ) ;
#465 = DIRECTION ( 'NONE',  ( -0.6546536707079817496, -0.6546536707079766426, -0.3779644730092202587 ) ) ;
#466 = CARTESIAN_POINT ( 'NONE',  ( 0.000000000000000000, 2.200000000000000178, 0.000000000000000000 ) ) ;
#467 = CIRCLE ( 'NONE', #78, 7.000000000000000000 ) ;
#468 = PERSON_AND_ORGANIZATION_ROLE ( 'design_supplier' ) ;
#469 =( REPRESENTATION_RELATIONSHIP ('NONE','NONE', #1560, #287 ) REPRESENTATION_RELATIONSHIP_WITH_TRANSFORMATION ( #532 )SHAPE_REPRESENTATION_RELATIONSHIP( ) );
#470 = AXIS2_PLACEMENT_3D ( 'NONE', #780, #1403, #1418 ) ;
#471 = EDGE_LOOP ( 'NONE', ( #1883, #849 ) ) ;
#472 = FACE_OUTER_BOUND ( 'NONE', #2147, .T. ) ;
#473 = ORIENTED_EDGE ( 'NONE', *, *, #180, .T. ) ;
#474 = APPROVAL_PERSON_ORGANIZATION ( #306, #62, #1683 ) ;
#475 = DATE_TIME_ROLE ( 'creation_date' ) ;
#476 = EDGE_LOOP ( 'NONE', ( #135, #1039 ) ) ;
#477 = EDGE_CURVE ( 'NONE', #1562, #1152, #2033, .T. ) ;
#478 = CARTESIAN_POINT ( 'NONE',  ( 0.000000000000000000, 0.5000000000000023315, 2.000000000000000000 ) ) ;
#479 = LOCAL_TIME ( 15, 10, 18.00000000000000000, #1372 ) ;
#480 = ADVANCED_FACE ( 'NONE', ( #457 ), #940, .F. ) ;
#481 = CARTESIAN_POINT ( 'NONE',  ( 6.000000000000036415, 0.5000000000000004441, 3.464101615137701096 ) ) ;
#482 = APPROVAL_DATE_TIME ( #16, #1288 ) ;
#483 = ORIENTED_EDGE ( 'NONE', *, *, #1169, .F. ) ;
#484 = CARTESIAN_POINT ( 'NONE',  ( 0.000000000000000000, 3.000000000000000000, 0.000000000000000000 ) ) ;
#485 = CARTESIAN_POINT ( 'NONE',  ( -4.714285714285721518, 3.785714285714289140, -2.721794126179653439 ) ) ;
#486 = ORIENTED_EDGE ( 'NONE', *, *, #1209, .T. ) ;
#487 = DIRECTION ( 'NONE',  ( -0.000000000000000000, -1.000000000000000000, -0.000000000000000000 ) ) ;
#488 = APPROVAL_ROLE ( '' ) ;
#489 = CARTESIAN_POINT ( 'NONE',  ( 0.000000000000000000, 0.000000000000000000, -4.000000000000000000 ) ) ;
#490 = APPROVAL_STATUS ( 'not_yet_approved' ) ;
#491 = EDGE_CURVE ( 'NONE', #464, #842, #1580, .T. ) ;
#492 = ORIENTED_EDGE ( 'NONE', *, *, #896, .F. ) ;
#493 = FACE_OUTER_BOUND ( 'NONE', #1976, .T. ) ;
#494 = DIRECTION ( 'NONE',  ( 0.000000000000000000, 0.000000000000000000, 1.000000000000000000 ) ) ;
#495 = ORIENTED_EDGE ( 'NONE', *, *, #1600, .F. ) ;
#496 = DIRECTION ( 'NONE',  ( 0.000000000000000000, 0.000000000000000000, 1.000000000000000000 ) ) ;
#497 = CIRCLE ( 'NONE', #1118, 2.500000000000009326 ) ;
#498 = CALENDAR_DATE ( 2026, 12, 1 ) ;
#499 = AXIS2_PLACEMENT_3D ( 'NONE', #2161, #151, #1500 ) ;
#500 = DIRECTION ( 'NONE',  ( 0.000000000000000000, 0.000000000000000000, -1.000000000000000000 ) ) ;
#501 = ORIENTED_EDGE ( 'NONE', *, *, #1858, .T. ) ;
#502 = DIRECTION ( 'NONE',  ( 0.000000000000000000, 0.000000000000000000, -1.000000000000000000 ) ) ;
#503 = ADVANCED_FACE ( 'NONE', ( #601 ), #1365, .F. ) ;
#504 = AXIS2_PLACEMENT_3D ( 'NONE', #1706, #1559, #358 ) ;
#505 = DIRECTION ( 'NONE',  ( 0.000000000000000000, 1.000000000000000000, 0.000000000000000000 ) ) ;
#506 = EDGE_CURVE ( 'NONE', #969, #743, #613, .T. ) ;
#507 = VECTOR ( 'NONE', #920, 1000.000000000000000 ) ;
#508 = ORIENTED_EDGE ( 'NONE', *, *, #755, .T. ) ;
#509 = FACE_OUTER_BOUND ( 'NONE', #476, .T. ) ;
#510 = SECURITY_CLASSIFICATION ( '', '', #149 ) ;
#511 = DIRECTION ( 'NONE',  ( 1.000000000000000000, 0.000000000000000000, -3.380207847158600080E-15 ) ) ;
#512 =( REPRESENTATION_RELATIONSHIP ('NONE','NONE', #1560, #287 ) REPRESENTATION_RELATIONSHIP_WITH_TRANSFORMATION ( #1902 )SHAPE_REPRESENTATION_RELATIONSHIP( ) );
#513 = ORIENTED_EDGE ( 'NONE', *, *, #2125, .F. ) ;
#514 = FACE_OUTER_BOUND ( 'NONE', #261, .T. ) ;
#515 = FACE_OUTER_BOUND ( 'NONE', #76, .T. ) ;
#516 = APPROVAL ( #684, 'UNKNOWN' ) ;
#517 = EDGE_CURVE ( 'NONE', #1152, #1562, #1651, .T. ) ;
#518 = EDGE_LOOP ( 'NONE', ( #972, #1533, #582, #1555 ) ) ;
#519 =( NAMED_UNIT ( * ) PLANE_ANGLE_UNIT ( ) SI_UNIT ( $, .RADIAN. ) );
#520 = PLANE ( 'NONE',  #1303 ) ;
#521 = CONTEXT_DEPENDENT_SHAPE_REPRESENTATION ( #469, #459 ) ;
#522 = ORIENTED_EDGE ( 'NONE', *, *, #1629, .F. ) ;
#523 = DIRECTION ( 'NONE',  ( 0.4999999999999948375, 0.000000000000000000, -0.8660254037844415942 ) ) ;
#524 = PLANE ( 'NONE',  #1187 ) ;
#525 = EDGE_LOOP ( 'NONE', ( #1586, #2113, #2104, #311, #1951 ) ) ;
#526 = EDGE_CURVE ( 'NONE', #196, #778, #1973, .T. ) ;
#527 = CLOSED_SHELL ( 'NONE', ( #274, #1087, #503, #663, #1933, #449, #1314, #1251, #1178, #30, #158, #1155, #244, #480, #246, #1435, #183, #265, #1645, #1856, #1640, #1045, #1751, #632, #1657, #753, #698, #1427, #880 ) ) ;
#528 =( LENGTH_UNIT ( ) NAMED_UNIT ( * ) SI_UNIT ( .MILLI., .METRE. ) );
#529 = DIRECTION ( 'NONE',  ( 0.000000000000000000, -0.000000000000000000, -1.000000000000000000 ) ) ;
#530 = AXIS2_PLACEMENT_3D ( 'NONE', #570, #720, #406 ) ;
#531 = EDGE_CURVE ( 'NONE', #997, #1753, #325, .T. ) ;
#532 = ITEM_DEFINED_TRANSFORMATION ( 'NONE', 'NONE', #881,  #1168 ) ;
#533 = EDGE_LOOP ( 'NONE', ( #1543, #38, #1175, #1217, #1321 ) ) ;
#534 = CARTESIAN_POINT ( 'NONE',  ( 2.449293598294706414E-16, -0.5000000000000000000, -2.000000000000000000 ) ) ;
#535 = AXIS2_PLACEMENT_3D ( 'NONE', #434, #1430, #1916 ) ;
#536 = DIRECTION ( 'NONE',  ( 0.8660254037844414832, 0.000000000000000000, 0.4999999999999950595 ) ) ;
#537 = CIRCLE ( 'NONE', #470, 7.000000000000000000 ) ;
#538 = ORIENTED_EDGE ( 'NONE', *, *, #977, .T. ) ;
#539 = VECTOR ( 'NONE', #803, 1000.000000000000000 ) ;
#540 = SHAPE_DEFINITION_REPRESENTATION ( #922, #1560 ) ;
#541 = CARTESIAN_POINT ( 'NONE',  ( -5.999999999999987566, 10.00000000000000000, 3.464101615137783252 ) ) ;
#542 = APPROVAL_ROLE ( '' ) ;
#543 = SECURITY_CLASSIFICATION ( '', '', #2062 ) ;
#544 = CC_DESIGN_PERSON_AND_ORGANIZATION_ASSIGNMENT ( #110, #1966, ( #1613 ) ) ;
#545 = EDGE_CURVE ( 'NONE', #316, #1757, #1763, .T. ) ;
#546 = ORIENTED_EDGE ( 'NONE', *, *, #1209, .F. ) ;
#547 = DIRECTION ( 'NONE',  ( 0.000000000000000000, 0.000000000000000000, 1.000000000000000000 ) ) ;
#548 = ORIENTED_EDGE ( 'NONE', *, *, #1823, .F. ) ;
#549 = LINE ( 'NONE', #28, #391 ) ;
#550 = CARTESIAN_POINT ( 'NONE',  ( 6.000000000000036415, 3.000000000000000000, 3.464101615137701096 ) ) ;
#551 = ORIENTED_EDGE ( 'NONE', *, *, #1357, .F. ) ;
#552 = APPROVAL_ROLE ( '' ) ;
#553 = CARTESIAN_POINT ( 'NONE',  ( 0.000000000000000000, 7.000000000000000000, -6.928203230275514102 ) ) ;
#554 = PERSON_AND_ORGANIZATION ( #838, #919 ) ;
#555 = DIRECTION ( 'NONE',  ( 0.8660254037844379305, 0.000000000000000000, -0.5000000000000011102 ) ) ;
#556 = ORIENTED_EDGE ( 'NONE', *, *, #1035, .T. ) ;
#557 = DIRECTION ( 'NONE',  ( 8.659560562354978464E-17, 0.7071067811865439090, -0.7071067811865512365 ) ) ;
#558 = ADVANCED_FACE ( 'NONE', ( #249 ), #1608, .F. ) ;
#559 = ORIENTED_EDGE ( 'NONE', *, *, #2110, .T. ) ;
#560 = DIRECTION ( 'NONE',  ( 0.000000000000000000, 0.000000000000000000, 1.000000000000000000 ) ) ;
#561 = CARTESIAN_POINT ( 'NONE',  ( 5.999999999999962697, 10.00000000000000000, -3.464101615137825885 ) ) ;
#562 = ORIENTED_EDGE ( 'NONE', *, *, #1482, .T. ) ;
#563 = DATE_AND_TIME ( #69, #1698 ) ;
#564 = DIRECTION ( 'NONE',  ( -0.8660254037844414832, 0.000000000000000000, -0.4999999999999951705 ) ) ;
#565 = APPROVAL_DATE_TIME ( #2040, #1086 ) ;
#566 = ORIENTED_EDGE ( 'NONE', *, *, #1020, .T. ) ;
#567 = FACE_OUTER_BOUND ( 'NONE', #637, .T. ) ;
#568 = AXIS2_PLACEMENT_3D ( 'NONE', #208, #1397, #1364 ) ;
#569 = EDGE_CURVE ( 'NONE', #1358, #801, #221, .T. ) ;
#570 = CARTESIAN_POINT ( 'NONE',  ( 0.000000000000000000, 0.000000000000000000, 0.000000000000000000 ) ) ;
#571 = AXIS2_PLACEMENT_3D ( 'NONE', #97, #1598, #1120 ) ;
#572 = LINE ( 'NONE', #346, #713 ) ;
#573 = EDGE_LOOP ( 'NONE', ( #546, #1502, #1327, #1704 ) ) ;
#574 = CIRCLE ( 'NONE', #984, 2.000000000000000000 ) ;
#575 = VECTOR ( 'NONE', #1612, 1000.000000000000114 ) ;
#576 = DATE_AND_TIME ( #1203, #579 ) ;
#577 = FACE_OUTER_BOUND ( 'NONE', #336, .T. ) ;
#578 = AXIS2_PLACEMENT_3D ( 'NONE', #867, #878, #1895 ) ;
#579 = LOCAL_TIME ( 15, 10, 18.00000000000000000, #377 ) ;
#580 = ORIENTED_EDGE ( 'NONE', *, *, #22, .F. ) ;
#581 = DIRECTION ( 'NONE',  ( 0.000000000000000000, -1.000000000000000000, 0.000000000000000000 ) ) ;
#582 = ORIENTED_EDGE ( 'NONE', *, *, #635, .F. ) ;
#583 = FACE_BOUND ( 'NONE', #341, .T. ) ;
#584 = LOCAL_TIME ( 15, 10, 18.00000000000000000, #50 ) ;
#585 = ORIENTED_EDGE ( 'NONE', *, *, #1963, .F. ) ;
#586 = PRODUCT_DEFINITION ( 'UNKNOWN', '', #1909, #968 ) ;
#587 = EDGE_CURVE ( 'NONE', #712, #620, #761, .T. ) ;
#588 = PERSON_AND_ORGANIZATION ( #991, #1554 ) ;
#589 = CARTESIAN_POINT ( 'NONE',  ( 0.000000000000000000, -0.5000000000000000000, 0.000000000000000000 ) ) ;
#590 = FACE_OUTER_BOUND ( 'NONE', #727, .T. ) ;
#591 = ORIENTED_EDGE ( 'NONE', *, *, #1276, .F. ) ;
#592 = DIRECTION ( 'NONE',  ( 0.000000000000000000, 1.000000000000000000, 0.000000000000000000 ) ) ;
#593 = DIRECTION ( 'NONE',  ( 0.000000000000000000, 1.000000000000000000, 0.000000000000000000 ) ) ;
#594 = LINE ( 'NONE', #776, #1260 ) ;
#595 = EDGE_CURVE ( 'NONE', #1863, #1611, #2127, .T. ) ;
#596 = CARTESIAN_POINT ( 'NONE',  ( 0.000000000000000000, 0.000000000000000000, 0.000000000000000000 ) ) ;
#597 = EDGE_CURVE ( 'NONE', #1834, #104, #447, .T. ) ;
#598 = DIRECTION ( 'NONE',  ( 0.6546536707079796402, -0.6546536707079778639, 0.3779644730092218130 ) ) ;
#599 = PRODUCT ( '758442.015 гайка', '758442.015 гайка', '', ( #1064 ) ) ;
#600 = VERTEX_POINT ( 'NONE', #957 ) ;
#601 = FACE_OUTER_BOUND ( 'NONE', #981, .T. ) ;
#602 = DIRECTION ( 'NONE',  ( -1.039100930793199338E-14, 0.000000000000000000, -1.000000000000000000 ) ) ;
#603 = VERTEX_POINT ( 'NONE', #751 ) ;
#604 = PERSON_AND_ORGANIZATION ( #991, #1554 ) ;
#605 = AXIS2_PLACEMENT_3D ( 'NONE', #2043, #1530, #547 ) ;
#606 = CARTESIAN_POINT ( 'NONE',  ( 0.000000000000000000, 0.000000000000000000, 0.000000000000000000 ) ) ;
#607 = CARTESIAN_POINT ( 'NONE',  ( 0.000000000000000000, 0.000000000000000000, 0.000000000000000000 ) ) ;
#608 = CIRCLE ( 'NONE', #1841, 1.499999999999997780 ) ;
#609 = APPROVAL ( #490, 'UNSPECIFIED' ) ;
#610 = EDGE_CURVE ( 'NONE', #690, #1277, #1796, .T. ) ;
#611 = APPROVAL_PERSON_ORGANIZATION ( #1359, #383, #488 ) ;
#612 = ORIENTED_EDGE ( 'NONE', *, *, #2094, .T. ) ;
#613 = LINE ( 'NONE', #117, #147 ) ;
#614 = APPROVAL_PERSON_ORGANIZATION ( #100, #995, #960 ) ;
#615 = DIRECTION ( 'NONE',  ( 0.4999999999999950595, 0.000000000000000000, -0.8660254037844415942 ) ) ;
#616 = CALENDAR_DATE ( 2026, 12, 1 ) ;
#617 = VERTEX_POINT ( 'NONE', #1940 ) ;
#618 = DIRECTION ( 'NONE',  ( 0.000000000000000000, -1.000000000000000000, 0.000000000000000000 ) ) ;
#619 = FACE_OUTER_BOUND ( 'NONE', #1332, .T. ) ;
#620 = VERTEX_POINT ( 'NONE', #1633 ) ;
#621 = DIRECTION ( 'NONE',  ( 0.000000000000000000, 0.000000000000000000, 1.000000000000000000 ) ) ;
#622 = DIRECTION ( 'NONE',  ( -0.000000000000000000, -1.000000000000000000, -0.000000000000000000 ) ) ;
#623 = EDGE_CURVE ( 'NONE', #12, #1078, #1865, .T. ) ;
#624 = CARTESIAN_POINT ( 'NONE',  ( 0.000000000000000000, 2.200000000000000178, 0.000000000000000000 ) ) ;
#625 = CALENDAR_DATE ( 2026, 12, 1 ) ;
#626 = VERTEX_POINT ( 'NONE', #272 ) ;
#627 = DIRECTION ( 'NONE',  ( 0.8660254037844415942, 0.000000000000000000, 0.4999999999999948375 ) ) ;
#628 = DIRECTION ( 'NONE',  ( 0.7071067811865469066, 0.7071067811865481278, -2.301643153858942173E-15 ) ) ;
#629 = ORIENTED_EDGE ( 'NONE', *, *, #1714, .F. ) ;
#630 = CARTESIAN_POINT ( 'NONE',  ( 0.000000000000000000, -0.5000000000000000000, 0.000000000000000000 ) ) ;
#631 = DIRECTION ( 'NONE',  ( 0.000000000000000000, -0.7071067811865500152, -0.7071067811865450192 ) ) ;
#632 = ADVANCED_FACE ( 'NONE', ( #1111 ), #1677, .F. ) ;
#633 = LINE ( 'NONE', #2117, #1930 ) ;
#634 = AXIS2_PLACEMENT_3D ( 'NONE', #630, #2114, #2136 ) ;
#635 = EDGE_CURVE ( 'NONE', #1277, #690, #1932, .T. ) ;
#636 = PERSON_AND_ORGANIZATION ( #991, #1554 ) ;
#637 = EDGE_LOOP ( 'NONE', ( #1239, #1442, #854, #839 ) ) ;
#638 = DIRECTION ( 'NONE',  ( -0.000000000000000000, 1.000000000000000000, 0.000000000000000000 ) ) ;
#639 = AXIS2_PLACEMENT_3D ( 'NONE', #2023, #1184, #1861 ) ;
#640 = LINE ( 'NONE', #1649, #1267 ) ;
#641 = VECTOR ( 'NONE', #1759, 1000.000000000000000 ) ;
#642 = PERSON_AND_ORGANIZATION ( #991, #1554 ) ;
#643 = CIRCLE ( 'NONE', #2151, 2.000000000000000000 ) ;
#644 = EDGE_LOOP ( 'NONE', ( #1458, #437, #1195, #556, #1366 ) ) ;
#645 = DIRECTION ( 'NONE',  ( -0.8660254037844415942, 0.000000000000000000, -0.4999999999999948375 ) ) ;
#646 = DIRECTION ( 'NONE',  ( 0.8660254037844415942, 0.000000000000000000, 0.4999999999999950595 ) ) ;
#647 = LOCAL_TIME ( 15, 10, 18.00000000000000000, #1050 ) ;
#648 = VERTEX_POINT ( 'NONE', #1153 ) ;
#649 = DIRECTION ( 'NONE',  ( 0.000000000000000000, -1.000000000000000000, 0.000000000000000000 ) ) ;
#650 = CC_DESIGN_APPROVAL ( #1288, ( #1909 ) ) ;
#651 = CC_DESIGN_PERSON_AND_ORGANIZATION_ASSIGNMENT ( #588, #1214, ( #2154 ) ) ;
#652 = ADVANCED_FACE ( 'NONE', ( #656 ), #1509, .F. ) ;
#653 = LOCAL_TIME ( 15, 10, 18.00000000000000000, #2076 ) ;
#654 = DIRECTION ( 'NONE',  ( 0.000000000000000000, 0.000000000000000000, 1.000000000000000000 ) ) ;
#655 = ORIENTED_EDGE ( 'NONE', *, *, #144, .F. ) ;
#656 = FACE_OUTER_BOUND ( 'NONE', #1088, .T. ) ;
#657 = DIRECTION ( 'NONE',  ( 0.000000000000000000, 1.000000000000000000, 0.000000000000000000 ) ) ;
#658 = ORIENTED_EDGE ( 'NONE', *, *, #2139, .T. ) ;
#659 = DIRECTION ( 'NONE',  ( 0.000000000000000000, -0.000000000000000000, 1.000000000000000000 ) ) ;
#660 = CARTESIAN_POINT ( 'NONE',  ( 11.03078593625005155, 2.941834581496566070, 10.93634039680398118 ) ) ;
#661 = ADVANCED_FACE ( 'NONE', ( #970 ), #1003, .F. ) ;
#662 = FACE_OUTER_BOUND ( 'NONE', #946, .T. ) ;
#663 = ADVANCED_FACE ( 'NONE', ( #806 ), #1341, .F. ) ;
#664 = ORIENTED_EDGE ( 'NONE', *, *, #1893, .F. ) ;
#665 = CARTESIAN_POINT ( 'NONE',  ( 0.000000000000000000, 0.5000000000000004441, -6.928203230275514990 ) ) ;
#666 = CARTESIAN_POINT ( 'NONE',  ( 5.499999999999961808, 3.000000000000000000, -3.464101615137821444 ) ) ;
#667 = EDGE_LOOP ( 'NONE', ( #1106, #722, #845, #2164 ) ) ;
#668 = CARTESIAN_POINT ( 'NONE',  ( 4.898587196589412829E-16, 0.6999999999999999556, 4.000000000000000000 ) ) ;
#669 = AXIS2_PLACEMENT_3D ( 'NONE', #877, #2081, #1539 ) ;
#670 = DIRECTION ( 'NONE',  ( -0.6546536707079726458, 0.6546536707079788631, 0.3779644730092320826 ) ) ;
#671 = DATE_TIME_ROLE ( 'creation_date' ) ;
#672 = VERTEX_POINT ( 'NONE', #1322 ) ;
#673 = DIRECTION ( 'NONE',  ( 0.5000000000000012212, -0.000000000000000000, 0.8660254037844380415 ) ) ;
#674 = VECTOR ( 'NONE', #938, 1000.000000000000114 ) ;
#675 = CC_DESIGN_PERSON_AND_ORGANIZATION_ASSIGNMENT ( #1526, #1316, ( #1578 ) ) ;
#676 = EDGE_CURVE ( 'NONE', #778, #2015, #2016, .T. ) ;
#677 = AXIS2_PLACEMENT_3D ( 'NONE', #1871, #1889, #1717 ) ;
#678 = DIRECTION ( 'NONE',  ( 0.6546536707079770867, 0.6546536707079783080, 0.3779644730092253657 ) ) ;
#679 = VECTOR ( 'NONE', #124, 1000.000000000000000 ) ;
#680 = AXIS2_PLACEMENT_3D ( 'NONE', #1628, #1984, #454 ) ;
#681 = ORIENTED_EDGE ( 'NONE', *, *, #413, .T. ) ;
#682 = FACE_OUTER_BOUND ( 'NONE', #96, .T. ) ;
#683 = COORDINATED_UNIVERSAL_TIME_OFFSET ( 3, 0, .AHEAD. ) ;
#684 = APPROVAL_STATUS ( 'not_yet_approved' ) ;
#685 = VERTEX_POINT ( 'NONE', #1987 ) ;
#686 = DIRECTION ( 'NONE',  ( 0.000000000000000000, 0.7071067811865439090, 0.7071067811865512365 ) ) ;
#687 = ORIENTED_EDGE ( 'NONE', *, *, #506, .F. ) ;
#688 = FACE_OUTER_BOUND ( 'NONE', #2121, .T. ) ;
#689 = ADVANCED_FACE ( 'NONE', ( #1146, #514 ), #1685, .F. ) ;
#690 = VERTEX_POINT ( 'NONE', #352 ) ;
#691 = APPLICATION_PROTOCOL_DEFINITION ( 'international standard', 'config_control_design', 1994, #1703 ) ;
#692 = CARTESIAN_POINT ( 'NONE',  ( -6.000000000000011546, 0.000000000000000000, -3.464101615137742840 ) ) ;
#693 = COORDINATED_UNIVERSAL_TIME_OFFSET ( 3, 0, .AHEAD. ) ;
#694 = EDGE_LOOP ( 'NONE', ( #1415, #1138, #1292, #1353 ) ) ;
#695 = CYLINDRICAL_SURFACE ( 'NONE', #1512, 2.000000000000000000 ) ;
#696 = EDGE_LOOP ( 'NONE', ( #551, #738, #1817, #42 ) ) ;
#697 = DIRECTION ( 'NONE',  ( 0.8660254037844414832, -0.000000000000000000, 0.4999999999999950595 ) ) ;
#698 = ADVANCED_FACE ( 'NONE', ( #819 ), #1477, .T. ) ;
#699 = ORIENTED_EDGE ( 'NONE', *, *, #1006, .F. ) ;
#700 = CC_DESIGN_PERSON_AND_ORGANIZATION_ASSIGNMENT ( #882, #1248, ( #229 ) ) ;
#701 = ADVANCED_FACE ( 'NONE', ( #2148 ), #1354, .F. ) ;
#702 = AXIS2_PLACEMENT_3D ( 'NONE', #107, #1299, #460 ) ;
#703 = APPROVAL_STATUS ( 'not_yet_approved' ) ;
#704 = DIRECTION ( 'NONE',  ( 0.000000000000000000, 1.000000000000000000, 0.000000000000000000 ) ) ;
#705 = AXIS2_PLACEMENT_3D ( 'NONE', #1501, #1244, #560 ) ;
#706 = ORIENTED_EDGE ( 'NONE', *, *, #21, .F. ) ;
#707 = CARTESIAN_POINT ( 'NONE',  ( 0.000000000000000000, 10.00000000000000000, 0.000000000000000000 ) ) ;
#708 = CIRCLE ( 'NONE', #152, 2.250000000000000000 ) ;
#709 = CARTESIAN_POINT ( 'NONE',  ( 0.000000000000000000, 3.000000000000000000, 2.000000000000000000 ) ) ;
#710 = DIRECTION ( 'NONE',  ( -0.3535533905932696230, 0.7071067811865489050, 0.6123724356957954695 ) ) ;
#711 = VECTOR ( 'NONE', #793, 1000.000000000000000 ) ;
#712 = VERTEX_POINT ( 'NONE', #1328 ) ;
#713 = VECTOR ( 'NONE', #1722, 1000.000000000000000 ) ;
#714 = VECTOR ( 'NONE', #106, 1000.000000000000000 ) ;
#715 = PERSON_AND_ORGANIZATION_ROLE ( 'creator' ) ;
#716 = CARTESIAN_POINT ( 'NONE',  ( 0.000000000000000000, -0.5000000000000000000, 0.000000000000000000 ) ) ;
#717 = DATE_AND_TIME ( #1742, #584 ) ;
#718 = ORIENTED_EDGE ( 'NONE', *, *, #2053, .F. ) ;
#719 = DIRECTION ( 'NONE',  ( -0.8660254037844344888, 0.000000000000000000, 0.5000000000000071054 ) ) ;
#720 = DIRECTION ( 'NONE',  ( -0.000000000000000000, -1.000000000000000000, -0.000000000000000000 ) ) ;
#721 = DIRECTION ( 'NONE',  ( -0.000000000000000000, -1.000000000000000000, -0.000000000000000000 ) ) ;
#722 = ORIENTED_EDGE ( 'NONE', *, *, #292, .F. ) ;
#723 = PERSON_AND_ORGANIZATION_ROLE ( 'classification_officer' ) ;
#724 = CARTESIAN_POINT ( 'NONE',  ( 5.999999999999963585, 2.499999999999996447, -3.464101615137826773 ) ) ;
#725 = CALENDAR_DATE ( 2026, 12, 1 ) ;
#726 = EDGE_CURVE ( 'NONE', #1263, #997, #18, .T. ) ;
#727 = EDGE_LOOP ( 'NONE', ( #1792, #2142, #1171, #1223 ) ) ;
#728 = DIRECTION ( 'NONE',  ( 0.7071067811865487940, 0.7071067811865462405, -7.436077881698140162E-15 ) ) ;
#729 = CARTESIAN_POINT ( 'NONE',  ( 5.999999999999963585, 0.5000000000000013323, -3.464101615137826773 ) ) ;
#730 = CARTESIAN_POINT ( 'NONE',  ( 0.000000000000000000, -0.5000000000000000000, 0.000000000000000000 ) ) ;
#731 = EDGE_LOOP ( 'NONE', ( #1804, #612, #1297, #961 ) ) ;
#732 = COORDINATED_UNIVERSAL_TIME_OFFSET ( 3, 0, .AHEAD. ) ;
#733 = DIRECTION ( 'NONE',  ( 0.000000000000000000, 1.000000000000000000, 0.000000000000000000 ) ) ;
#734 = AXIS2_PLACEMENT_3D ( 'NONE', #1211, #2066, #1389 ) ;
#735 = ORIENTED_EDGE ( 'NONE', *, *, #395, .T. ) ;
#736 = DIRECTION ( 'NONE',  ( -0.000000000000000000, 1.000000000000000000, -0.000000000000000000 ) ) ;
#737 = VECTOR ( 'NONE', #686, 1000.000000000000000 ) ;
#738 = ORIENTED_EDGE ( 'NONE', *, *, #1370, .T. ) ;
#739 = CARTESIAN_POINT ( 'NONE',  ( 1.907183901546840320E-15, 3.000000000000000000, -6.350852961085887038 ) ) ;
#740 = APPROVAL ( #1568, 'UNSPECIFIED' ) ;
#741 = DIRECTION ( 'NONE',  ( 0.000000000000000000, -1.000000000000000000, 0.000000000000000000 ) ) ;
#742 = ADVANCED_FACE ( 'NONE', ( #472 ), #1814, .T. ) ;
#743 = VERTEX_POINT ( 'NONE', #1310 ) ;
#744 = CIRCLE ( 'NONE', #1977, 2.000000000000000000 ) ;
#745 = CALENDAR_DATE ( 2026, 12, 1 ) ;
#746 = FACE_OUTER_BOUND ( 'NONE', #1647, .T. ) ;
#747 = VECTOR ( 'NONE', #146, 1000.000000000000114 ) ;
#748 = VECTOR ( 'NONE', #439, 1000.000000000000000 ) ;
#749 = CARTESIAN_POINT ( 'NONE',  ( -2.749999999999971134, 0.000000000000000000, 4.763139720814428379 ) ) ;
#750 = ORIENTED_EDGE ( 'NONE', *, *, #1874, .F. ) ;
#751 = CARTESIAN_POINT ( 'NONE',  ( -5.999999999999989342, 2.499999999999996003, 3.464101615137784584 ) ) ;
#752 = CARTESIAN_POINT ( 'NONE',  ( 5.999999999999963585, 0.5000000000000004441, -3.464101615137826773 ) ) ;
#753 = ADVANCED_FACE ( 'NONE', ( #493 ), #1688, .F. ) ;
#754 = DIRECTION ( 'NONE',  ( -0.000000000000000000, -1.000000000000000000, -0.000000000000000000 ) ) ;
#755 = EDGE_CURVE ( 'NONE', #1736, #1358, #1122, .T. ) ;
#756 = COORDINATED_UNIVERSAL_TIME_OFFSET ( 3, 0, .AHEAD. ) ;
#757 = CARTESIAN_POINT ( 'NONE',  ( 4.846383711010204820E-14, 2.499999999999996003, 6.928203230275514102 ) ) ;
#758 = APPLICATION_CONTEXT ( 'configuration controlled 3d designs of mechanical parts and assemblies' ) ;
#759 = DIRECTION ( 'NONE',  ( -0.000000000000000000, 1.000000000000000000, -0.000000000000000000 ) ) ;
#760 = EDGE_LOOP ( 'NONE', ( #770, #699, #1188, #1290 ) ) ;
#761 = LINE ( 'NONE', #85, #40 ) ;
#762 = CARTESIAN_POINT ( 'NONE',  ( 0.000000000000000000, -0.5000000000000000000, 0.000000000000000000 ) ) ;
#763 = DIRECTION ( 'NONE',  ( 0.000000000000000000, 1.000000000000000000, 0.000000000000000000 ) ) ;
#764 = COORDINATED_UNIVERSAL_TIME_OFFSET ( 3, 0, .AHEAD. ) ;
#765 = CARTESIAN_POINT ( 'NONE',  ( 0.000000000000000000, 0.6999999999999999556, 0.000000000000000000 ) ) ;
#766 = APPROVAL ( #1528, 'UNKNOWN' ) ;
#767 = EDGE_CURVE ( 'NONE', #1618, #1753, #342, .T. ) ;
#768 =( LENGTH_UNIT ( ) NAMED_UNIT ( * ) SI_UNIT ( .MILLI., .METRE. ) );
#769 = CARTESIAN_POINT ( 'NONE',  ( 0.000000000000000000, 2.499999999999996003, 0.000000000000000000 ) ) ;
#770 = ORIENTED_EDGE ( 'NONE', *, *, #1370, .F. ) ;
#771 = CARTESIAN_POINT ( 'NONE',  ( 0.000000000000000000, 9.499999999999996447, 0.000000000000000000 ) ) ;
#772 = MANIFOLD_SOLID_BREP ( 'Вырез-Вытянуть2', #1259 ) ;
#773 = LINE ( 'NONE', #2054, #1308 ) ;
#774 = AXIS2_PLACEMENT_3D ( 'NONE', #392, #66, #1057 ) ;
#775 = AXIS2_PLACEMENT_3D ( 'NONE', #908, #1587, #1443 ) ;
#776 = CARTESIAN_POINT ( 'NONE',  ( 5.999999999999963585, 3.000000000000000000, -3.464101615137826773 ) ) ;
#777 = DATE_AND_TIME ( #625, #1136 ) ;
#778 = VERTEX_POINT ( 'NONE', #1069 ) ;
#779 = AXIS2_PLACEMENT_3D ( 'NONE', #707, #218, #1709 ) ;
#780 = CARTESIAN_POINT ( 'NONE',  ( 0.000000000000000000, 2.200000000000000178, 0.000000000000000000 ) ) ;
#781 = VECTOR ( 'NONE', #2039, 1000.000000000000000 ) ;
#782 = EDGE_CURVE ( 'NONE', #58, #603, #898, .T. ) ;
#783 = DIRECTION ( 'NONE',  ( 0.000000000000000000, 1.000000000000000000, 0.000000000000000000 ) ) ;
#784 = LOCAL_TIME ( 15, 10, 18.00000000000000000, #1829 ) ;
#785 = ORIENTED_EDGE ( 'NONE', *, *, #1414, .T. ) ;
#786 = DIRECTION ( 'NONE',  ( -1.039100930793199338E-14, 0.000000000000000000, -1.000000000000000000 ) ) ;
#787 = FACE_OUTER_BOUND ( 'NONE', #795, .T. ) ;
#788 = APPROVAL_PERSON_ORGANIZATION ( #1994, #609, #369 ) ;
#789 = FACE_OUTER_BOUND ( 'NONE', #1972, .T. ) ;
#790 = DATE_AND_TIME ( #386, #1945 ) ;
#791 = ORIENTED_EDGE ( 'NONE', *, *, #948, .F. ) ;
#792 = CARTESIAN_POINT ( 'NONE',  ( -6.000000000000012434, 0.5000000000000004441, -3.464101615137743728 ) ) ;
#793 = DIRECTION ( 'NONE',  ( -0.000000000000000000, 1.000000000000000000, -0.000000000000000000 ) ) ;
#794 = EDGE_CURVE ( 'NONE', #133, #1463, #1574, .T. ) ;
#795 = EDGE_LOOP ( 'NONE', ( #189, #473, #1689, #1302, #277, #376 ) ) ;
#796 = DIRECTION ( 'NONE',  ( 0.000000000000000000, 1.000000000000000000, 0.000000000000000000 ) ) ;
#797 = EDGE_CURVE ( 'NONE', #123, #2024, #2064, .T. ) ;
#798 = ADVANCED_FACE ( 'NONE', ( #567 ), #1055, .F. ) ;
#799 = ORIENTED_EDGE ( 'NONE', *, *, #794, .F. ) ;
#800 = DATE_AND_TIME ( #1105, #198 ) ;
#801 = VERTEX_POINT ( 'NONE', #1550 ) ;
#802 = CARTESIAN_POINT ( 'NONE',  ( 0.000000000000000000, -0.5000000000000000000, 0.000000000000000000 ) ) ;
#803 = DIRECTION ( 'NONE',  ( -0.6546536707079759765, 0.6546536707079760875, 0.3779644730092311389 ) ) ;
#804 = DIRECTION ( 'NONE',  ( 1.039100930793199338E-14, 0.000000000000000000, 1.000000000000000000 ) ) ;
#805 = ORIENTED_EDGE ( 'NONE', *, *, #2026, .T. ) ;
#806 = FACE_OUTER_BOUND ( 'NONE', #404, .T. ) ;
#807 = CC_DESIGN_PERSON_AND_ORGANIZATION_ASSIGNMENT ( #1914, #432, ( #1771 ) ) ;
#808 = ADVANCED_FACE ( 'NONE', ( #1044 ), #1230, .F. ) ;
#809 = DIRECTION ( 'NONE',  ( -0.000000000000000000, -1.000000000000000000, -0.000000000000000000 ) ) ;
#810 = AXIS2_PLACEMENT_3D ( 'NONE', #239, #1071, #1376 ) ;
#811 = ORIENTED_EDGE ( 'NONE', *, *, #314, .F. ) ;
#812 = LINE ( 'NONE', #1471, #1339 ) ;
#813 = AXIS2_PLACEMENT_3D ( 'NONE', #1497, #349, #804 ) ;
#814 = LINE ( 'NONE', #1772, #1489 ) ;
#815 = CARTESIAN_POINT ( 'NONE',  ( 7.347880794884120722E-16, -0.5000000000000000000, -6.000000000000000888 ) ) ;
#816 = CALENDAR_DATE ( 2026, 12, 1 ) ;
#817 = SHAPE_REPRESENTATION ( '758442.015 гайка', ( #1168 ), #193 ) ;
#818 = ORIENTED_EDGE ( 'NONE', *, *, #112, .T. ) ;
#819 = FACE_OUTER_BOUND ( 'NONE', #217, .T. ) ;
#820 = APPROVAL_PERSON_ORGANIZATION ( #234, #2067, #1417 ) ;
#821 = LINE ( 'NONE', #1026, #1438 ) ;
#822 = EDGE_CURVE ( 'NONE', #1358, #295, #72, .T. ) ;
#823 = CC_DESIGN_APPROVAL ( #128, ( #543 ) ) ;
#824 = ORIENTED_EDGE ( 'NONE', *, *, #2026, .F. ) ;
#825 = LINE ( 'NONE', #1828, #747 ) ;
#826 = ORGANIZATION ( 'NAUO-ORG3', 'UNSPECIFIED', 'UNSPECIFIED' ) ;
#827 = EDGE_CURVE ( 'NONE', #672, #1607, #53, .T. ) ;
#828 = DIRECTION ( 'NONE',  ( -0.000000000000000000, -1.000000000000000000, -0.000000000000000000 ) ) ;
#829 = PERSON_AND_ORGANIZATION_ROLE ( 'creator' ) ;
#830 = ORIENTED_EDGE ( 'NONE', *, *, #1600, .T. ) ;
#831 = DIRECTION ( 'NONE',  ( 0.8660254037844414832, 0.000000000000000000, 0.4999999999999950595 ) ) ;
#832 = DIRECTION ( 'NONE',  ( -0.000000000000000000, -1.000000000000000000, -0.000000000000000000 ) ) ;
#833 = VERTEX_POINT ( 'NONE', #1720 ) ;
#834 = CARTESIAN_POINT ( 'NONE',  ( 5.499999999999964473, 3.000000000000000000, -3.175426480543008800 ) ) ;
#835 = CC_DESIGN_DATE_AND_TIME_ASSIGNMENT ( #1453, #952, ( #1771 ) ) ;
#836 = ADVANCED_FACE ( 'NONE', ( #405 ), #695, .F. ) ;
#837 = DIRECTION ( 'NONE',  ( 0.000000000000000000, -1.000000000000000000, 0.000000000000000000 ) ) ;
#838 = PERSON ( 'NAUO-PER1', 'UNSPECIFIED', 'UNSPECIFIED', ('UNSPECIFIED'), ('UNSPECIFIED'), ('UNSPECIFIED') ) ;
#839 = ORIENTED_EDGE ( 'NONE', *, *, #357, .T. ) ;
#840 = DIRECTION ( 'NONE',  ( -0.000000000000000000, 1.000000000000000000, -0.000000000000000000 ) ) ;
#841 = DIRECTION ( 'NONE',  ( 0.3535533905932696785, 0.7071067811865484609, -0.6123724356957959136 ) ) ;
#842 = VERTEX_POINT ( 'NONE', #534 ) ;
#843 = VECTOR ( 'NONE', #2057, 1000.000000000000114 ) ;
#844 = LINE ( 'NONE', #1513, #1269 ) ;
#845 = ORIENTED_EDGE ( 'NONE', *, *, #1346, .F. ) ;
#846 = DIRECTION ( 'NONE',  ( 0.000000000000000000, -0.000000000000000000, 1.000000000000000000 ) ) ;
#847 = CARTESIAN_POINT ( 'NONE',  ( 5.500000000000031086, 3.000000000000000000, 3.175426480542889784 ) ) ;
#848 = CC_DESIGN_SECURITY_CLASSIFICATION ( #1416, ( #229 ) ) ;
#849 = ORIENTED_EDGE ( 'NONE', *, *, #610, .T. ) ;
#850 = DIRECTION ( 'NONE',  ( 1.000000000000000000, 0.000000000000000000, 0.000000000000000000 ) ) ;
#851 = CARTESIAN_POINT ( 'NONE',  ( 0.000000000000000000, 0.000000000000000000, -6.928203230275514102 ) ) ;
#852 = CC_DESIGN_SECURITY_CLASSIFICATION ( #1421, ( #2171 ) ) ;
#853 = DATE_AND_TIME ( #1352, #1878 ) ;
#854 = ORIENTED_EDGE ( 'NONE', *, *, #210, .F. ) ;
#855 = CARTESIAN_POINT ( 'NONE',  ( 5.499999999999998224, 3.000000000000000000, -5.783911205138045931E-14 ) ) ;
#856 = EDGE_CURVE ( 'NONE', #1715, #302, #574, .T. ) ;
#857 = DIRECTION ( 'NONE',  ( 0.000000000000000000, -0.000000000000000000, 1.000000000000000000 ) ) ;
#858 = EDGE_CURVE ( 'NONE', #150, #1213, #1334, .T. ) ;
#859 = ADVANCED_FACE ( 'NONE', ( #1388 ), #197, .T. ) ;
#860 = VERTEX_POINT ( 'NONE', #1033 ) ;
#861 = APPLICATION_PROTOCOL_DEFINITION ( 'international standard', 'config_control_design', 1994, #285 ) ;
#862 = DIRECTION ( 'NONE',  ( 0.000000000000000000, -0.000000000000000000, 1.000000000000000000 ) ) ;
#863 = DATE_AND_TIME ( #1216, #2046 ) ;
#864 = EDGE_LOOP ( 'NONE', ( #1431, #1979, #1995, #2135 ) ) ;
#865 = CARTESIAN_POINT ( 'NONE',  ( 6.000000000000034639, 0.000000000000000000, 3.464101615137700652 ) ) ;
#866 = DIRECTION ( 'NONE',  ( 0.000000000000000000, 0.000000000000000000, 1.000000000000000000 ) ) ;
#867 = CARTESIAN_POINT ( 'NONE',  ( 0.000000000000000000, 9.499999999999996447, 0.000000000000000000 ) ) ;
#868 = VERTEX_POINT ( 'NONE', #865 ) ;
#869 = APPLICATION_PROTOCOL_DEFINITION ( 'international standard', 'config_control_design', 1994, #1329 ) ;
#870 = FACE_OUTER_BOUND ( 'NONE', #891, .T. ) ;
#871 = VECTOR ( 'NONE', #1089, 1000.000000000000000 ) ;
#872 = CALENDAR_DATE ( 2026, 12, 1 ) ;
#873 = ORIENTED_EDGE ( 'NONE', *, *, #1020, .F. ) ;
#874 = DIRECTION ( 'NONE',  ( 3.638445758092459943E-15, 0.6546536707079765316, 0.7559289460184550613 ) ) ;
#875 = VECTOR ( 'NONE', #2078, 999.9999999999998863 ) ;
#876 = VERTEX_POINT ( 'NONE', #27 ) ;
#877 = CARTESIAN_POINT ( 'NONE',  ( 0.000000000000000000, 9.499999999999996447, 0.000000000000000000 ) ) ;
#878 = DIRECTION ( 'NONE',  ( 0.000000000000000000, 1.000000000000000000, 0.000000000000000000 ) ) ;
#879 = ORIENTED_EDGE ( 'NONE', *, *, #1532, .T. ) ;
#880 = ADVANCED_FACE ( 'NONE', ( #1697 ), #188, .T. ) ;
#881 = AXIS2_PLACEMENT_3D ( 'NONE', #191, #1674, #1680 ) ;
#882 = PERSON_AND_ORGANIZATION ( #991, #1554 ) ;
#883 = CARTESIAN_POINT ( 'NONE',  ( -6.000000000000000000, 0.000000000000000000, 2.028124708295160127E-14 ) ) ;
#884 = EDGE_CURVE ( 'NONE', #351, #842, #1538, .T. ) ;
#885 = CC_DESIGN_SECURITY_CLASSIFICATION ( #1311, ( #1556 ) ) ;
#886 = ORIENTED_EDGE ( 'NONE', *, *, #1505, .T. ) ;
#887 = DIRECTION ( 'NONE',  ( -0.000000000000000000, 1.000000000000000000, -0.000000000000000000 ) ) ;
#888 = LOCAL_TIME ( 15, 10, 18.00000000000000000, #61 ) ;
#889 = CARTESIAN_POINT ( 'NONE',  ( 6.000000000000036415, 0.5000000000000004441, 3.464101615137701096 ) ) ;
#890 = DIRECTION ( 'NONE',  ( 0.000000000000000000, -1.000000000000000000, 0.000000000000000000 ) ) ;
#891 = EDGE_LOOP ( 'NONE', ( #907, #1696, #1185, #328 ) ) ;
#892 = DATE_AND_TIME ( #1367, #647 ) ;
#893 = DIRECTION ( 'NONE',  ( 0.000000000000000000, 1.000000000000000000, 0.000000000000000000 ) ) ;
#894 = PERSON_AND_ORGANIZATION_ROLE ( 'classification_officer' ) ;
#895 = CC_DESIGN_PERSON_AND_ORGANIZATION_ASSIGNMENT ( #1257, #301, ( #1556 ) ) ;
#896 = EDGE_CURVE ( 'NONE', #1213, #150, #1691, .T. ) ;
#897 = ORIENTED_EDGE ( 'NONE', *, *, #1318, .F. ) ;
#898 = LINE ( 'NONE', #1396, #1017 ) ;
#899 = FACE_OUTER_BOUND ( 'NONE', #203, .T. ) ;
#900 = PLANE ( 'NONE',  #1766 ) ;
#901 = VERTEX_POINT ( 'NONE', #1218 ) ;
#902 = SECURITY_CLASSIFICATION_LEVEL ( 'unclassified' ) ;
#903 = DIRECTION ( 'NONE',  ( 0.000000000000000000, 0.000000000000000000, 1.000000000000000000 ) ) ;
#904 = CIRCLE ( 'NONE', #2071, 2.250000000000000000 ) ;
#905 = CARTESIAN_POINT ( 'NONE',  ( 0.000000000000000000, 0.000000000000000000, -6.928203230275514102 ) ) ;
#906 = VECTOR ( 'NONE', #1264, 1000.000000000000000 ) ;
#907 = ORIENTED_EDGE ( 'NONE', *, *, #154, .T. ) ;
#908 = CARTESIAN_POINT ( 'NONE',  ( 0.000000000000000000, 0.000000000000000000, 0.000000000000000000 ) ) ;
#909 = CARTESIAN_POINT ( 'NONE',  ( 5.510910596163088569E-16, 7.000000000000000000, -4.500000000000000000 ) ) ;
#910 = ORIENTED_EDGE ( 'NONE', *, *, #782, .T. ) ;
#911 = VECTOR ( 'NONE', #1594, 999.9999999999998863 ) ;
#912 = DATE_AND_TIME ( #1225, #2118 ) ;
#913 = CARTESIAN_POINT ( 'NONE',  ( 4.837938458043934978E-14, 0.5000000000000013323, 6.928203230275514102 ) ) ;
#914 = CC_DESIGN_APPROVAL ( #2067, ( #1062 ) ) ;
#915 = CARTESIAN_POINT ( 'NONE',  ( 0.000000000000000000, 0.000000000000000000, 0.000000000000000000 ) ) ;
#916 = ORIENTED_EDGE ( 'NONE', *, *, #1169, .T. ) ;
#917 = EDGE_CURVE ( 'NONE', #1286, #17, #1208, .T. ) ;
#918 = DIRECTION ( 'NONE',  ( 0.000000000000000000, 0.000000000000000000, 1.000000000000000000 ) ) ;
#919 = ORGANIZATION ( 'NAUO-ORG1', 'UNSPECIFIED', 'UNSPECIFIED' ) ;
#920 = DIRECTION ( 'NONE',  ( -0.000000000000000000, 1.000000000000000000, -0.000000000000000000 ) ) ;
#921 = CC_DESIGN_PERSON_AND_ORGANIZATION_ASSIGNMENT ( #554, #1548, ( #1811 ) ) ;
#922 = PRODUCT_DEFINITION_SHAPE ( 'NONE', 'NONE',  #1519 ) ;
#923 = EDGE_CURVE ( 'NONE', #603, #316, #1732, .T. ) ;
#924 = ORIENTED_EDGE ( 'NONE', *, *, #1006, .T. ) ;
#925 = APPROVAL_STATUS ( 'not_yet_approved' ) ;
#926 = LINE ( 'NONE', #70, #2079 ) ;
#927 = APPROVAL_ROLE ( '' ) ;
#928 = DIRECTION ( 'NONE',  ( 0.000000000000000000, 0.000000000000000000, -1.000000000000000000 ) ) ;
#929 = ORIENTED_EDGE ( 'NONE', *, *, #726, .T. ) ;
#930 = CARTESIAN_POINT ( 'NONE',  ( 0.000000000000000000, 3.000000000000000000, 0.000000000000000000 ) ) ;
#931 = CARTESIAN_POINT ( 'NONE',  ( 0.000000000000000000, 0.000000000000000000, -6.928203230275514102 ) ) ;
#932 = ORIENTED_EDGE ( 'NONE', *, *, #531, .T. ) ;
#933 = APPROVAL_DATE_TIME ( #800, #995 ) ;
#934 = VERTEX_POINT ( 'NONE', #127 ) ;
#935 = CARTESIAN_POINT ( 'NONE',  ( 0.000000000000000000, 2.499999999999996003, 0.000000000000000000 ) ) ;
#936 = APPROVAL_DATE_TIME ( #2108, #766 ) ;
#937 = CARTESIAN_POINT ( 'NONE',  ( 0.000000000000000000, 0.000000000000000000, 0.000000000000000000 ) ) ;
#938 = DIRECTION ( 'NONE',  ( -0.8660254037844415942, 0.000000000000000000, -0.4999999999999948375 ) ) ;
#939 = ORIENTED_EDGE ( 'NONE', *, *, #1965, .F. ) ;
#940 = PLANE ( 'NONE',  #1542 ) ;
#941 = DIRECTION ( 'NONE',  ( -0.8660254037844380415, 0.000000000000000000, 0.5000000000000011102 ) ) ;
#942 = VECTOR ( 'NONE', #754, 1000.000000000000000 ) ;
#943 = CARTESIAN_POINT ( 'NONE',  ( 0.000000000000000000, 0.6999999999999999556, -4.000000000000000000 ) ) ;
#944 = AXIS2_PLACEMENT_3D ( 'NONE', #2003, #317, #976 ) ;
#945 = SHAPE_REPRESENTATION ( '753124.036 стойка', ( #1168 ), #2041 ) ;
#946 = EDGE_LOOP ( 'NONE', ( #791, #160, #307, #664 ) ) ;
#947 = AXIS2_PLACEMENT_3D ( 'NONE', #954, #759, #1795 ) ;
#948 = EDGE_CURVE ( 'NONE', #672, #1839, #1838, .T. ) ;
#949 = CARTESIAN_POINT ( 'NONE',  ( 3.061616997868393988E-16, 10.00000000000000000, -2.500000000000009326 ) ) ;
#950 = APPLICATION_CONTEXT ( 'configuration controlled 3d designs of mechanical parts and assemblies' ) ;
#951 = CIRCLE ( 'NONE', #1761, 6.000000000000000888 ) ;
#952 = DATE_TIME_ROLE ( 'classification_date' ) ;
#953 = EDGE_CURVE ( 'NONE', #99, #223, #1616, .T. ) ;
#954 = CARTESIAN_POINT ( 'NONE',  ( 0.000000000000000000, 7.000000000000000000, 0.000000000000000000 ) ) ;
#955 = VECTOR ( 'NONE', #57, 1000.000000000000114 ) ;
#956 = ORIENTED_EDGE ( 'NONE', *, *, #2006, .T. ) ;
#957 = CARTESIAN_POINT ( 'NONE',  ( 3.000000000000041744, 0.000000000000000000, 5.196152422706605378 ) ) ;
#958 = CARTESIAN_POINT ( 'NONE',  ( -5.999999999999987566, 7.000000000000000000, 3.464101615137783252 ) ) ;
#959 = CARTESIAN_POINT ( 'NONE',  ( -6.000000000000011546, 7.000000000000000000, -3.464101615137742840 ) ) ;
#960 = APPROVAL_ROLE ( '' ) ;
#961 = ORIENTED_EDGE ( 'NONE', *, *, #200, .F. ) ;
#962 = DIRECTION ( 'NONE',  ( 0.000000000000000000, 0.000000000000000000, 1.000000000000000000 ) ) ;
#963 = CARTESIAN_POINT ( 'NONE',  ( 0.000000000000000000, 0.000000000000000000, 0.000000000000000000 ) ) ;
#964 = PLANE ( 'NONE',  #1867 ) ;
#965 = APPROVAL ( #2095, 'UNSPECIFIED' ) ;
#966 = DATE_AND_TIME ( #1001, #304 ) ;
#967 = EDGE_CURVE ( 'NONE', #1348, #1110, #1445, .T. ) ;
#968 = DESIGN_CONTEXT ( 'detailed design', #950, 'design' ) ;
#969 = VERTEX_POINT ( 'NONE', #245 ) ;
#970 = FACE_OUTER_BOUND ( 'NONE', #2044, .T. ) ;
#971 = ORIENTED_EDGE ( 'NONE', *, *, #1084, .F. ) ;
#972 = ORIENTED_EDGE ( 'NONE', *, *, #856, .F. ) ;
#973 = CARTESIAN_POINT ( 'NONE',  ( 2.750000000000039080, 0.000000000000000000, 4.763139720814389300 ) ) ;
#974 = DIRECTION ( 'NONE',  ( 0.000000000000000000, 0.000000000000000000, -1.000000000000000000 ) ) ;
#975 = ORIENTED_EDGE ( 'NONE', *, *, #129, .F. ) ;
#976 = DIRECTION ( 'NONE',  ( 0.000000000000000000, 0.000000000000000000, 1.000000000000000000 ) ) ;
#977 = EDGE_CURVE ( 'NONE', #2009, #1476, #1300, .T. ) ;
#978 = CARTESIAN_POINT ( 'NONE',  ( 0.000000000000000000, 0.000000000000000000, 2.250000000000000000 ) ) ;
#979 = VECTOR ( 'NONE', #2045, 1000.000000000000000 ) ;
#980 = ADVANCED_FACE ( 'NONE', ( #1752, #1934 ), #258, .F. ) ;
#981 = EDGE_LOOP ( 'NONE', ( #170, #1461, #1787, #1362 ) ) ;
#982 = DIRECTION ( 'NONE',  ( -0.000000000000000000, 1.000000000000000000, -0.000000000000000000 ) ) ;
#983 = AXIS2_PLACEMENT_3D ( 'NONE', #238, #1892, #719 ) ;
#984 = AXIS2_PLACEMENT_3D ( 'NONE', #1023, #1196, #381 ) ;
#985 = CARTESIAN_POINT ( 'NONE',  ( 0.000000000000000000, 10.00000000000000000, 4.500000000000000000 ) ) ;
#986 = CIRCLE ( 'NONE', #1484, 4.000000000000000000 ) ;
#987 = PERSON_AND_ORGANIZATION_ROLE ( 'design_owner' ) ;
#988 = AXIS2_PLACEMENT_3D ( 'NONE', #752, #710, #1377 ) ;
#989 = ORIENTED_EDGE ( 'NONE', *, *, #2083, .T. ) ;
#990 = DIRECTION ( 'NONE',  ( -0.000000000000000000, 1.000000000000000000, -0.000000000000000000 ) ) ;
#991 = PERSON ( 'UNSPECIFIED', 'UNSPECIFIED', 'UNSPECIFIED', ('UNSPECIFIED'), ('UNSPECIFIED'), ('UNSPECIFIED') ) ;
#992 = CIRCLE ( 'NONE', #51, 2.000000000000000000 ) ;
#993 = DIRECTION ( 'NONE',  ( -0.000000000000000000, 1.000000000000000000, -0.000000000000000000 ) ) ;
#994 = LOCAL_TIME ( 15, 10, 18.00000000000000000, #1593 ) ;
#995 = APPROVAL ( #1946, 'UNSPECIFIED' ) ;
#996 = EDGE_CURVE ( 'NONE', #743, #1736, #1371, .T. ) ;
#997 = VERTEX_POINT ( 'NONE', #1117 ) ;
#998 = CARTESIAN_POINT ( 'NONE',  ( -5.499999999999987566, 3.000000000000000000, 3.464101615137782808 ) ) ;
#999 = SHAPE_REPRESENTATION_RELATIONSHIP ( 'NONE' , 'NONE' ,  #817, #1014 ) ;
#1000 = DIRECTION ( 'NONE',  ( -1.051620219116008581E-14, 0.000000000000000000, -1.000000000000000000 ) ) ;
#1001 = CALENDAR_DATE ( 2026, 12, 1 ) ;
#1002 = ORIENTED_EDGE ( 'NONE', *, *, #2129, .F. ) ;
#1003 = PLANE ( 'NONE',  #2004 ) ;
#1004 = CARTESIAN_POINT ( 'NONE',  ( -5.999999999999989342, 0.5000000000000004441, 3.464101615137784584 ) ) ;
#1005 = EDGE_LOOP ( 'NONE', ( #1201, #1684 ) ) ;
#1006 = EDGE_CURVE ( 'NONE', #71, #1597, #362, .T. ) ;
#1007 = DIRECTION ( 'NONE',  ( 0.2736875047901271008, 0.000000000000000000, 0.9618186677964586373 ) ) ;
#1008 = DIRECTION ( 'NONE',  ( 0.000000000000000000, 0.000000000000000000, -1.000000000000000000 ) ) ;
#1009 = ORIENTED_EDGE ( 'NONE', *, *, #996, .T. ) ;
#1010 = CARTESIAN_POINT ( 'NONE',  ( 0.000000000000000000, 9.499999999999996447, 2.000000000000000000 ) ) ;
#1011 = PLANE ( 'NONE',  #1227 ) ;
#1012 = CIRCLE ( 'NONE', #774, 2.000000000000000000 ) ;
#1013 = ORIENTED_EDGE ( 'NONE', *, *, #2069, .T. ) ;
#1014 = ADVANCED_BREP_SHAPE_REPRESENTATION ( '', ( #54, #1168 ), #193 ) ;
#1015 =( NAMED_UNIT ( * ) PLANE_ANGLE_UNIT ( ) SI_UNIT ( $, .RADIAN. ) );
#1016 = ADVANCED_FACE ( 'NONE', ( #2089 ), #1240, .T. ) ;
#1017 = VECTOR ( 'NONE', #390, 1000.000000000000114 ) ;
#1018 = PLANE ( 'NONE',  #1801 ) ;
#1019 = AXIS2_PLACEMENT_3D ( 'NONE', #466, #1682, #500 ) ;
#1020 = EDGE_CURVE ( 'NONE', #52, #178, #1056, .T. ) ;
#1021 = ADVANCED_FACE ( 'NONE', ( #1077 ), #1285, .T. ) ;
#1022 = ORIENTED_EDGE ( 'NONE', *, *, #180, .F. ) ;
#1023 = CARTESIAN_POINT ( 'NONE',  ( 0.000000000000000000, 0.5000000000000023315, 0.000000000000000000 ) ) ;
#1024 = AXIS2_PLACEMENT_3D ( 'NONE', #205, #704, #862 ) ;
#1025 = VECTOR ( 'NONE', #420, 1000.000000000000114 ) ;
#1026 = CARTESIAN_POINT ( 'NONE',  ( 0.000000000000000000, -9.000000000000001776, 2.000000000000000000 ) ) ;
#1027 = AXIS2_PLACEMENT_3D ( 'NONE', #1190, #179, #348 ) ;
#1028 = ORIENTED_EDGE ( 'NONE', *, *, #2028, .F. ) ;
#1029 = CC_DESIGN_APPROVAL ( #516, ( #1811 ) ) ;
#1030 = PLANE ( 'NONE',  #1024 ) ;
#1031 = APPROVAL_ROLE ( '' ) ;
#1032 = ORIENTED_EDGE ( 'NONE', *, *, #1505, .F. ) ;
#1033 = CARTESIAN_POINT ( 'NONE',  ( 5.500000000000031974, 0.000000000000000000, 3.175426480542892449 ) ) ;
#1034 = CC_DESIGN_DATE_AND_TIME_ASSIGNMENT ( #576, #1392, ( #1416 ) ) ;
#1035 = EDGE_CURVE ( 'NONE', #801, #1268, #1760, .T. ) ;
#1036 = ORIENTED_EDGE ( 'NONE', *, *, #526, .T. ) ;
#1037 = CARTESIAN_POINT ( 'NONE',  ( 0.000000000000000000, -0.5000000000000000000, 0.000000000000000000 ) ) ;
#1038 = DIRECTION ( 'NONE',  ( -0.000000000000000000, 1.000000000000000000, -0.000000000000000000 ) ) ;
#1039 = ORIENTED_EDGE ( 'NONE', *, *, #1102, .T. ) ;
#1040 = COORDINATED_UNIVERSAL_TIME_OFFSET ( 3, 0, .AHEAD. ) ;
#1041 = DIRECTION ( 'NONE',  ( -0.000000000000000000, -1.000000000000000000, -0.000000000000000000 ) ) ;
#1042 = DATE_TIME_ROLE ( 'classification_date' ) ;
#1043 = EDGE_LOOP ( 'NONE', ( #1780, #1724 ) ) ;
#1044 = FACE_OUTER_BOUND ( 'NONE', #1309, .T. ) ;
#1045 = ADVANCED_FACE ( 'NONE', ( #590 ), #1420, .T. ) ;
#1046 = CARTESIAN_POINT ( 'NONE',  ( 2.449293598294706414E-16, -8.499999999999994671, -2.000000000000000000 ) ) ;
#1047 = FACE_OUTER_BOUND ( 'NONE', #667, .T. ) ;
#1048 = EDGE_CURVE ( 'NONE', #223, #626, #1096, .T. ) ;
#1049 = ORIENTED_EDGE ( 'NONE', *, *, #1823, .T. ) ;
#1050 = COORDINATED_UNIVERSAL_TIME_OFFSET ( 3, 0, .AHEAD. ) ;
#1051 = CARTESIAN_POINT ( 'NONE',  ( 4.336808689942017736E-15, 3.785714285714274929, -5.443588252359348623 ) ) ;
#1052 = VECTOR ( 'NONE', #55, 1000.000000000000114 ) ;
#1053 = AXIS2_PLACEMENT_3D ( 'NONE', #262, #1755, #621 ) ;
#1054 = ORIENTED_EDGE ( 'NONE', *, *, #409, .F. ) ;
#1055 = PLANE ( 'NONE',  #1971 ) ;
#1056 = CIRCLE ( 'NONE', #11, 4.500000000000000000 ) ;
#1057 = DIRECTION ( 'NONE',  ( 0.000000000000000000, 0.000000000000000000, -1.000000000000000000 ) ) ;
#1058 = DIRECTION ( 'NONE',  ( -0.000000000000000000, -1.000000000000000000, -0.000000000000000000 ) ) ;
#1059 = VECTOR ( 'NONE', #192, 1000.000000000000114 ) ;
#1060 = EDGE_LOOP ( 'NONE', ( #1743, #1879, #1400, #1566 ) ) ;
#1061 = VECTOR ( 'NONE', #627, 1000.000000000000114 ) ;
#1062 = PRODUCT_DEFINITION ( 'UNKNOWN', '', #2154, #1320 ) ;
#1063 = EDGE_CURVE ( 'NONE', #133, #196, #1786, .T. ) ;
#1064 = MECHANICAL_CONTEXT ( 'NONE', #1329, 'mechanical' ) ;
#1065 = DIRECTION ( 'NONE',  ( 0.8660254037844344888, 0.000000000000000000, -0.5000000000000071054 ) ) ;
#1066 = DATE_TIME_ROLE ( 'classification_date' ) ;
#1067 = CC_DESIGN_APPROVAL ( #609, ( #510 ) ) ;
#1068 = ORIENTED_EDGE ( 'NONE', *, *, #2006, .F. ) ;
#1069 = CARTESIAN_POINT ( 'NONE',  ( -5.500000000000009770, 0.000000000000000000, -3.175426480542930641 ) ) ;
#1070 = APPROVAL_PERSON_ORGANIZATION ( #194, #1086, #1031 ) ;
#1071 = DIRECTION ( 'NONE',  ( 0.000000000000000000, 1.000000000000000000, 0.000000000000000000 ) ) ;
#1072 = CARTESIAN_POINT ( 'NONE',  ( -6.000000000000012434, 0.5000000000000004441, -3.464101615137743728 ) ) ;
#1073 = ORIENTED_EDGE ( 'NONE', *, *, #1911, .F. ) ;
#1074 = APPROVAL_DATE_TIME ( #399, #1910 ) ;
#1075 = CARTESIAN_POINT ( 'NONE',  ( 2.449293598294706414E-16, 9.499999999999996447, -2.000000000000000000 ) ) ;
#1076 = CONTEXT_DEPENDENT_SHAPE_REPRESENTATION ( #1819, #1103 ) ;
#1077 = FACE_OUTER_BOUND ( 'NONE', #1060, .T. ) ;
#1078 = VERTEX_POINT ( 'NONE', #114 ) ;
#1079 = DIRECTION ( 'NONE',  ( 0.000000000000000000, 0.000000000000000000, 1.000000000000000000 ) ) ;
#1080 = FACE_OUTER_BOUND ( 'NONE', #1405, .T. ) ;
#1081 = EDGE_LOOP ( 'NONE', ( #111, #718, #1508 ) ) ;
#1082 = COORDINATED_UNIVERSAL_TIME_OFFSET ( 3, 0, .AHEAD. ) ;
#1083 = CARTESIAN_POINT ( 'NONE',  ( 5.999999999999962697, 0.000000000000000000, -3.464101615137825885 ) ) ;
#1084 = EDGE_CURVE ( 'NONE', #302, #1597, #1606, .T. ) ;
#1085 = DIRECTION ( 'NONE',  ( 0.000000000000000000, -1.000000000000000000, 0.000000000000000000 ) ) ;
#1086 = APPROVAL ( #402, 'UNKNOWN' ) ;
#1087 = ADVANCED_FACE ( 'NONE', ( #619 ), #1630, .T. ) ;
#1088 = EDGE_LOOP ( 'NONE', ( #1119, #1229, #1875, #1495 ) ) ;
#1089 = DIRECTION ( 'NONE',  ( -3.255014963930502918E-15, 0.000000000000000000, -1.000000000000000000 ) ) ;
#1090 = LINE ( 'NONE', #1953, #1270 ) ;
#1091 = VECTOR ( 'NONE', #1583, 1000.000000000000114 ) ;
#1092 = LINE ( 'NONE', #441, #284 ) ;
#1093 = CIRCLE ( 'NONE', #401, 6.000000000000000888 ) ;
#1094 = DATE_AND_TIME ( #1428, #1202 ) ;
#1095 = LINE ( 'NONE', #1569, #1025 ) ;
#1096 = LINE ( 'NONE', #80, #1161 ) ;
#1097 = LOCAL_TIME ( 15, 10, 18.00000000000000000, #1872 ) ;
#1098 = ORIENTED_EDGE ( 'NONE', *, *, #1063, .T. ) ;
#1099 = CARTESIAN_POINT ( 'NONE',  ( 0.000000000000000000, 3.000000000000000000, 0.000000000000000000 ) ) ;
#1100 = CC_DESIGN_SECURITY_CLASSIFICATION ( #1771, ( #2172 ) ) ;
#1101 = DIRECTION ( 'NONE',  ( 0.000000000000000000, -1.000000000000000000, 0.000000000000000000 ) ) ;
#1102 = EDGE_CURVE ( 'NONE', #1607, #1632, #467, .T. ) ;
#1103 = PRODUCT_DEFINITION_SHAPE ( 'NONE', 'NONE',  #2172 ) ;
#1104 = EDGE_LOOP ( 'NONE', ( #1943, #1032, #206, #1009, #508, #1283, #486 ) ) ;
#1105 = CALENDAR_DATE ( 2026, 12, 1 ) ;
#1106 = ORIENTED_EDGE ( 'NONE', *, *, #1541, .T. ) ;
#1107 = DIRECTION ( 'NONE',  ( -0.000000000000000000, 1.000000000000000000, -0.000000000000000000 ) ) ;
#1108 = LINE ( 'NONE', #433, #539 ) ;
#1109 = DIRECTION ( 'NONE',  ( 0.000000000000000000, 0.000000000000000000, -1.000000000000000000 ) ) ;
#1110 = VERTEX_POINT ( 'NONE', #1326 ) ;
#1111 = FACE_OUTER_BOUND ( 'NONE', #1601, .T. ) ;
#1112 = CARTESIAN_POINT ( 'NONE',  ( -5.999999999999987566, 0.000000000000000000, 3.464101615137783252 ) ) ;
#1113 = ADVANCED_FACE ( 'NONE', ( #1493 ), #1993, .F. ) ;
#1114 = DIRECTION ( 'NONE',  ( 0.8660254037844344888, 0.000000000000000000, -0.5000000000000071054 ) ) ;
#1115 = ORIENTED_EDGE ( 'NONE', *, *, #1765, .F. ) ;
#1116 = CARTESIAN_POINT ( 'NONE',  ( 0.000000000000000000, 10.00000000000000000, 0.000000000000000000 ) ) ;
#1117 = CARTESIAN_POINT ( 'NONE',  ( 0.000000000000000000, 10.00000000000000000, 2.500000000000009326 ) ) ;
#1118 = AXIS2_PLACEMENT_3D ( 'NONE', #1854, #809, #494 ) ;
#1119 = ORIENTED_EDGE ( 'NONE', *, *, #597, .T. ) ;
#1120 = DIRECTION ( 'NONE',  ( 0.000000000000000000, 0.000000000000000000, -1.000000000000000000 ) ) ;
#1121 = CARTESIAN_POINT ( 'NONE',  ( 0.000000000000000000, 0.000000000000000000, -2.499999999999998668 ) ) ;
#1122 = CIRCLE ( 'NONE', #9, 6.000000000000000888 ) ;
#1123 = AXIS2_PLACEMENT_3D ( 'NONE', #185, #840, #7 ) ;
#1124 = ORIENTED_EDGE ( 'NONE', *, *, #1545, .T. ) ;
#1125 = PERSON_AND_ORGANIZATION ( #991, #1554 ) ;
#1126 = ORIENTED_EDGE ( 'NONE', *, *, #84, .T. ) ;
#1127 = FACE_OUTER_BOUND ( 'NONE', #1469, .T. ) ;
#1128 = CC_DESIGN_PERSON_AND_ORGANIZATION_ASSIGNMENT ( #1291, #1603, ( #2065 ) ) ;
#1129 = ADVANCED_FACE ( 'NONE', ( #662 ), #1970, .T. ) ;
#1130 = AXIS2_PLACEMENT_3D ( 'NONE', #935, #733, #903 ) ;
#1131 = DIRECTION ( 'NONE',  ( 0.000000000000000000, -1.000000000000000000, 0.000000000000000000 ) ) ;
#1132 = LINE ( 'NONE', #1336, #330 ) ;
#1133 =( GEOMETRIC_REPRESENTATION_CONTEXT ( 3 ) GLOBAL_UNCERTAINTY_ASSIGNED_CONTEXT ( ( #166 ) ) GLOBAL_UNIT_ASSIGNED_CONTEXT ( ( #768, #2109, #1785 ) ) REPRESENTATION_CONTEXT ( 'NONE', 'WORKASPACE' ) );
#1134 = ORIENTED_EDGE ( 'NONE', *, *, #884, .F. ) ;
#1135 = DIRECTION ( 'NONE',  ( 0.3535533905932743970, 0.7071067811865479058, 0.6123724356957938042 ) ) ;
#1136 = LOCAL_TIME ( 15, 10, 18.00000000000000000, #2131 ) ;
#1137 = APPROVAL_PERSON_ORGANIZATION ( #1125, #1681, #451 ) ;
#1138 = ORIENTED_EDGE ( 'NONE', *, *, #1084, .T. ) ;
#1139 = ORIENTED_EDGE ( 'NONE', *, *, #2069, .F. ) ;
#1140 = CYLINDRICAL_SURFACE ( 'NONE', #435, 2.250000000000000000 ) ;
#1141 = EDGE_CURVE ( 'NONE', #1757, #1579, #1850, .T. ) ;
#1142 = LINE ( 'NONE', #815, #711 ) ;
#1143 = PERSON_AND_ORGANIZATION_ROLE ( 'classification_officer' ) ;
#1144 = ADVANCED_FACE ( 'NONE', ( #1163 ), #964, .F. ) ;
#1145 = VERTEX_POINT ( 'NONE', #489 ) ;
#1146 = FACE_BOUND ( 'NONE', #1960, .T. ) ;
#1147 = CARTESIAN_POINT ( 'NONE',  ( 4.547903534882335794E-14, 0.000000000000000000, 6.350852961085886150 ) ) ;
#1148 = EDGE_LOOP ( 'NONE', ( #2063, #321, #1537, #1511 ) ) ;
#1149 = CARTESIAN_POINT ( 'NONE',  ( 0.000000000000000000, 0.000000000000000000, 0.000000000000000000 ) ) ;
#1150 = FACE_OUTER_BOUND ( 'NONE', #533, .T. ) ;
#1151 = CALENDAR_DATE ( 2026, 12, 1 ) ;
#1152 = VERTEX_POINT ( 'NONE', #1319 ) ;
#1153 = CARTESIAN_POINT ( 'NONE',  ( 0.000000000000000000, 2.200000000000000178, 2.250000000000000000 ) ) ;
#1154 = CC_DESIGN_DATE_AND_TIME_ASSIGNMENT ( #777, #475, ( #1613 ) ) ;
#1155 = ADVANCED_FACE ( 'NONE', ( #1150 ), #1665, .F. ) ;
#1156 = VECTOR ( 'NONE', #1114, 1000.000000000000227 ) ;
#1157 = DIRECTION ( 'NONE',  ( -0.000000000000000000, 1.000000000000000000, -0.000000000000000000 ) ) ;
#1158 = AXIS2_PLACEMENT_3D ( 'NONE', #343, #1323, #155 ) ;
#1159 = ORIENTED_EDGE ( 'NONE', *, *, #154, .F. ) ;
#1160 = LINE ( 'NONE', #668, #1623 ) ;
#1161 = VECTOR ( 'NONE', #598, 1000.000000000000000 ) ;
#1162 = SHAPE_REPRESENTATION_RELATIONSHIP ( 'NONE' , 'NONE' ,  #287, #1754 ) ;
#1163 = FACE_OUTER_BOUND ( 'NONE', #1148, .T. ) ;
#1164 = PERSON_AND_ORGANIZATION ( #991, #1554 ) ;
#1165 = VECTOR ( 'NONE', #1411, 1000.000000000000114 ) ;
#1166 = ORIENTED_EDGE ( 'NONE', *, *, #1541, .F. ) ;
#1167 = CARTESIAN_POINT ( 'NONE',  ( 2.449293598294706414E-16, 9.499999999999996447, -2.000000000000000000 ) ) ;
#1168 = AXIS2_PLACEMENT_3D ( 'NONE', #963, #1305, #102 ) ;
#1169 = EDGE_CURVE ( 'NONE', #1110, #1348, #708, .T. ) ;
#1170 = CARTESIAN_POINT ( 'NONE',  ( -5.499999999999989342, 0.000000000000000000, 3.175426480542968388 ) ) ;
#1171 = ORIENTED_EDGE ( 'NONE', *, *, #1673, .T. ) ;
#1172 = CARTESIAN_POINT ( 'NONE',  ( -6.000000000000011546, 10.00000000000000000, -3.464101615137742840 ) ) ;
#1173 = PERSON_AND_ORGANIZATION ( #991, #1554 ) ;
#1174 = DIRECTION ( 'NONE',  ( -3.380207847158600080E-15, 0.000000000000000000, -1.000000000000000000 ) ) ;
#1175 = ORIENTED_EDGE ( 'NONE', *, *, #1963, .T. ) ;
#1176 = CARTESIAN_POINT ( 'NONE',  ( 0.000000000000000000, 0.000000000000000000, 0.000000000000000000 ) ) ;
#1177 = PLANE ( 'NONE',  #1723 ) ;
#1178 = ADVANCED_FACE ( 'NONE', ( #1506 ), #4, .F. ) ;
#1179 = EDGE_LOOP ( 'NONE', ( #939, #785, #1054, #64 ) ) ;
#1180 = EDGE_CURVE ( 'NONE', #1679, #1700, #640, .T. ) ;
#1181 = DIRECTION ( 'NONE',  ( 0.000000000000000000, 0.000000000000000000, 1.000000000000000000 ) ) ;
#1182 = CARTESIAN_POINT ( 'NONE',  ( 0.000000000000000000, -9.000000000000001776, 0.000000000000000000 ) ) ;
#1183 = ORIENTED_EDGE ( 'NONE', *, *, #1874, .T. ) ;
#1184 = DIRECTION ( 'NONE',  ( 0.000000000000000000, 1.000000000000000000, 0.000000000000000000 ) ) ;
#1185 = ORIENTED_EDGE ( 'NONE', *, *, #1289, .F. ) ;
#1186 = FACE_OUTER_BOUND ( 'NONE', #1813, .T. ) ;
#1187 = AXIS2_PLACEMENT_3D ( 'NONE', #2150, #1826, #1864 ) ;
#1188 = ORIENTED_EDGE ( 'NONE', *, *, #1837, .T. ) ;
#1189 = VECTOR ( 'NONE', #1788, 1000.000000000000000 ) ;
#1190 = CARTESIAN_POINT ( 'NONE',  ( 11.03078593625005155, 10.94183458149656829, 10.93634039680398118 ) ) ;
#1191 = CC_DESIGN_DATE_AND_TIME_ASSIGNMENT ( #1490, #2158, ( #510 ) ) ;
#1192 = EDGE_CURVE ( 'NONE', #17, #2042, #1132, .T. ) ;
#1193 = PLANE ( 'NONE',  #153 ) ;
#1194 = CALENDAR_DATE ( 2026, 12, 1 ) ;
#1195 = ORIENTED_EDGE ( 'NONE', *, *, #2086, .T. ) ;
#1196 = DIRECTION ( 'NONE',  ( -0.000000000000000000, -1.000000000000000000, -0.000000000000000000 ) ) ;
#1197 = AXIS2_PLACEMENT_3D ( 'NONE', #165, #628, #1985 ) ;
#1198 = VECTOR ( 'NONE', #622, 1000.000000000000000 ) ;
#1199 = LINE ( 'NONE', #1410, #37 ) ;
#1200 =( GEOMETRIC_REPRESENTATION_CONTEXT ( 3 ) GLOBAL_UNCERTAINTY_ASSIGNED_CONTEXT ( ( #2159 ) ) GLOBAL_UNIT_ASSIGNED_CONTEXT ( ( #1335, #519, #2019 ) ) REPRESENTATION_CONTEXT ( 'NONE', 'WORKASPACE' ) );
#1201 = ORIENTED_EDGE ( 'NONE', *, *, #1575, .T. ) ;
#1202 = LOCAL_TIME ( 15, 10, 18.00000000000000000, #764 ) ;
#1203 = CALENDAR_DATE ( 2026, 12, 1 ) ;
#1204 = DIRECTION ( 'NONE',  ( -0.3535533905932752297, 0.7071067811865463515, -0.6123724356957952475 ) ) ;
#1205 = ORGANIZATION ( 'NAUO-ORG4', 'UNSPECIFIED', 'UNSPECIFIED' ) ;
#1206 = ITEM_DEFINED_TRANSFORMATION ( 'NONE', 'NONE', #1027,  #1168 ) ;
#1207 = ORIENTED_EDGE ( 'NONE', *, *, #357, .F. ) ;
#1208 = LINE ( 'NONE', #1884, #1659 ) ;
#1209 = EDGE_CURVE ( 'NONE', #801, #2009, #951, .T. ) ;
#1210 = EDGE_LOOP ( 'NONE', ( #799, #629, #425, #522 ) ) ;
#1211 = CARTESIAN_POINT ( 'NONE',  ( 0.000000000000000000, 0.000000000000000000, 0.000000000000000000 ) ) ;
#1212 = LINE ( 'NONE', #1553, #1165 ) ;
#1213 = VERTEX_POINT ( 'NONE', #985 ) ;
#1214 = PERSON_AND_ORGANIZATION_ROLE ( 'design_supplier' ) ;
#1215 = LINE ( 'NONE', #541, #1622 ) ;
#1216 = CALENDAR_DATE ( 2026, 12, 1 ) ;
#1217 = ORIENTED_EDGE ( 'NONE', *, *, #595, .T. ) ;
#1218 = CARTESIAN_POINT ( 'NONE',  ( 5.499999999999966249, 0.000000000000000000, -3.175426480543007468 ) ) ;
#1219 = DIRECTION ( 'NONE',  ( 0.000000000000000000, 1.000000000000000000, 0.000000000000000000 ) ) ;
#1220 = CC_DESIGN_DATE_AND_TIME_ASSIGNMENT ( #863, #1042, ( #543 ) ) ;
#1221 = CARTESIAN_POINT ( 'NONE',  ( 4.898587196589412829E-16, 0.000000000000000000, 4.000000000000000000 ) ) ;
#1222 = EDGE_CURVE ( 'NONE', #1529, #2009, #1142, .T. ) ;
#1223 = ORIENTED_EDGE ( 'NONE', *, *, #858, .F. ) ;
#1224 = AXIS2_PLACEMENT_3D ( 'NONE', #1767, #615, #2140 ) ;
#1225 = CALENDAR_DATE ( 2026, 12, 1 ) ;
#1226 = CARTESIAN_POINT ( 'NONE',  ( 4.837938458043933716E-14, 0.000000000000000000, 6.928203230275513214 ) ) ;
#1227 = AXIS2_PLACEMENT_3D ( 'NONE', #2025, #1344, #353 ) ;
#1228 = PERSON_AND_ORGANIZATION ( #1567, #164 ) ;
#1229 = ORIENTED_EDGE ( 'NONE', *, *, #314, .T. ) ;
#1230 = PLANE ( 'NONE',  #983 ) ;
#1231 = AXIS2_PLACEMENT_3D ( 'NONE', #855, #728, #1876 ) ;
#1232 = LINE ( 'NONE', #1552, #1615 ) ;
#1233 = LINE ( 'NONE', #1072, #955 ) ;
#1234 = CIRCLE ( 'NONE', #44, 6.000000000000000888 ) ;
#1235 = VERTEX_POINT ( 'NONE', #1465 ) ;
#1236 = AXIS2_PLACEMENT_3D ( 'NONE', #1504, #1007, #338 ) ;
#1237 = PERSON_AND_ORGANIZATION ( #991, #1554 ) ;
#1238 = LINE ( 'NONE', #1429, #575 ) ;
#1239 = ORIENTED_EDGE ( 'NONE', *, *, #1250, .T. ) ;
#1240 = PLANE ( 'NONE',  #535 ) ;
#1241 = APPROVAL_PERSON_ORGANIZATION ( #1228, #128, #542 ) ;
#1242 = PRODUCT_DEFINITION_SHAPE ( 'NONE', 'NONE',  #586 ) ;
#1243 = ORIENTED_EDGE ( 'NONE', *, *, #1779, .T. ) ;
#1244 = DIRECTION ( 'NONE',  ( 0.000000000000000000, 1.000000000000000000, 0.000000000000000000 ) ) ;
#1245 = DIRECTION ( 'NONE',  ( -0.3535533905932788379, 0.7071067811865474617, -0.6123724356957915838 ) ) ;
#1246 = ORIENTED_EDGE ( 'NONE', *, *, #822, .T. ) ;
#1247 = ADVANCED_FACE ( 'NONE', ( #1306 ), #2134, .F. ) ;
#1248 = PERSON_AND_ORGANIZATION_ROLE ( 'creator' ) ;
#1249 = DIRECTION ( 'NONE',  ( 0.000000000000000000, -1.000000000000000000, 0.000000000000000000 ) ) ;
#1250 = EDGE_CURVE ( 'NONE', #603, #1579, #1810, .T. ) ;
#1251 = ADVANCED_FACE ( 'NONE', ( #305 ), #1488, .F. ) ;
#1252 = DIRECTION ( 'NONE',  ( 0.000000000000000000, 0.000000000000000000, 1.000000000000000000 ) ) ;
#1253 = VERTEX_POINT ( 'NONE', #47 ) ;
#1254 = DIRECTION ( 'NONE',  ( 0.000000000000000000, 0.000000000000000000, 1.000000000000000000 ) ) ;
#1255 = CARTESIAN_POINT ( 'NONE',  ( -3.082748177100947471E-17, 0.000000000000000000, -6.350852961085887927 ) ) ;
#1256 = LINE ( 'NONE', #120, #1156 ) ;
#1257 = PERSON_AND_ORGANIZATION ( #991, #1554 ) ;
#1258 = DIRECTION ( 'NONE',  ( 0.000000000000000000, 0.000000000000000000, -1.000000000000000000 ) ) ;
#1259 = CLOSED_SHELL ( 'NONE', ( #1737, #1571, #1129, #1021, #422, #1870, #1478, #689, #142 ) ) ;
#1260 = VECTOR ( 'NONE', #1433, 1000.000000000000000 ) ;
#1261 = CARTESIAN_POINT ( 'NONE',  ( 0.000000000000000000, -9.000000000000001776, 0.000000000000000000 ) ) ;
#1262 = AXIS2_PLACEMENT_3D ( 'NONE', #484, #1518, #1492 ) ;
#1263 = VERTEX_POINT ( 'NONE', #1547 ) ;
#1264 = DIRECTION ( 'NONE',  ( -0.000000000000000000, -1.000000000000000000, -0.000000000000000000 ) ) ;
#1265 = VECTOR ( 'NONE', #1904, 1000.000000000000000 ) ;
#1266 = DIRECTION ( 'NONE',  ( 0.000000000000000000, -1.000000000000000000, 0.000000000000000000 ) ) ;
#1267 = VECTOR ( 'NONE', #670, 1000.000000000000227 ) ;
#1268 = VERTEX_POINT ( 'NONE', #692 ) ;
#1269 = VECTOR ( 'NONE', #15, 1000.000000000000114 ) ;
#1270 = VECTOR ( 'NONE', #602, 1000.000000000000000 ) ;
#1271 = DATE_TIME_ROLE ( 'classification_date' ) ;
#1272 = DIRECTION ( 'NONE',  ( 0.000000000000000000, -1.000000000000000000, 0.000000000000000000 ) ) ;
#1273 = SHAPE_REPRESENTATION_RELATIONSHIP ( 'NONE' , 'NONE' ,  #945, #1572 ) ;
#1274 = CC_DESIGN_SECURITY_CLASSIFICATION ( #1523, ( #2154 ) ) ;
#1275 = DIRECTION ( 'NONE',  ( 0.000000000000000000, 1.000000000000000000, 0.000000000000000000 ) ) ;
#1276 = EDGE_CURVE ( 'NONE', #842, #464, #431, .T. ) ;
#1277 = VERTEX_POINT ( 'NONE', #1360 ) ;
#1278 = FACE_OUTER_BOUND ( 'NONE', #696, .T. ) ;
#1279 = LINE ( 'NONE', #1112, #748 ) ;
#1280 = ADVANCED_FACE ( 'NONE', ( #870 ), #1193, .T. ) ;
#1281 = ORIENTED_EDGE ( 'NONE', *, *, #623, .T. ) ;
#1282 = PERSON_AND_ORGANIZATION_ROLE ( 'design_supplier' ) ;
#1283 = ORIENTED_EDGE ( 'NONE', *, *, #569, .T. ) ;
#1284 = CARTESIAN_POINT ( 'NONE',  ( 2.755455298081544285E-16, 2.200000000000000178, -2.250000000000000000 ) ) ;
#1285 = CYLINDRICAL_SURFACE ( 'NONE', #1690, 7.000000000000000000 ) ;
#1286 = VERTEX_POINT ( 'NONE', #553 ) ;
#1287 = CARTESIAN_POINT ( 'NONE',  ( 0.000000000000000000, 3.000000000000000000, -6.928203230275514990 ) ) ;
#1288 = APPROVAL ( #1338, 'UNSPECIFIED' ) ;
#1289 = EDGE_CURVE ( 'NONE', #1834, #396, #2051, .T. ) ;
#1290 = ORIENTED_EDGE ( 'NONE', *, *, #517, .F. ) ;
#1291 = PERSON_AND_ORGANIZATION ( #991, #1554 ) ;
#1292 = ORIENTED_EDGE ( 'NONE', *, *, #1357, .T. ) ;
#1293 = LINE ( 'NONE', #1968, #1663 ) ;
#1294 = CARTESIAN_POINT ( 'NONE',  ( -5.999999999999989342, 3.000000000000000000, 3.464101615137784584 ) ) ;
#1295 = CIRCLE ( 'NONE', #216, 2.250000000000000000 ) ;
#1296 = AXIS2_PLACEMENT_3D ( 'NONE', #930, #1298, #1079 ) ;
#1297 = ORIENTED_EDGE ( 'NONE', *, *, #21, .T. ) ;
#1298 = DIRECTION ( 'NONE',  ( -0.000000000000000000, -1.000000000000000000, -0.000000000000000000 ) ) ;
#1299 = DIRECTION ( 'NONE',  ( 0.000000000000000000, -1.000000000000000000, 0.000000000000000000 ) ) ;
#1300 = CIRCLE ( 'NONE', #1729, 6.000000000000000888 ) ;
#1301 = APPROVAL_ROLE ( '' ) ;
#1302 = ORIENTED_EDGE ( 'NONE', *, *, #1670, .T. ) ;
#1303 = AXIS2_PLACEMENT_3D ( 'NONE', #1182, #1857, #529 ) ;
#1304 = DIRECTION ( 'NONE',  ( 0.000000000000000000, 0.7071067811865500152, 0.7071067811865451302 ) ) ;
#1305 = DIRECTION ( 'NONE',  ( 0.000000000000000000, 0.000000000000000000, 1.000000000000000000 ) ) ;
#1306 = FACE_OUTER_BOUND ( 'NONE', #2031, .T. ) ;
#1307 = AXIS2_PLACEMENT_3D ( 'NONE', #1116, #1793, #290 ) ;
#1308 = VECTOR ( 'NONE', #555, 1000.000000000000114 ) ;
#1309 = EDGE_LOOP ( 'NONE', ( #354, #1852, #1642, #879 ) ) ;
#1310 = CARTESIAN_POINT ( 'NONE',  ( 0.000000000000000000, 0.000000000000000000, 6.000000000000000888 ) ) ;
#1311 = SECURITY_CLASSIFICATION ( '', '', #1791 ) ;
#1312 = FACE_OUTER_BOUND ( 'NONE', #1855, .T. ) ;
#1313 = ORIENTED_EDGE ( 'NONE', *, *, #595, .F. ) ;
#1314 = ADVANCED_FACE ( 'NONE', ( #1351 ), #1018, .F. ) ;
#1315 = CARTESIAN_POINT ( 'NONE',  ( -2.999999999999968914, 0.000000000000000000, 5.196152422706646234 ) ) ;
#1316 = PERSON_AND_ORGANIZATION_ROLE ( 'design_owner' ) ;
#1317 = APPROVAL ( #703, 'UNSPECIFIED' ) ;
#1318 = EDGE_CURVE ( 'NONE', #2042, #295, #1215, .T. ) ;
#1319 = CARTESIAN_POINT ( 'NONE',  ( 3.061616997868391523E-16, 3.000000000000000000, -2.500000000000007550 ) ) ;
#1320 = DESIGN_CONTEXT ( 'detailed design', #1923, 'design' ) ;
#1321 = ORIENTED_EDGE ( 'NONE', *, *, #1937, .F. ) ;
#1322 = CARTESIAN_POINT ( 'NONE',  ( 8.572527594031473190E-16, 2.200000000000000178, 7.000000000000000000 ) ) ;
#1323 = DIRECTION ( 'NONE',  ( -0.000000000000000000, 1.000000000000000000, -0.000000000000000000 ) ) ;
#1324 = ORIENTED_EDGE ( 'NONE', *, *, #19, .T. ) ;
#1325 = DIRECTION ( 'NONE',  ( 0.000000000000000000, 0.000000000000000000, -1.000000000000000000 ) ) ;
#1326 = CARTESIAN_POINT ( 'NONE',  ( 0.000000000000000000, 0.000000000000000000, 2.250000000000000000 ) ) ;
#1327 = ORIENTED_EDGE ( 'NONE', *, *, #1409, .F. ) ;
#1328 = CARTESIAN_POINT ( 'NONE',  ( 6.000000000000034639, 7.000000000000000000, 3.464101615137700652 ) ) ;
#1329 = APPLICATION_CONTEXT ( 'configuration controlled 3d designs of mechanical parts and assemblies' ) ;
#1330 = LINE ( 'NONE', #320, #2070 ) ;
#1331 = CIRCLE ( 'NONE', #669, 2.000000000000000000 ) ;
#1332 = EDGE_LOOP ( 'NONE', ( #1525, #167, #370, #2018 ) ) ;
#1333 = FACE_BOUND ( 'NONE', #1917, .T. ) ;
#1334 = CIRCLE ( 'NONE', #779, 4.500000000000000000 ) ;
#1335 =( LENGTH_UNIT ( ) NAMED_UNIT ( * ) SI_UNIT ( .MILLI., .METRE. ) );
#1336 = CARTESIAN_POINT ( 'NONE',  ( -6.000000000000011546, 7.000000000000000000, -3.464101615137742840 ) ) ;
#1337 = VECTOR ( 'NONE', #1728, 1000.000000000000114 ) ;
#1338 = APPROVAL_STATUS ( 'not_yet_approved' ) ;
#1339 = VECTOR ( 'NONE', #1304, 1000.000000000000114 ) ;
#1340 = EDGE_LOOP ( 'NONE', ( #385, #1115, #1002, #1590 ) ) ;
#1341 = CYLINDRICAL_SURFACE ( 'NONE', #1123, 2.000000000000000000 ) ;
#1342 = EDGE_CURVE ( 'NONE', #178, #52, #225, .T. ) ;
#1343 = APPROVAL_PERSON_ORGANIZATION ( #1402, #1910, #552 ) ;
#1344 = DIRECTION ( 'NONE',  ( -0.5000000000000072164, 0.000000000000000000, -0.8660254037844345998 ) ) ;
#1345 = CC_DESIGN_APPROVAL ( #356, ( #1523 ) ) ;
#1346 = EDGE_CURVE ( 'NONE', #104, #2015, #227, .T. ) ;
#1347 = CC_DESIGN_SECURITY_CLASSIFICATION ( #510, ( #1909 ) ) ;
#1348 = VERTEX_POINT ( 'NONE', #1393 ) ;
#1349 = LOCAL_TIME ( 15, 10, 18.00000000000000000, #25 ) ;
#1350 = APPROVAL_STATUS ( 'not_yet_approved' ) ;
#1351 = FACE_OUTER_BOUND ( 'NONE', #525, .T. ) ;
#1352 = CALENDAR_DATE ( 2026, 12, 1 ) ;
#1353 = ORIENTED_EDGE ( 'NONE', *, *, #1545, .F. ) ;
#1354 = PLANE ( 'NONE',  #1899 ) ;
#1355 = LINE ( 'NONE', #485, #461 ) ;
#1356 = CC_DESIGN_PERSON_AND_ORGANIZATION_ASSIGNMENT ( #1237, #715, ( #2154 ) ) ;
#1357 = EDGE_CURVE ( 'NONE', #1597, #71, #1448, .T. ) ;
#1358 = VERTEX_POINT ( 'NONE', #883 ) ;
#1359 = PERSON_AND_ORGANIZATION ( #991, #1554 ) ;
#1360 = CARTESIAN_POINT ( 'NONE',  ( 0.000000000000000000, 0.000000000000000000, -2.499999999999998668 ) ) ;
#1361 = CALENDAR_DATE ( 2026, 12, 1 ) ;
#1362 = ORIENTED_EDGE ( 'NONE', *, *, #726, .F. ) ;
#1363 = DIRECTION ( 'NONE',  ( 0.000000000000000000, 0.000000000000000000, 1.000000000000000000 ) ) ;
#1364 = DIRECTION ( 'NONE',  ( -3.255014963930502918E-15, 0.000000000000000000, -1.000000000000000000 ) ) ;
#1365 = CONICAL_SURFACE ( 'NONE', #323, 2.000000000000000000, 0.7853981633974533860 ) ;
#1366 = ORIENTED_EDGE ( 'NONE', *, *, #1805, .F. ) ;
#1367 = CALENDAR_DATE ( 2026, 12, 1 ) ;
#1368 = VECTOR ( 'NONE', #1744, 1000.000000000000000 ) ;
#1369 = DIRECTION ( 'NONE',  ( 0.8660254037844380415, 0.000000000000000000, -0.5000000000000011102 ) ) ;
#1370 = EDGE_CURVE ( 'NONE', #1597, #1152, #387, .T. ) ;
#1371 = CIRCLE ( 'NONE', #2112, 6.000000000000000888 ) ;
#1372 = COORDINATED_UNIVERSAL_TIME_OFFSET ( 3, 0, .AHEAD. ) ;
#1373 = ORIENTED_EDGE ( 'NONE', *, *, #1482, .F. ) ;
#1374 = CARTESIAN_POINT ( 'NONE',  ( 2.449293598294706414E-16, -9.000000000000001776, -2.000000000000000000 ) ) ;
#1375 = ORIENTED_EDGE ( 'NONE', *, *, #797, .F. ) ;
#1376 = DIRECTION ( 'NONE',  ( 0.000000000000000000, 0.000000000000000000, -1.000000000000000000 ) ) ;
#1377 = DIRECTION ( 'NONE',  ( -0.8660254037844414832, 0.000000000000000000, -0.4999999999999950595 ) ) ;
#1378 = LOCAL_TIME ( 15, 10, 18.00000000000000000, #1546 ) ;
#1379 = CC_DESIGN_APPROVAL ( #740, ( #2154 ) ) ;
#1380 = ORIENTED_EDGE ( 'NONE', *, *, #491, .F. ) ;
#1381 = APPLICATION_PROTOCOL_DEFINITION ( 'international standard', 'config_control_design', 1994, #1923 ) ;
#1382 = CARTESIAN_POINT ( 'NONE',  ( -2.750000000000004885, 3.000000000000000000, -4.763139720814407951 ) ) ;
#1383 = PERSON ( 'NAUO-PER4', 'UNSPECIFIED', 'UNSPECIFIED', ('UNSPECIFIED'), ('UNSPECIFIED'), ('UNSPECIFIED') ) ;
#1384 = APPROVAL_DATE_TIME ( #1707, #609 ) ;
#1385 = CC_DESIGN_PERSON_AND_ORGANIZATION_ASSIGNMENT ( #2146, #1851, ( #1909 ) ) ;
#1386 = EDGE_CURVE ( 'NONE', #1834, #1679, #60, .T. ) ;
#1387 = ORIENTED_EDGE ( 'NONE', *, *, #19, .F. ) ;
#1388 = FACE_OUTER_BOUND ( 'NONE', #389, .T. ) ;
#1389 = DIRECTION ( 'NONE',  ( 0.000000000000000000, 0.000000000000000000, -1.000000000000000000 ) ) ;
#1390 = CARTESIAN_POINT ( 'NONE',  ( 0.000000000000000000, 2.200000000000000178, -7.000000000000000000 ) ) ;
#1391 = EDGE_LOOP ( 'NONE', ( #2049, #446, #1183, #811 ) ) ;
#1392 = DATE_TIME_ROLE ( 'classification_date' ) ;
#1393 = CARTESIAN_POINT ( 'NONE',  ( 2.755455298081544285E-16, 0.000000000000000000, -2.250000000000000000 ) ) ;
#1394 = APPROVAL_ROLE ( '' ) ;
#1395 = ORIENTED_EDGE ( 'NONE', *, *, #1386, .T. ) ;
#1396 = CARTESIAN_POINT ( 'NONE',  ( -4.714285714285703754, 3.785714285714289140, 2.721794126179686746 ) ) ;
#1397 = DIRECTION ( 'NONE',  ( -0.7071067811865487940, 0.7071067811865462405, 2.301643153858948089E-15 ) ) ;
#1398 = CARTESIAN_POINT ( 'NONE',  ( 5.999999999999999112, 0.000000000000000000, -6.234605584759195711E-14 ) ) ;
#1399 = PRODUCT_DEFINITION_SHAPE ( 'NONE', 'NONE',  #1613 ) ;
#1400 = ORIENTED_EDGE ( 'NONE', *, *, #1893, .T. ) ;
#1401 = APPLICATION_CONTEXT ( 'configuration controlled 3d designs of mechanical parts and assemblies' ) ;
#1402 = PERSON_AND_ORGANIZATION ( #991, #1554 ) ;
#1403 = DIRECTION ( 'NONE',  ( 0.000000000000000000, 1.000000000000000000, 0.000000000000000000 ) ) ;
#1404 = AXIS2_PLACEMENT_3D ( 'NONE', #1825, #990, #2168 ) ;
#1405 = EDGE_LOOP ( 'NONE', ( #1891, #1491, #1848, #6 ) ) ;
#1406 = CARTESIAN_POINT ( 'NONE',  ( 5.750000000000031086, 3.000000000000000000, 3.031088913245480576 ) ) ;
#1407 = AXIS2_PLACEMENT_3D ( 'NONE', #1261, #1925, #339 ) ;
#1408 = ORIENTED_EDGE ( 'NONE', *, *, #1710, .F. ) ;
#1409 = EDGE_CURVE ( 'NONE', #1476, #1422, #2061, .T. ) ;
#1410 = CARTESIAN_POINT ( 'NONE',  ( 0.000000000000000000, 3.000000000000000000, 2.000000000000000000 ) ) ;
#1411 = DIRECTION ( 'NONE',  ( 0.000000000000000000, 0.7071067811865451302, 0.7071067811865500152 ) ) ;
#1412 = AXIS2_PLACEMENT_3D ( 'NONE', #243, #113, #1258 ) ;
#1413 = EDGE_CURVE ( 'NONE', #2024, #600, #24, .T. ) ;
#1414 = EDGE_CURVE ( 'NONE', #1253, #351, #844, .T. ) ;
#1415 = ORIENTED_EDGE ( 'NONE', *, *, #856, .T. ) ;
#1416 = SECURITY_CLASSIFICATION ( '', '', #902 ) ;
#1417 = APPROVAL_ROLE ( '' ) ;
#1418 = DIRECTION ( 'NONE',  ( 0.000000000000000000, 0.000000000000000000, 1.000000000000000000 ) ) ;
#1419 = LOCAL_TIME ( 15, 10, 18.00000000000000000, #139 ) ;
#1420 = CYLINDRICAL_SURFACE ( 'NONE', #947, 4.500000000000000000 ) ;
#1421 = SECURITY_CLASSIFICATION ( '', '', #1561 ) ;
#1422 = VERTEX_POINT ( 'NONE', #851 ) ;
#1423 = DIRECTION ( 'NONE',  ( -0.000000000000000000, 1.000000000000000000, -0.000000000000000000 ) ) ;
#1424 = DIRECTION ( 'NONE',  ( 0.000000000000000000, -0.000000000000000000, -1.000000000000000000 ) ) ;
#1425 = DIRECTION ( 'NONE',  ( 0.000000000000000000, 0.000000000000000000, 1.000000000000000000 ) ) ;
#1426 = CC_DESIGN_PERSON_AND_ORGANIZATION_ASSIGNMENT ( #1758, #226, ( #229 ) ) ;
#1427 = ADVANCED_FACE ( 'NONE', ( #682 ), #520, .T. ) ;
#1428 = CALENDAR_DATE ( 2026, 12, 1 ) ;
#1429 = CARTESIAN_POINT ( 'NONE',  ( 5.999999999999963585, 0.5000000000000004441, -3.464101615137826773 ) ) ;
#1430 = DIRECTION ( 'NONE',  ( 0.3535533905932790599, 0.7071067811865470176, 0.6123724356957920278 ) ) ;
#1431 = ORIENTED_EDGE ( 'NONE', *, *, #1614, .F. ) ;
#1432 = CARTESIAN_POINT ( 'NONE',  ( -5.500000000000000000, 0.000000000000000000, 1.790258230161776467E-14 ) ) ;
#1433 = DIRECTION ( 'NONE',  ( -0.000000000000000000, -1.000000000000000000, -0.000000000000000000 ) ) ;
#1434 = COORDINATED_UNIVERSAL_TIME_OFFSET ( 3, 0, .AHEAD. ) ;
#1435 = ADVANCED_FACE ( 'NONE', ( #1527 ), #1030, .F. ) ;
#1436 = DIRECTION ( 'NONE',  ( 0.000000000000000000, 0.000000000000000000, -1.000000000000000000 ) ) ;
#1437 = CARTESIAN_POINT ( 'NONE',  ( 0.000000000000000000, 0.6999999999999999556, 0.000000000000000000 ) ) ;
#1438 = VECTOR ( 'NONE', #993, 1000.000000000000000 ) ;
#1439 = EDGE_CURVE ( 'NONE', #1611, #1476, #1535, .T. ) ;
#1440 = DIRECTION ( 'NONE',  ( 0.000000000000000000, 0.000000000000000000, 1.000000000000000000 ) ) ;
#1441 = AXIS2_PLACEMENT_3D ( 'NONE', #1927, #438, #426 ) ;
#1442 = ORIENTED_EDGE ( 'NONE', *, *, #1765, .T. ) ;
#1443 = DIRECTION ( 'NONE',  ( 0.000000000000000000, 0.000000000000000000, 1.000000000000000000 ) ) ;
#1444 = DIRECTION ( 'NONE',  ( 0.000000000000000000, 0.000000000000000000, -1.000000000000000000 ) ) ;
#1445 = CIRCLE ( 'NONE', #2008, 2.250000000000000000 ) ;
#1446 = CARTESIAN_POINT ( 'NONE',  ( 4.837938458043933716E-14, 7.000000000000000000, 6.928203230275513214 ) ) ;
#1447 =( REPRESENTATION_RELATIONSHIP ('NONE','NONE', #1560, #945 ) REPRESENTATION_RELATIONSHIP_WITH_TRANSFORMATION ( #1206 )SHAPE_REPRESENTATION_RELATIONSHIP( ) );
#1448 = CIRCLE ( 'NONE', #504, 2.000000000000000000 ) ;
#1449 = APPROVAL_STATUS ( 'not_yet_approved' ) ;
#1450 = EDGE_LOOP ( 'NONE', ( #1653, #1998, #805, #1246, #897 ) ) ;
#1451 = LINE ( 'NONE', #2096, #2010 ) ;
#1452 = AXIS2_PLACEMENT_3D ( 'NONE', #98, #593, #1777 ) ;
#1453 = DATE_AND_TIME ( #1194, #1349 ) ;
#1454 = DIRECTION ( 'NONE',  ( 0.8660254037844345998, 0.000000000000000000, -0.5000000000000072164 ) ) ;
#1455 = CARTESIAN_POINT ( 'NONE',  ( 2.449293598294706414E-16, 0.000000000000000000, -2.000000000000000000 ) ) ;
#1456 = CC_DESIGN_APPROVAL ( #62, ( #586 ) ) ;
#1457 = EDGE_CURVE ( 'NONE', #2042, #123, #1451, .T. ) ;
#1458 = ORIENTED_EDGE ( 'NONE', *, *, #917, .F. ) ;
#1459 = DIRECTION ( 'NONE',  ( -0.000000000000000000, -1.000000000000000000, -0.000000000000000000 ) ) ;
#1460 = CARTESIAN_POINT ( 'NONE',  ( 0.000000000000000000, 3.000000000000000000, 0.000000000000000000 ) ) ;
#1461 = ORIENTED_EDGE ( 'NONE', *, *, #767, .T. ) ;
#1462 = APPROVAL_DATE_TIME ( #1956, #965 ) ;
#1463 = VERTEX_POINT ( 'NONE', #1931 ) ;
#1464 = LINE ( 'NONE', #2133, #1061 ) ;
#1465 = CARTESIAN_POINT ( 'NONE',  ( 2.449293598294706414E-16, 3.000000000000000000, -2.000000000000000000 ) ) ;
#1466 = ORIENTED_EDGE ( 'NONE', *, *, #292, .T. ) ;
#1467 = DIRECTION ( 'NONE',  ( 0.000000000000000000, -0.000000000000000000, 1.000000000000000000 ) ) ;
#1468 = CARTESIAN_POINT ( 'NONE',  ( 0.000000000000000000, 0.000000000000000000, 0.000000000000000000 ) ) ;
#1469 = EDGE_LOOP ( 'NONE', ( #830, #1957 ) ) ;
#1470 = ORIENTED_EDGE ( 'NONE', *, *, #2139, .F. ) ;
#1471 = CARTESIAN_POINT ( 'NONE',  ( 0.000000000000000000, -9.000000000000001776, 1.499999999999997780 ) ) ;
#1472 = LINE ( 'NONE', #1487, #1983 ) ;
#1473 = DIRECTION ( 'NONE',  ( -0.7071067811865469066, 0.7071067811865481278, 7.436077881698119652E-15 ) ) ;
#1474 = CONICAL_SURFACE ( 'NONE', #530, 2.499999999999998668, 0.7853981633974447263 ) ;
#1475 = UNCERTAINTY_MEASURE_WITH_UNIT (LENGTH_MEASURE( 1.000000000000000082E-05 ), #528, 'distance_accuracy_value', 'NONE');
#1476 = VERTEX_POINT ( 'NONE', #2088 ) ;
#1477 = CYLINDRICAL_SURFACE ( 'NONE', #1404, 2.000000000000000000 ) ;
#1478 = ADVANCED_FACE ( 'NONE', ( #746 ), #101, .T. ) ;
#1479 = DIRECTION ( 'NONE',  ( 0.000000000000000000, 1.000000000000000000, 0.000000000000000000 ) ) ;
#1480 = AXIS2_PLACEMENT_3D ( 'NONE', #270, #293, #445 ) ;
#1481 = PRODUCT_RELATED_PRODUCT_CATEGORY ( 'detail', '', ( #424 ) ) ;
#1482 = EDGE_CURVE ( 'NONE', #1815, #1145, #986, .T. ) ;
#1483 = VERTEX_POINT ( 'NONE', #1284 ) ;
#1484 = AXIS2_PLACEMENT_3D ( 'NONE', #596, #618, #1436 ) ;
#1485 = PLANE ( 'NONE',  #14 ) ;
#1486 = AXIS2_PLACEMENT_3D ( 'NONE', #394, #250, #41 ) ;
#1487 = CARTESIAN_POINT ( 'NONE',  ( -0.2499999999999986400, 3.000000000000000000, -6.495190528383291806 ) ) ;
#1488 = PLANE ( 'NONE',  #331 ) ;
#1489 = VECTOR ( 'NONE', #1638, 1000.000000000000000 ) ;
#1490 = DATE_AND_TIME ( #816, #1631 ) ;
#1491 = ORIENTED_EDGE ( 'NONE', *, *, #1141, .T. ) ;
#1492 = DIRECTION ( 'NONE',  ( 0.000000000000000000, 0.000000000000000000, 1.000000000000000000 ) ) ;
#1493 = FACE_OUTER_BOUND ( 'NONE', #1967, .T. ) ;
#1494 = CARTESIAN_POINT ( 'NONE',  ( 0.000000000000000000, 0.000000000000000000, 0.000000000000000000 ) ) ;
#1495 = ORIENTED_EDGE ( 'NONE', *, *, #2098, .T. ) ;
#1496 = DIRECTION ( 'NONE',  ( 0.000000000000000000, -0.000000000000000000, 1.000000000000000000 ) ) ;
#1497 = CARTESIAN_POINT ( 'NONE',  ( 6.000000000000034639, 10.00000000000000000, 3.464101615137700652 ) ) ;
#1498 = PERSON_AND_ORGANIZATION ( #991, #1554 ) ;
#1499 = EDGE_LOOP ( 'NONE', ( #1159, #35, #1860, #1517 ) ) ;
#1500 = DIRECTION ( 'NONE',  ( 0.000000000000000000, 0.000000000000000000, 1.000000000000000000 ) ) ;
#1501 = CARTESIAN_POINT ( 'NONE',  ( 0.000000000000000000, -9.000000000000001776, 0.000000000000000000 ) ) ;
#1502 = ORIENTED_EDGE ( 'NONE', *, *, #2086, .F. ) ;
#1503 = DIRECTION ( 'NONE',  ( 0.000000000000000000, 1.000000000000000000, 0.000000000000000000 ) ) ;
#1504 = CARTESIAN_POINT ( 'NONE',  ( 11.03078593625004800, 8.241834581496567225, 10.93634039680397763 ) ) ;
#1505 = EDGE_CURVE ( 'NONE', #969, #1529, #1234, .T. ) ;
#1506 = FACE_OUTER_BOUND ( 'NONE', #1450, .T. ) ;
#1507 = EDGE_CURVE ( 'NONE', #1679, #626, #1582, .T. ) ;
#1508 = ORIENTED_EDGE ( 'NONE', *, *, #822, .F. ) ;
#1509 = PLANE ( 'NONE',  #1725 ) ;
#1510 = CARTESIAN_POINT ( 'NONE',  ( 4.837938458043934978E-14, 3.000000000000000000, 6.928203230275514102 ) ) ;
#1511 = ORIENTED_EDGE ( 'NONE', *, *, #1507, .T. ) ;
#1512 = AXIS2_PLACEMENT_3D ( 'NONE', #371, #736, #1363 ) ;
#1513 = CARTESIAN_POINT ( 'NONE',  ( 1.836970198721027222E-16, -9.000000000000001776, -1.499999999999997780 ) ) ;
#1514 = VECTOR ( 'NONE', #268, 999.9999999999998863 ) ;
#1515 = DATE_AND_TIME ( #1151, #1419 ) ;
#1516 = CIRCLE ( 'NONE', #578, 2.000000000000000000 ) ;
#1517 = ORIENTED_EDGE ( 'NONE', *, *, #1699, .F. ) ;
#1518 = DIRECTION ( 'NONE',  ( -0.000000000000000000, 1.000000000000000000, -0.000000000000000000 ) ) ;
#1519 = PRODUCT_DEFINITION ( 'UNKNOWN', '', #229, #1833 ) ;
#1520 = EDGE_CURVE ( 'NONE', #600, #743, #190, .T. ) ;
#1521 = CC_DESIGN_APPROVAL ( #1317, ( #229 ) ) ;
#1522 = FACE_OUTER_BOUND ( 'NONE', #1340, .T. ) ;
#1523 = SECURITY_CLASSIFICATION ( '', '', #77 ) ;
#1524 = APPROVAL_PERSON_ORGANIZATION ( #1498, #1288, #2014 ) ;
#1525 = ORIENTED_EDGE ( 'NONE', *, *, #409, .T. ) ;
#1526 = PERSON_AND_ORGANIZATION ( #991, #1554 ) ;
#1527 = FACE_OUTER_BOUND ( 'NONE', #1081, .T. ) ;
#1528 = APPROVAL_STATUS ( 'not_yet_approved' ) ;
#1529 = VERTEX_POINT ( 'NONE', #1947 ) ;
#1530 = DIRECTION ( 'NONE',  ( 0.000000000000000000, 1.000000000000000000, 0.000000000000000000 ) ) ;
#1531 = FACE_OUTER_BOUND ( 'NONE', #1499, .T. ) ;
#1532 = EDGE_CURVE ( 'NONE', #626, #934, #79, .T. ) ;
#1533 = ORIENTED_EDGE ( 'NONE', *, *, #1614, .T. ) ;
#1534 = MECHANICAL_CONTEXT ( 'NONE', #285, 'mechanical' ) ;
#1535 = LINE ( 'NONE', #33, #13 ) ;
#1536 = DATE_AND_TIME ( #1890, #1097 ) ;
#1537 = ORIENTED_EDGE ( 'NONE', *, *, #112, .F. ) ;
#1538 = LINE ( 'NONE', #1374, #43 ) ;
#1539 = DIRECTION ( 'NONE',  ( 0.000000000000000000, 0.000000000000000000, 1.000000000000000000 ) ) ;
#1540 = CYLINDRICAL_SURFACE ( 'NONE', #1486, 4.500000000000000000 ) ;
#1541 = EDGE_CURVE ( 'NONE', #876, #901, #1238, .T. ) ;
#1542 = AXIS2_PLACEMENT_3D ( 'NONE', #131, #796, #1467 ) ;
#1543 = ORIENTED_EDGE ( 'NONE', *, *, #587, .F. ) ;
#1544 = CC_DESIGN_PERSON_AND_ORGANIZATION_ASSIGNMENT ( #604, #267, ( #1311 ) ) ;
#1545 = EDGE_CURVE ( 'NONE', #1715, #71, #926, .T. ) ;
#1546 = COORDINATED_UNIVERSAL_TIME_OFFSET ( 3, 0, .AHEAD. ) ;
#1547 = CARTESIAN_POINT ( 'NONE',  ( 0.000000000000000000, 9.499999999999996447, 2.000000000000000000 ) ) ;
#1548 = PERSON_AND_ORGANIZATION_ROLE ( 'classification_officer' ) ;
#1549 = ORIENTED_EDGE ( 'NONE', *, *, #2155, .F. ) ;
#1550 = CARTESIAN_POINT ( 'NONE',  ( -3.000000000000006217, 0.000000000000000000, -5.196152422706626695 ) ) ;
#1551 = AXIS2_PLACEMENT_3D ( 'NONE', #1468, #1962, #2137 ) ;
#1552 = CARTESIAN_POINT ( 'NONE',  ( 0.000000000000000000, 0.4999999999999995559, -6.928203230275514990 ) ) ;
#1553 = CARTESIAN_POINT ( 'NONE',  ( 0.000000000000000000, 2.499999999999996003, 2.000000000000000000 ) ) ;
#1554 = ORGANIZATION ( 'UNSPECIFIED', 'UNSPECIFIED', '' ) ;
#1555 = ORIENTED_EDGE ( 'NONE', *, *, #1982, .F. ) ;
#1556 = PRODUCT_DEFINITION_FORMATION_WITH_SPECIFIED_SOURCE ( 'ANY', '', #2065, .NOT_KNOWN. ) ;
#1557 = APPROVAL_STATUS ( 'not_yet_approved' ) ;
#1558 = ADVANCED_FACE ( 'NONE', ( #278 ), #257, .F. ) ;
#1559 = DIRECTION ( 'NONE',  ( 0.000000000000000000, 1.000000000000000000, 0.000000000000000000 ) ) ;
#1560 = SHAPE_REPRESENTATION ( '685631.123 стойка', ( #260, #1027, #1236, #881, #87 ), #1200 ) ;
#1561 = SECURITY_CLASSIFICATION_LEVEL ( 'unclassified' ) ;
#1562 = VERTEX_POINT ( 'NONE', #1740 ) ;
#1563 = CARTESIAN_POINT ( 'NONE',  ( 4.837938458043933716E-14, 10.00000000000000000, 6.928203230275513214 ) ) ;
#1564 = CARTESIAN_POINT ( 'NONE',  ( 3.469446951953614189E-14, 3.785714285714292249, 5.443588252359324642 ) ) ;
#1565 = LINE ( 'NONE', #550, #1905 ) ;
#1566 = ORIENTED_EDGE ( 'NONE', *, *, #1102, .F. ) ;
#1567 = PERSON ( 'NAUO-PER2', 'UNSPECIFIED', 'UNSPECIFIED', ('UNSPECIFIED'), ('UNSPECIFIED'), ('UNSPECIFIED') ) ;
#1568 = APPROVAL_STATUS ( 'not_yet_approved' ) ;
#1569 = CARTESIAN_POINT ( 'NONE',  ( 0.2500000000000465183, 3.000000000000000000, 6.495190528383291806 ) ) ;
#1570 = SHAPE_DEFINITION_REPRESENTATION ( #1242, #945 ) ;
#1571 = ADVANCED_FACE ( 'NONE', ( #577 ), #1913, .T. ) ;
#1572 = ADVANCED_BREP_SHAPE_REPRESENTATION ( '', ( #46, #1168 ), #2041 ) ;
#1573 = ORIENTED_EDGE ( 'NONE', *, *, #332, .T. ) ;
#1574 = LINE ( 'NONE', #231, #253 ) ;
#1575 = EDGE_CURVE ( 'NONE', #1839, #672, #537, .T. ) ;
#1576 = PLANE ( 'NONE',  #1969 ) ;
#1577 = FACE_OUTER_BOUND ( 'NONE', #1747, .T. ) ;
#1578 = PRODUCT ( '685631.123 стойка', '685631.123 стойка', '', ( #1534 ) ) ;
#1579 = VERTEX_POINT ( 'NONE', #1922 ) ;
#1580 = CIRCLE ( 'NONE', #634, 2.000000000000000000 ) ;
#1581 = DATE_AND_TIME ( #1716, #195 ) ;
#1582 = LINE ( 'NONE', #453, #294 ) ;
#1583 = DIRECTION ( 'NONE',  ( -0.8660254037844380415, 0.000000000000000000, 0.5000000000000011102 ) ) ;
#1584 = VECTOR ( 'NONE', #2000, 1000.000000000000000 ) ;
#1585 = AXIS2_PLACEMENT_3D ( 'NONE', #765, #2122, #93 ) ;
#1586 = ORIENTED_EDGE ( 'NONE', *, *, #2110, .F. ) ;
#1587 = DIRECTION ( 'NONE',  ( -0.000000000000000000, 1.000000000000000000, -0.000000000000000000 ) ) ;
#1588 = CC_DESIGN_PERSON_AND_ORGANIZATION_ASSIGNMENT ( #1641, #1143, ( #510 ) ) ;
#1589 = PLANE ( 'NONE',  #1802 ) ;
#1590 = ORIENTED_EDGE ( 'NONE', *, *, #1063, .F. ) ;
#1591 = VECTOR ( 'NONE', #941, 1000.000000000000114 ) ;
#1592 = AXIS2_PLACEMENT_3D ( 'NONE', #762, #1266, #132 ) ;
#1593 = COORDINATED_UNIVERSAL_TIME_OFFSET ( 3, 0, .AHEAD. ) ;
#1594 = DIRECTION ( 'NONE',  ( 0.8660254037844345998, 0.000000000000000000, -0.5000000000000072164 ) ) ;
#1595 = LOCAL_TIME ( 15, 10, 18.00000000000000000, #683 ) ;
#1596 = DIRECTION ( 'NONE',  ( -0.000000000000000000, -1.000000000000000000, -0.000000000000000000 ) ) ;
#1597 = VERTEX_POINT ( 'NONE', #236 ) ;
#1598 = DIRECTION ( 'NONE',  ( 0.000000000000000000, -1.000000000000000000, 0.000000000000000000 ) ) ;
#1599 = LINE ( 'NONE', #1121, #2116 ) ;
#1600 = EDGE_CURVE ( 'NONE', #415, #1235, #744, .T. ) ;
#1601 = EDGE_LOOP ( 'NONE', ( #1139, #495, #1887, #1621 ) ) ;
#1602 = EDGE_CURVE ( 'NONE', #58, #99, #1095, .T. ) ;
#1603 = PERSON_AND_ORGANIZATION_ROLE ( 'design_owner' ) ;
#1604 = DIRECTION ( 'NONE',  ( -0.8660254037844414832, 0.000000000000000000, -0.4999999999999951705 ) ) ;
#1605 =( NAMED_UNIT ( * ) PLANE_ANGLE_UNIT ( ) SI_UNIT ( $, .RADIAN. ) );
#1606 = LINE ( 'NONE', #1455, #2075 ) ;
#1607 = VERTEX_POINT ( 'NONE', #430 ) ;
#1608 = CYLINDRICAL_SURFACE ( 'NONE', #775, 2.000000000000000000 ) ;
#1609 = LINE ( 'NONE', #1789, #714 ) ;
#1610 = CARTESIAN_POINT ( 'NONE',  ( 6.000000000000034639, 10.00000000000000000, 3.464101615137700652 ) ) ;
#1611 = VERTEX_POINT ( 'NONE', #1083 ) ;
#1612 = DIRECTION ( 'NONE',  ( -0.6546536707079737560, -0.6546536707079765316, 0.3779644730092340810 ) ) ;
#1613 = PRODUCT_DEFINITION ( 'UNKNOWN', '', #1556, #1652 ) ;
#1614 = EDGE_CURVE ( 'NONE', #1715, #690, #2074, .T. ) ;
#1615 = VECTOR ( 'NONE', #202, 1000.000000000000114 ) ;
#1616 = LINE ( 'NONE', #1406, #875 ) ;
#1617 = VECTOR ( 'NONE', #296, 1000.000000000000000 ) ;
#1618 = VERTEX_POINT ( 'NONE', #1075 ) ;
#1619 = DIRECTION ( 'NONE',  ( 0.000000000000000000, 0.000000000000000000, 1.000000000000000000 ) ) ;
#1620 = CARTESIAN_POINT ( 'NONE',  ( 2.449293598294706414E-16, 3.000000000000000000, -2.000000000000000000 ) ) ;
#1621 = ORIENTED_EDGE ( 'NONE', *, *, #1911, .T. ) ;
#1622 = VECTOR ( 'NONE', #1041, 1000.000000000000000 ) ;
#1623 = VECTOR ( 'NONE', #1840, 1000.000000000000000 ) ;
#1624 = APPLICATION_PROTOCOL_DEFINITION ( 'international standard', 'config_control_design', 1994, #397 ) ;
#1625 = EDGE_LOOP ( 'NONE', ( #566, #501, #492, #2022 ) ) ;
#1626 = FACE_OUTER_BOUND ( 'NONE', #1043, .T. ) ;
#1627 = VECTOR ( 'NONE', #448, 1000.000000000000000 ) ;
#1628 = CARTESIAN_POINT ( 'NONE',  ( 0.000000000000000000, 0.000000000000000000, 0.000000000000000000 ) ) ;
#1629 = EDGE_CURVE ( 'NONE', #1463, #345, #256, .T. ) ;
#1630 = CYLINDRICAL_SURFACE ( 'NONE', #1407, 2.000000000000000000 ) ;
#1631 = LOCAL_TIME ( 15, 10, 18.00000000000000000, #1822 ) ;
#1632 = VERTEX_POINT ( 'NONE', #161 ) ;
#1633 = CARTESIAN_POINT ( 'NONE',  ( 5.999999999999962697, 7.000000000000000000, -3.464101615137826329 ) ) ;
#1634 = CARTESIAN_POINT ( 'NONE',  ( 0.000000000000000000, -9.000000000000001776, 0.000000000000000000 ) ) ;
#1635 = CARTESIAN_POINT ( 'NONE',  ( 0.000000000000000000, 0.5000000000000013323, -6.928203230275514990 ) ) ;
#1636 = ORIENTED_EDGE ( 'NONE', *, *, #1342, .F. ) ;
#1637 = LINE ( 'NONE', #171, #679 ) ;
#1638 = DIRECTION ( 'NONE',  ( -0.8660254037844414832, 0.000000000000000000, -0.4999999999999951705 ) ) ;
#1639 = CARTESIAN_POINT ( 'NONE',  ( 0.000000000000000000, 10.00000000000000000, -6.928203230275514102 ) ) ;
#1640 = ADVANCED_FACE ( 'NONE', ( #1818, #2153 ), #312, .T. ) ;
#1641 = PERSON_AND_ORGANIZATION ( #991, #1554 ) ;
#1642 = ORIENTED_EDGE ( 'NONE', *, *, #1809, .F. ) ;
#1643 = DIRECTION ( 'NONE',  ( -0.4999999999999950595, 0.000000000000000000, 0.8660254037844414832 ) ) ;
#1644 = EDGE_CURVE ( 'NONE', #302, #1715, #643, .T. ) ;
#1645 = ADVANCED_FACE ( 'NONE', ( #337 ), #322, .T. ) ;
#1646 = LINE ( 'NONE', #1955, #942 ) ;
#1647 = EDGE_LOOP ( 'NONE', ( #140, #658, #1126, #1373 ) ) ;
#1648 = LINE ( 'NONE', #998, #82 ) ;
#1649 = CARTESIAN_POINT ( 'NONE',  ( 4.714285714285696649, 3.785714285714274485, -2.721794126179733819 ) ) ;
#1650 = CIRCLE ( 'NONE', #702, 7.000000000000000000 ) ;
#1651 = CIRCLE ( 'NONE', #1832, 2.500000000000007550 ) ;
#1652 = DESIGN_CONTEXT ( 'detailed design', #758, 'design' ) ;
#1653 = ORIENTED_EDGE ( 'NONE', *, *, #1192, .F. ) ;
#1654 = DIRECTION ( 'NONE',  ( -0.8660254037844379305, 0.000000000000000000, 0.5000000000000011102 ) ) ;
#1655 = AXIS2_PLACEMENT_3D ( 'NONE', #2091, #592, #1254 ) ;
#1656 = CC_DESIGN_PERSON_AND_ORGANIZATION_ASSIGNMENT ( #2073, #1888, ( #599 ) ) ;
#1657 = ADVANCED_FACE ( 'NONE', ( #1127 ), #1485, .T. ) ;
#1658 = PLANE ( 'NONE',  #251 ) ;
#1659 = VECTOR ( 'NONE', #2056, 999.9999999999998863 ) ;
#1660 = ORIENTED_EDGE ( 'NONE', *, *, #797, .T. ) ;
#1661 = AXIS2_PLACEMENT_3D ( 'NONE', #716, #181, #1881 ) ;
#1662 = CARTESIAN_POINT ( 'NONE',  ( 5.999999999999963585, 2.499999999999996447, -3.464101615137826773 ) ) ;
#1663 = VECTOR ( 'NONE', #465, 1000.000000000000000 ) ;
#1664 =( NAMED_UNIT ( * ) SI_UNIT ( $, .STERADIAN. ) SOLID_ANGLE_UNIT ( ) );
#1665 = PLANE ( 'NONE',  #813 ) ;
#1666 = AXIS2_PLACEMENT_3D ( 'NONE', #1634, #1101, #2128 ) ;
#1667 = ORIENTED_EDGE ( 'NONE', *, *, #1965, .T. ) ;
#1668 = DIRECTION ( 'NONE',  ( 0.8660254037844379305, 0.000000000000000000, -0.5000000000000011102 ) ) ;
#1669 = DIRECTION ( 'NONE',  ( 0.000000000000000000, -0.000000000000000000, 1.000000000000000000 ) ) ;
#1670 = EDGE_CURVE ( 'NONE', #396, #833, #825, .T. ) ;
#1671 = ORIENTED_EDGE ( 'NONE', *, *, #1413, .F. ) ;
#1672 = DIRECTION ( 'NONE',  ( 3.255014963930502918E-15, 0.000000000000000000, 1.000000000000000000 ) ) ;
#1673 = EDGE_CURVE ( 'NONE', #52, #1213, #1637, .T. ) ;
#1674 = DIRECTION ( 'NONE',  ( -0.9999910882656982691, -1.235990476633475055E-16, -0.004221775596235503338 ) ) ;
#1675 = CARTESIAN_POINT ( 'NONE',  ( 6.000000000000036415, 3.000000000000000000, 3.464101615137701096 ) ) ;
#1676 = EDGE_LOOP ( 'NONE', ( #1068, #271, #538, #2132, #1573, #1920, #687 ) ) ;
#1677 = CYLINDRICAL_SURFACE ( 'NONE', #1262, 2.000000000000000000 ) ;
#1678 = CYLINDRICAL_SURFACE ( 'NONE', #1158, 2.250000000000000000 ) ;
#1679 = VERTEX_POINT ( 'NONE', #1662 ) ;
#1680 = DIRECTION ( 'NONE',  ( 0.004221775596235497266, 5.551115123125782702E-17, -0.9999910882656980471 ) ) ;
#1681 = APPROVAL ( #925, 'UNSPECIFIED' ) ;
#1682 = DIRECTION ( 'NONE',  ( -0.000000000000000000, -1.000000000000000000, -0.000000000000000000 ) ) ;
#1683 = APPROVAL_ROLE ( '' ) ;
#1684 = ORIENTED_EDGE ( 'NONE', *, *, #948, .T. ) ;
#1685 = PLANE ( 'NONE',  #393 ) ;
#1686 = CONICAL_SURFACE ( 'NONE', #705, 1.499999999999997780, 0.7853981633974447263 ) ;
#1687 = DIRECTION ( 'NONE',  ( -1.051620219116008581E-14, 0.000000000000000000, -1.000000000000000000 ) ) ;
#1688 = CONICAL_SURFACE ( 'NONE', #944, 2.000000000000000000, 0.7853981633974533860 ) ;
#1689 = ORIENTED_EDGE ( 'NONE', *, *, #2155, .T. ) ;
#1690 = AXIS2_PLACEMENT_3D ( 'NONE', #2099, #1596, #95 ) ;
#1691 = CIRCLE ( 'NONE', #605, 4.500000000000000000 ) ;
#1692 = DIRECTION ( 'NONE',  ( 0.8660254037844414832, 0.000000000000000000, 0.4999999999999951705 ) ) ;
#1693 = VECTOR ( 'NONE', #1065, 1000.000000000000227 ) ;
#1694 = SECURITY_CLASSIFICATION_LEVEL ( 'unclassified' ) ;
#1695 = EDGE_CURVE ( 'NONE', #685, #617, #812, .T. ) ;
#1696 = ORIENTED_EDGE ( 'NONE', *, *, #1670, .F. ) ;
#1697 = FACE_OUTER_BOUND ( 'NONE', #2152, .T. ) ;
#1698 = LOCAL_TIME ( 15, 10, 18.00000000000000000, #732 ) ;
#1699 = EDGE_CURVE ( 'NONE', #833, #58, #1648, .T. ) ;
#1700 = VERTEX_POINT ( 'NONE', #834 ) ;
#1701 = CARTESIAN_POINT ( 'NONE',  ( 0.000000000000000000, 2.200000000000000178, 0.000000000000000000 ) ) ;
#1702 = CC_DESIGN_SECURITY_CLASSIFICATION ( #1811, ( #2169 ) ) ;
#1703 = APPLICATION_CONTEXT ( 'configuration controlled 3d designs of mechanical parts and assemblies' ) ;
#1704 = ORIENTED_EDGE ( 'NONE', *, *, #977, .F. ) ;
#1705 = DIRECTION ( 'NONE',  ( 0.000000000000000000, 0.000000000000000000, 1.000000000000000000 ) ) ;
#1706 = CARTESIAN_POINT ( 'NONE',  ( 0.000000000000000000, 2.499999999999996003, 0.000000000000000000 ) ) ;
#1707 = DATE_AND_TIME ( #1361, #479 ) ;
#1708 = ORIENTED_EDGE ( 'NONE', *, *, #477, .T. ) ;
#1709 = DIRECTION ( 'NONE',  ( 0.000000000000000000, 0.000000000000000000, 1.000000000000000000 ) ) ;
#1710 = EDGE_CURVE ( 'NONE', #1476, #1863, #1093, .T. ) ;
#1711 = LINE ( 'NONE', #1564, #1052 ) ;
#1712 = CC_DESIGN_PERSON_AND_ORGANIZATION_ASSIGNMENT ( #642, #468, ( #1909 ) ) ;
#1713 = LINE ( 'NONE', #1172, #259 ) ;
#1714 = EDGE_CURVE ( 'NONE', #860, #133, #1806, .T. ) ;
#1715 = VERTEX_POINT ( 'NONE', #478 ) ;
#1716 = CALENDAR_DATE ( 2026, 12, 1 ) ;
#1717 = DIRECTION ( 'NONE',  ( 0.000000000000000000, 0.000000000000000000, 1.000000000000000000 ) ) ;
#1718 = SECURITY_CLASSIFICATION_LEVEL ( 'unclassified' ) ;
#1719 = EDGE_LOOP ( 'NONE', ( #873, #1636 ) ) ;
#1720 = CARTESIAN_POINT ( 'NONE',  ( -5.500000000000008882, 3.000000000000000000, -3.175426480542929308 ) ) ;
#1721 = CARTESIAN_POINT ( 'NONE',  ( -5.999999999999989342, 2.499999999999995559, 3.464101615137784584 ) ) ;
#1722 = DIRECTION ( 'NONE',  ( 1.051620219116008581E-14, 0.000000000000000000, 1.000000000000000000 ) ) ;
#1723 = AXIS2_PLACEMENT_3D ( 'NONE', #364, #1479, #20 ) ;
#1724 = ORIENTED_EDGE ( 'NONE', *, *, #858, .T. ) ;
#1725 = AXIS2_PLACEMENT_3D ( 'NONE', #176, #673, #141 ) ;
#1726 = APPROVAL_ROLE ( '' ) ;
#1727 = VECTOR ( 'NONE', #36, 1000.000000000000000 ) ;
#1728 = DIRECTION ( 'NONE',  ( 2.349899218380886190E-15, 0.6546536707079787520, 0.7559289460184529519 ) ) ;
#1729 = AXIS2_PLACEMENT_3D ( 'NONE', #414, #581, #1109 ) ;
#1730 = APPROVAL_DATE_TIME ( #1536, #128 ) ;
#1731 = ORIENTED_EDGE ( 'NONE', *, *, #1520, .F. ) ;
#1732 = LINE ( 'NONE', #423, #255 ) ;
#1733 = FACE_OUTER_BOUND ( 'NONE', #1676, .T. ) ;
#1734 = FACE_BOUND ( 'NONE', #1986, .T. ) ;
#1735 = CIRCLE ( 'NONE', #680, 4.000000000000000000 ) ;
#1736 = VERTEX_POINT ( 'NONE', #1315 ) ;
#1737 = ADVANCED_FACE ( 'NONE', ( #1990 ), #1140, .F. ) ;
#1738 = CC_DESIGN_APPROVAL ( #1681, ( #1556 ) ) ;
#1739 = PERSON_AND_ORGANIZATION_ROLE ( 'creator' ) ;
#1740 = CARTESIAN_POINT ( 'NONE',  ( 0.000000000000000000, 3.000000000000000000, 2.500000000000007550 ) ) ;
#1741 = EDGE_CURVE ( 'NONE', #1078, #1815, #1160, .T. ) ;
#1742 = CALENDAR_DATE ( 2026, 12, 1 ) ;
#1743 = ORIENTED_EDGE ( 'NONE', *, *, #827, .F. ) ;
#1744 = DIRECTION ( 'NONE',  ( -0.000000000000000000, -1.000000000000000000, -0.000000000000000000 ) ) ;
#1745 = LINE ( 'NONE', #1721, #843 ) ;
#1746 = PLANE ( 'NONE',  #298 ) ;
#1747 = EDGE_LOOP ( 'NONE', ( #886, #956 ) ) ;
#1748 = PERSON_AND_ORGANIZATION ( #991, #1554 ) ;
#1749 = DIRECTION ( 'NONE',  ( 1.051620219116008581E-14, 0.000000000000000000, 1.000000000000000000 ) ) ;
#1750 = CC_DESIGN_PERSON_AND_ORGANIZATION_ASSIGNMENT ( #59, #723, ( #1416 ) ) ;
#1751 = ADVANCED_FACE ( 'NONE', ( #1333, #1626 ), #2011, .T. ) ;
#1752 = FACE_OUTER_BOUND ( 'NONE', #1775, .T. ) ;
#1753 = VERTEX_POINT ( 'NONE', #949 ) ;
#1754 = ADVANCED_BREP_SHAPE_REPRESENTATION ( '', ( #772, #1168 ), #1133 ) ;
#1755 = DIRECTION ( 'NONE',  ( -0.000000000000000000, -1.000000000000000000, -0.000000000000000000 ) ) ;
#1756 = DIRECTION ( 'NONE',  ( 1.000000000000000000, 0.000000000000000000, -3.255014963930502918E-15 ) ) ;
#1757 = VERTEX_POINT ( 'NONE', #792 ) ;
#1758 = PERSON_AND_ORGANIZATION ( #991, #1554 ) ;
#1759 = DIRECTION ( 'NONE',  ( 8.659560562354902043E-17, -0.7071067811865500152, 0.7071067811865450192 ) ) ;
#1760 = LINE ( 'NONE', #905, #1091 ) ;
#1761 = AXIS2_PLACEMENT_3D ( 'NONE', #148, #326, #1008 ) ;
#1762 = ORIENTED_EDGE ( 'NONE', *, *, #347, .T. ) ;
#1763 = LINE ( 'NONE', #1776, #906 ) ;
#1764 = CARTESIAN_POINT ( 'NONE',  ( 0.000000000000000000, -9.000000000000001776, 0.000000000000000000 ) ) ;
#1765 = EDGE_CURVE ( 'NONE', #1579, #1463, #1464, .T. ) ;
#1766 = AXIS2_PLACEMENT_3D ( 'NONE', #2068, #741, #209 ) ;
#1767 = CARTESIAN_POINT ( 'NONE',  ( -5.999999999999987566, 10.00000000000000000, 3.464101615137783252 ) ) ;
#1768 = APPROVAL_DATE_TIME ( #310, #356 ) ;
#1769 = CARTESIAN_POINT ( 'NONE',  ( 0.000000000000000000, 3.000000000000000000, 0.000000000000000000 ) ) ;
#1770 = CC_DESIGN_SECURITY_CLASSIFICATION ( #543, ( #2170 ) ) ;
#1771 = SECURITY_CLASSIFICATION ( '', '', #1694 ) ;
#1772 = CARTESIAN_POINT ( 'NONE',  ( 5.999999999999962697, 7.000000000000000000, -3.464101615137825885 ) ) ;
#1773 = CARTESIAN_POINT ( 'NONE',  ( 0.000000000000000000, 2.200000000000000178, 0.000000000000000000 ) ) ;
#1774 = PRODUCT_DEFINITION_SHAPE ( 'NONE', 'NONE',  #2169 ) ;
#1775 = EDGE_LOOP ( 'NONE', ( #1036, #2, #1466, #1049, #2080, #1098 ) ) ;
#1776 = CARTESIAN_POINT ( 'NONE',  ( -6.000000000000012434, 3.000000000000000000, -3.464101615137743728 ) ) ;
#1777 = DIRECTION ( 'NONE',  ( 0.000000000000000000, -0.000000000000000000, 1.000000000000000000 ) ) ;
#1778 = CC_DESIGN_DATE_AND_TIME_ASSIGNMENT ( #790, #1781, ( #1523 ) ) ;
#1779 = EDGE_CURVE ( 'NONE', #345, #860, #1293, .T. ) ;
#1780 = ORIENTED_EDGE ( 'NONE', *, *, #896, .T. ) ;
#1781 = DATE_TIME_ROLE ( 'classification_date' ) ;
#1782 = ORIENTED_EDGE ( 'NONE', *, *, #2094, .F. ) ;
#1783 = DIRECTION ( 'NONE',  ( 0.000000000000000000, 0.000000000000000000, 1.000000000000000000 ) ) ;
#1784 = CALENDAR_DATE ( 2026, 12, 1 ) ;
#1785 =( NAMED_UNIT ( * ) SI_UNIT ( $, .STERADIAN. ) SOLID_ANGLE_UNIT ( ) );
#1786 = LINE ( 'NONE', #749, #674 ) ;
#1787 = ORIENTED_EDGE ( 'NONE', *, *, #531, .F. ) ;
#1788 = DIRECTION ( 'NONE',  ( -1.039100930793199338E-14, 0.000000000000000000, -1.000000000000000000 ) ) ;
#1789 = CARTESIAN_POINT ( 'NONE',  ( 2.755455298081544285E-16, 0.000000000000000000, -2.250000000000000000 ) ) ;
#1790 = EDGE_LOOP ( 'NONE', ( #971, #73, #1124, #924 ) ) ;
#1791 = SECURITY_CLASSIFICATION_LEVEL ( 'unclassified' ) ;
#1792 = ORIENTED_EDGE ( 'NONE', *, *, #1858, .F. ) ;
#1793 = DIRECTION ( 'NONE',  ( 0.000000000000000000, 1.000000000000000000, 0.000000000000000000 ) ) ;
#1794 = AXIS2_PLACEMENT_3D ( 'NONE', #333, #505, #2007 ) ;
#1795 = DIRECTION ( 'NONE',  ( 0.000000000000000000, 0.000000000000000000, 1.000000000000000000 ) ) ;
#1796 = CIRCLE ( 'NONE', #1655, 2.499999999999998668 ) ;
#1797 = ORIENTED_EDGE ( 'NONE', *, *, #1439, .F. ) ;
#1798 = CARTESIAN_POINT ( 'NONE',  ( 6.000000000000034639, 0.000000000000000000, 3.464101615137700652 ) ) ;
#1799 = AXIS2_PLACEMENT_3D ( 'NONE', #1773, #1959, #279 ) ;
#1800 = CARTESIAN_POINT ( 'NONE',  ( 0.000000000000000000, 2.499999999999996003, 2.000000000000000000 ) ) ;
#1801 = AXIS2_PLACEMENT_3D ( 'NONE', #2029, #1901, #1692 ) ;
#1802 = AXIS2_PLACEMENT_3D ( 'NONE', #1886, #1756, #2058 ) ;
#1803 = APPROVAL_DATE_TIME ( #1094, #1681 ) ;
#1804 = ORIENTED_EDGE ( 'NONE', *, *, #967, .F. ) ;
#1805 = EDGE_CURVE ( 'NONE', #17, #1268, #1713, .T. ) ;
#1806 = LINE ( 'NONE', #973, #156 ) ;
#1807 = CC_DESIGN_APPROVAL ( #1910, ( #1416 ) ) ;
#1808 = CC_DESIGN_APPROVAL ( #965, ( #1613 ) ) ;
#1809 = EDGE_CURVE ( 'NONE', #626, #345, #1565, .T. ) ;
#1810 = LINE ( 'NONE', #1294, #398 ) ;
#1811 = SECURITY_CLASSIFICATION ( '', '', #1718 ) ;
#1812 = UNCERTAINTY_MEASURE_WITH_UNIT (LENGTH_MEASURE( 1.000000000000000082E-05 ), #2123, 'distance_accuracy_value', 'NONE');
#1813 = EDGE_LOOP ( 'NONE', ( #241, #824, #1827 ) ) ;
#1814 = PLANE ( 'NONE',  #8 ) ;
#1815 = VERTEX_POINT ( 'NONE', #1221 ) ;
#1816 = APPROVAL_ROLE ( '' ) ;
#1817 = ORIENTED_EDGE ( 'NONE', *, *, #477, .F. ) ;
#1818 = FACE_BOUND ( 'NONE', #1719, .T. ) ;
#1819 =( REPRESENTATION_RELATIONSHIP ('NONE','NONE', #1560, #817 ) REPRESENTATION_RELATIONSHIP_WITH_TRANSFORMATION ( #1859 )SHAPE_REPRESENTATION_RELATIONSHIP( ) );
#1820 = CARTESIAN_POINT ( 'NONE',  ( 4.837938458043933716E-14, 7.000000000000000000, 6.928203230275513214 ) ) ;
#1821 = DIRECTION ( 'NONE',  ( 1.051620219116008581E-14, 0.000000000000000000, 1.000000000000000000 ) ) ;
#1822 = COORDINATED_UNIVERSAL_TIME_OFFSET ( 3, 0, .AHEAD. ) ;
#1823 = EDGE_CURVE ( 'NONE', #901, #860, #572, .T. ) ;
#1824 = ORIENTED_EDGE ( 'NONE', *, *, #89, .F. ) ;
#1825 = CARTESIAN_POINT ( 'NONE',  ( 0.000000000000000000, -9.000000000000001776, 0.000000000000000000 ) ) ;
#1826 = DIRECTION ( 'NONE',  ( 0.000000000000000000, 1.000000000000000000, 0.000000000000000000 ) ) ;
#1827 = ORIENTED_EDGE ( 'NONE', *, *, #1035, .F. ) ;
#1828 = CARTESIAN_POINT ( 'NONE',  ( -5.750000000000009770, 3.000000000000000000, -3.031088913245522320 ) ) ;
#1829 = COORDINATED_UNIVERSAL_TIME_OFFSET ( 3, 0, .AHEAD. ) ;
#1830 = DIRECTION ( 'NONE',  ( -1.000000000000000000, 0.000000000000000000, 1.051620219116008581E-14 ) ) ;
#1831 = COORDINATED_UNIVERSAL_TIME_OFFSET ( 3, 0, .AHEAD. ) ;
#1832 = AXIS2_PLACEMENT_3D ( 'NONE', #1099, #1459, #918 ) ;
#1833 = DESIGN_CONTEXT ( 'detailed design', #1703, 'design' ) ;
#1834 = VERTEX_POINT ( 'NONE', #222 ) ;
#1835 = CARTESIAN_POINT ( 'NONE',  ( 0.000000000000000000, 0.000000000000000000, 0.000000000000000000 ) ) ;
#1836 = LINE ( 'NONE', #1510, #182 ) ;
#1837 = EDGE_CURVE ( 'NONE', #71, #1562, #1212, .T. ) ;
#1838 = CIRCLE ( 'NONE', #1799, 7.000000000000000000 ) ;
#1839 = VERTEX_POINT ( 'NONE', #1919 ) ;
#1840 = DIRECTION ( 'NONE',  ( -0.000000000000000000, -1.000000000000000000, -0.000000000000000000 ) ) ;
#1841 = AXIS2_PLACEMENT_3D ( 'NONE', #1764, #2102, #1444 ) ;
#1842 = CARTESIAN_POINT ( 'NONE',  ( 0.000000000000000000, 0.7000000000000000666, 0.000000000000000000 ) ) ;
#1843 = CC_DESIGN_APPROVAL ( #383, ( #1519 ) ) ;
#1844 = ORIENTED_EDGE ( 'NONE', *, *, #2125, .T. ) ;
#1845 = CARTESIAN_POINT ( 'NONE',  ( 5.999999999999963585, 3.000000000000000000, -3.464101615137826773 ) ) ;
#1846 = DIRECTION ( 'NONE',  ( -0.000000000000000000, -1.000000000000000000, -0.000000000000000000 ) ) ;
#1847 = CC_DESIGN_PERSON_AND_ORGANIZATION_ASSIGNMENT ( #1173, #2166, ( #1519 ) ) ;
#1848 = ORIENTED_EDGE ( 'NONE', *, *, #1250, .F. ) ;
#1849 = FACE_BOUND ( 'NONE', #408, .T. ) ;
#1850 = LINE ( 'NONE', #173, #1584 ) ;
#1851 = PERSON_AND_ORGANIZATION_ROLE ( 'creator' ) ;
#1852 = ORIENTED_EDGE ( 'NONE', *, *, #1629, .T. ) ;
#1853 = DIRECTION ( 'NONE',  ( 0.000000000000000000, 1.000000000000000000, 0.000000000000000000 ) ) ;
#1854 = CARTESIAN_POINT ( 'NONE',  ( 0.000000000000000000, 10.00000000000000000, 0.000000000000000000 ) ) ;
#1855 = EDGE_LOOP ( 'NONE', ( #1782, #483, #2002, #145 ) ) ;
#1856 = ADVANCED_FACE ( 'NONE', ( #1734, #1577 ), #67, .T. ) ;
#1857 = DIRECTION ( 'NONE',  ( 0.000000000000000000, -1.000000000000000000, 0.000000000000000000 ) ) ;
#1858 = EDGE_CURVE ( 'NONE', #178, #150, #75, .T. ) ;
#1859 = ITEM_DEFINED_TRANSFORMATION ( 'NONE', 'NONE', #87,  #1168 ) ;
#1860 = ORIENTED_EDGE ( 'NONE', *, *, #782, .F. ) ;
#1861 = DIRECTION ( 'NONE',  ( 0.000000000000000000, 0.000000000000000000, 1.000000000000000000 ) ) ;
#1862 = AXIS2_PLACEMENT_3D ( 'NONE', #1004, #841, #2017 ) ;
#1863 = VERTEX_POINT ( 'NONE', #1398 ) ;
#1864 = DIRECTION ( 'NONE',  ( 0.000000000000000000, -0.000000000000000000, 1.000000000000000000 ) ) ;
#1865 = CIRCLE ( 'NONE', #1441, 4.000000000000000000 ) ;
#1866 = EDGE_LOOP ( 'NONE', ( #559, #1908, #365, #2077, #363, #184 ) ) ;
#1867 = AXIS2_PLACEMENT_3D ( 'NONE', #1675, #1830, #1821 ) ;
#1868 = AXIS2_PLACEMENT_3D ( 'NONE', #606, #1272, #1958 ) ;
#1869 = CARTESIAN_POINT ( 'NONE',  ( 0.000000000000000000, 0.000000000000000000, 0.000000000000000000 ) ) ;
#1870 = ADVANCED_FACE ( 'NONE', ( #1849, #509 ), #900, .T. ) ;
#1871 = CARTESIAN_POINT ( 'NONE',  ( 0.000000000000000000, 7.000000000000000000, 0.000000000000000000 ) ) ;
#1872 = COORDINATED_UNIVERSAL_TIME_OFFSET ( 3, 0, .AHEAD. ) ;
#1873 = CC_DESIGN_DATE_AND_TIME_ASSIGNMENT ( #1515, #671, ( #586 ) ) ;
#1874 = EDGE_CURVE ( 'NONE', #778, #1757, #1233, .T. ) ;
#1875 = ORIENTED_EDGE ( 'NONE', *, *, #545, .F. ) ;
#1876 = DIRECTION ( 'NONE',  ( 1.051620219116008581E-14, -0.000000000000000000, 1.000000000000000000 ) ) ;
#1877 = CARTESIAN_POINT ( 'NONE',  ( 2.749999999999984013, 3.000000000000000000, -4.763139720814447919 ) ) ;
#1878 = LOCAL_TIME ( 15, 10, 18.00000000000000000, #1882 ) ;
#1879 = ORIENTED_EDGE ( 'NONE', *, *, #1575, .F. ) ;
#1880 = APPROVAL_DATE_TIME ( #2060, #2067 ) ;
#1881 = DIRECTION ( 'NONE',  ( 0.000000000000000000, 0.000000000000000000, -1.000000000000000000 ) ) ;
#1882 = COORDINATED_UNIVERSAL_TIME_OFFSET ( 3, 0, .AHEAD. ) ;
#1883 = ORIENTED_EDGE ( 'NONE', *, *, #635, .T. ) ;
#1884 = CARTESIAN_POINT ( 'NONE',  ( 0.000000000000000000, 7.000000000000000000, -6.928203230275514102 ) ) ;
#1885 = CARTESIAN_POINT ( 'NONE',  ( 2.449293598294706414E-16, 0.5000000000000023315, -2.000000000000000000 ) ) ;
#1886 = CARTESIAN_POINT ( 'NONE',  ( -6.000000000000012434, 3.000000000000000000, -3.464101615137743728 ) ) ;
#1887 = ORIENTED_EDGE ( 'NONE', *, *, #412, .T. ) ;
#1888 = PERSON_AND_ORGANIZATION_ROLE ( 'design_owner' ) ;
#1889 = DIRECTION ( 'NONE',  ( 0.000000000000000000, 1.000000000000000000, 0.000000000000000000 ) ) ;
#1890 = CALENDAR_DATE ( 2026, 12, 1 ) ;
#1891 = ORIENTED_EDGE ( 'NONE', *, *, #545, .T. ) ;
#1892 = DIRECTION ( 'NONE',  ( -0.5000000000000072164, 0.000000000000000000, -0.8660254037844345998 ) ) ;
#1893 = EDGE_CURVE ( 'NONE', #1839, #1632, #1907, .T. ) ;
#1894 = PLANE ( 'NONE',  #568 ) ;
#1895 = DIRECTION ( 'NONE',  ( 0.000000000000000000, 0.000000000000000000, 1.000000000000000000 ) ) ;
#1896 = CONICAL_SURFACE ( 'NONE', #359, 2.000000000000000000, 0.7853981633974517207 ) ;
#1897 = ADVANCED_FACE ( 'NONE', ( #2082 ), #1746, .F. ) ;
#1898 = ORIENTED_EDGE ( 'NONE', *, *, #1180, .F. ) ;
#1899 = AXIS2_PLACEMENT_3D ( 'NONE', #665, #1135, #1654 ) ;
#1900 = CALENDAR_DATE ( 2026, 12, 1 ) ;
#1901 = DIRECTION ( 'NONE',  ( -0.4999999999999951705, 0.000000000000000000, 0.8660254037844414832 ) ) ;
#1902 = ITEM_DEFINED_TRANSFORMATION ( 'NONE', 'NONE', #1236,  #1168 ) ;
#1903 = EDGE_LOOP ( 'NONE', ( #1926, #585, #1387 ) ) ;
#1904 = DIRECTION ( 'NONE',  ( 3.380207847158600080E-15, 0.000000000000000000, 1.000000000000000000 ) ) ;
#1905 = VECTOR ( 'NONE', #721, 1000.000000000000000 ) ;
#1906 = LINE ( 'NONE', #729, #979 ) ;
#1907 = LINE ( 'NONE', #1390, #1942 ) ;
#1908 = ORIENTED_EDGE ( 'NONE', *, *, #917, .T. ) ;
#1909 = PRODUCT_DEFINITION_FORMATION_WITH_SPECIFIED_SOURCE ( 'ANY', '', #424, .NOT_KNOWN. ) ;
#1910 = APPROVAL ( #2037, 'UNSPECIFIED' ) ;
#1911 = EDGE_CURVE ( 'NONE', #1263, #1618, #1516, .T. ) ;
#1912 = APPROVAL_ROLE ( '' ) ;
#1913 = CYLINDRICAL_SURFACE ( 'NONE', #1412, 4.000000000000000000 ) ;
#1914 = PERSON_AND_ORGANIZATION ( #1383, #1205 ) ;
#1915 = ORIENTED_EDGE ( 'NONE', *, *, #1457, .F. ) ;
#1916 = DIRECTION ( 'NONE',  ( -0.8660254037844344888, 0.000000000000000000, 0.5000000000000071054 ) ) ;
#1917 = EDGE_LOOP ( 'NONE', ( #932, #360 ) ) ;
#1918 = PLANE ( 'NONE',  #109 ) ;
#1919 = CARTESIAN_POINT ( 'NONE',  ( 0.000000000000000000, 2.200000000000000178, -7.000000000000000000 ) ) ;
#1920 = ORIENTED_EDGE ( 'NONE', *, *, #1520, .T. ) ;
#1921 = PERSON_AND_ORGANIZATION ( #991, #1554 ) ;
#1922 = CARTESIAN_POINT ( 'NONE',  ( -5.999999999999989342, 0.5000000000000004441, 3.464101615137784584 ) ) ;
#1923 = APPLICATION_CONTEXT ( 'configuration controlled 3d designs of mechanical parts and assemblies' ) ;
#1924 = ADVANCED_FACE ( 'NONE', ( #1080 ), #1589, .F. ) ;
#1925 = DIRECTION ( 'NONE',  ( -0.000000000000000000, 1.000000000000000000, -0.000000000000000000 ) ) ;
#1926 = ORIENTED_EDGE ( 'NONE', *, *, #332, .F. ) ;
#1927 = CARTESIAN_POINT ( 'NONE',  ( 0.000000000000000000, 0.6999999999999999556, 0.000000000000000000 ) ) ;
#1928 = DIRECTION ( 'NONE',  ( 0.000000000000000000, 1.000000000000000000, 0.000000000000000000 ) ) ;
#1929 = LINE ( 'NONE', #1610, #108 ) ;
#1930 = VECTOR ( 'NONE', #646, 1000.000000000000000 ) ;
#1931 = CARTESIAN_POINT ( 'NONE',  ( 4.837938458043934978E-14, 0.5000000000000013323, 6.928203230275514102 ) ) ;
#1932 = CIRCLE ( 'NONE', #499, 2.499999999999998668 ) ;
#1933 = ADVANCED_FACE ( 'NONE', ( #384 ), #1540, .T. ) ;
#1934 = FACE_BOUND ( 'NONE', #471, .T. ) ;
#1935 = AXIS2_PLACEMENT_3D ( 'NONE', #2012, #511, #1174 ) ;
#1936 = ADVANCED_FACE ( 'NONE', ( #1047 ), #86, .F. ) ;
#1937 = EDGE_CURVE ( 'NONE', #620, #1611, #2047, .T. ) ;
#1938 = VECTOR ( 'NONE', #564, 1000.000000000000000 ) ;
#1939 = ORIENTED_EDGE ( 'NONE', *, *, #623, .F. ) ;
#1940 = CARTESIAN_POINT ( 'NONE',  ( 0.000000000000000000, -8.499999999999994671, 2.000000000000000000 ) ) ;
#1941 = CARTESIAN_POINT ( 'NONE',  ( -6.000000000000011546, 0.000000000000000000, -3.464101615137742840 ) ) ;
#1942 = VECTOR ( 'NONE', #407, 1000.000000000000000 ) ;
#1943 = ORIENTED_EDGE ( 'NONE', *, *, #1222, .F. ) ;
#1944 = AXIS2_PLACEMENT_3D ( 'NONE', #1869, #1181, #355 ) ;
#1945 = LOCAL_TIME ( 15, 10, 18.00000000000000000, #1082 ) ;
#1946 = APPROVAL_STATUS ( 'not_yet_approved' ) ;
#1947 = CARTESIAN_POINT ( 'NONE',  ( 7.347880794884120722E-16, -0.5000000000000000000, -6.000000000000000888 ) ) ;
#1948 = EDGE_CURVE ( 'NONE', #123, #712, #137, .T. ) ;
#1949 =( NAMED_UNIT ( * ) SI_UNIT ( $, .STERADIAN. ) SOLID_ANGLE_UNIT ( ) );
#1950 = DIRECTION ( 'NONE',  ( 0.000000000000000000, 0.000000000000000000, 1.000000000000000000 ) ) ;
#1951 = ORIENTED_EDGE ( 'NONE', *, *, #172, .F. ) ;
#1952 = DIRECTION ( 'NONE',  ( 0.000000000000000000, 0.000000000000000000, 1.000000000000000000 ) ) ;
#1953 = CARTESIAN_POINT ( 'NONE',  ( 6.000000000000034639, 0.000000000000000000, 3.464101615137700652 ) ) ;
#1954 = ADVANCED_FACE ( 'NONE', ( #427 ), #334, .F. ) ;
#1955 = CARTESIAN_POINT ( 'NONE',  ( 0.000000000000000000, 0.6999999999999999556, -4.000000000000000000 ) ) ;
#1956 = DATE_AND_TIME ( #1978, #2119 ) ;
#1957 = ORIENTED_EDGE ( 'NONE', *, *, #2028, .T. ) ;
#1958 = DIRECTION ( 'NONE',  ( 0.000000000000000000, 0.000000000000000000, -1.000000000000000000 ) ) ;
#1959 = DIRECTION ( 'NONE',  ( 0.000000000000000000, 1.000000000000000000, 0.000000000000000000 ) ) ;
#1960 = EDGE_LOOP ( 'NONE', ( #916, #450 ) ) ;
#1961 = CARTESIAN_POINT ( 'NONE',  ( 0.000000000000000000, 2.499999999999996003, 0.000000000000000000 ) ) ;
#1962 = DIRECTION ( 'NONE',  ( -0.000000000000000000, -1.000000000000000000, -0.000000000000000000 ) ) ;
#1963 = EDGE_CURVE ( 'NONE', #868, #1863, #1090, .T. ) ;
#1964 = CARTESIAN_POINT ( 'NONE',  ( -5.499999999999988454, 3.000000000000000000, 3.175426480542969276 ) ) ;
#1965 = EDGE_CURVE ( 'NONE', #1253, #685, #608, .T. ) ;
#1966 = PERSON_AND_ORGANIZATION_ROLE ( 'creator' ) ;
#1967 = EDGE_LOOP ( 'NONE', ( #1243, #548, #1166, #374 ) ) ;
#1968 = CARTESIAN_POINT ( 'NONE',  ( 6.000000000000036415, 0.5000000000000004441, 3.464101615137701096 ) ) ;
#1969 = AXIS2_PLACEMENT_3D ( 'NONE', #1877, #74, #697 ) ;
#1970 = CYLINDRICAL_SURFACE ( 'NONE', #1019, 7.000000000000000000 ) ;
#1971 = AXIS2_PLACEMENT_3D ( 'NONE', #65, #523, #207 ) ;
#1972 = EDGE_LOOP ( 'NONE', ( #1915, #211, #456, #237, #1375 ) ) ;
#1973 = LINE ( 'NONE', #1432, #871 ) ;
#1974 = AXIS2_PLACEMENT_3D ( 'NONE', #481, #1473, #1000 ) ;
#1975 = VECTOR ( 'NONE', #2020, 1000.000000000000114 ) ;
#1976 = EDGE_LOOP ( 'NONE', ( #418, #1073, #929, #655 ) ) ;
#1977 = AXIS2_PLACEMENT_3D ( 'NONE', #1769, #893, #1783 ) ;
#1978 = CALENDAR_DATE ( 2026, 12, 1 ) ;
#1979 = ORIENTED_EDGE ( 'NONE', *, *, #1644, .F. ) ;
#1980 = DIRECTION ( 'NONE',  ( -0.8660254037844345998, 0.000000000000000000, 0.5000000000000072164 ) ) ;
#1981 = CC_DESIGN_PERSON_AND_ORGANIZATION_ASSIGNMENT ( #327, #829, ( #586 ) ) ;
#1982 = EDGE_CURVE ( 'NONE', #302, #1277, #1599, .T. ) ;
#1983 = VECTOR ( 'NONE', #269, 1000.000000000000000 ) ;
#1984 = DIRECTION ( 'NONE',  ( 0.000000000000000000, -1.000000000000000000, 0.000000000000000000 ) ) ;
#1985 = DIRECTION ( 'NONE',  ( 3.255014963930502918E-15, -0.000000000000000000, 1.000000000000000000 ) ) ;
#1986 = EDGE_LOOP ( 'NONE', ( #1380, #591 ) ) ;
#1987 = CARTESIAN_POINT ( 'NONE',  ( 0.000000000000000000, -9.000000000000001776, 1.499999999999997780 ) ) ;
#1988 = FACE_OUTER_BOUND ( 'NONE', #573, .T. ) ;
#1989 = ORIENTED_EDGE ( 'NONE', *, *, #1602, .F. ) ;
#1990 = FACE_OUTER_BOUND ( 'NONE', #731, .T. ) ;
#1991 = DIRECTION ( 'NONE',  ( 0.000000000000000000, 0.000000000000000000, 1.000000000000000000 ) ) ;
#1992 = ADVANCED_FACE ( 'NONE', ( #787, #2115 ), #2092, .T. ) ;
#1993 = PLANE ( 'NONE',  #1974 ) ;
#1994 = PERSON_AND_ORGANIZATION ( #991, #1554 ) ;
#1995 = ORIENTED_EDGE ( 'NONE', *, *, #1982, .T. ) ;
#1996 = CARTESIAN_POINT ( 'NONE',  ( -2.750000000000005773, 0.000000000000000000, -4.763139720814408840 ) ) ;
#1997 = FACE_OUTER_BOUND ( 'NONE', #90, .T. ) ;
#1998 = ORIENTED_EDGE ( 'NONE', *, *, #1805, .T. ) ;
#1999 = DIRECTION ( 'NONE',  ( -0.000000000000000000, 1.000000000000000000, -0.000000000000000000 ) ) ;
#2000 = DIRECTION ( 'NONE',  ( 3.255014963930502918E-15, 0.000000000000000000, 1.000000000000000000 ) ) ;
#2001 = CLOSED_SHELL ( 'NONE', ( #462, #344, #836, #661, #652, #1924, #798, #808, #1144, #1992, #980, #558, #1897, #1113, #235, #1936, #1247, #701, #1954, #440, #742, #1280, #1016, #373, #859, #1558 ) ) ;
#2002 = ORIENTED_EDGE ( 'NONE', *, *, #200, .T. ) ;
#2003 = CARTESIAN_POINT ( 'NONE',  ( 0.000000000000000000, 9.499999999999996447, 0.000000000000000000 ) ) ;
#2004 = AXIS2_PLACEMENT_3D ( 'NONE', #1845, #1643, #831 ) ;
#2005 = PRODUCT_RELATED_PRODUCT_CATEGORY ( 'detail', '', ( #2065 ) ) ;
#2006 = EDGE_CURVE ( 'NONE', #1529, #969, #436, .T. ) ;
#2007 = DIRECTION ( 'NONE',  ( 0.000000000000000000, -0.000000000000000000, 1.000000000000000000 ) ) ;
#2008 = AXIS2_PLACEMENT_3D ( 'NONE', #607, #103, #1950 ) ;
#2009 = VERTEX_POINT ( 'NONE', #282 ) ;
#2010 = VECTOR ( 'NONE', #444, 1000.000000000000000 ) ;
#2011 = PLANE ( 'NONE',  #1307 ) ;
#2012 = CARTESIAN_POINT ( 'NONE',  ( -6.000000000000011546, 10.00000000000000000, -3.464101615137742840 ) ) ;
#2013 = CIRCLE ( 'NONE', #1666, 1.499999999999997780 ) ;
#2014 = APPROVAL_ROLE ( '' ) ;
#2015 = VERTEX_POINT ( 'NONE', #1255 ) ;
#2016 = LINE ( 'NONE', #1996, #186 ) ;
#2017 = DIRECTION ( 'NONE',  ( 0.8660254037844415942, -0.000000000000000000, 0.4999999999999948375 ) ) ;
#2018 = ORIENTED_EDGE ( 'NONE', *, *, #247, .F. ) ;
#2019 =( NAMED_UNIT ( * ) SI_UNIT ( $, .STERADIAN. ) SOLID_ANGLE_UNIT ( ) );
#2020 = DIRECTION ( 'NONE',  ( 8.659560562354963673E-17, 0.7071067811865451302, -0.7071067811865500152 ) ) ;
#2021 = DATE_TIME_ROLE ( 'classification_date' ) ;
#2022 = ORIENTED_EDGE ( 'NONE', *, *, #1673, .F. ) ;
#2023 = CARTESIAN_POINT ( 'NONE',  ( 0.000000000000000000, -9.000000000000001776, 0.000000000000000000 ) ) ;
#2024 = VERTEX_POINT ( 'NONE', #458 ) ;
#2025 = CARTESIAN_POINT ( 'NONE',  ( 4.837938458043933716E-14, 10.00000000000000000, 6.928203230275513214 ) ) ;
#2026 = EDGE_CURVE ( 'NONE', #1268, #1358, #297, .T. ) ;
#2027 = ORIENTED_EDGE ( 'NONE', *, *, #412, .F. ) ;
#2028 = EDGE_CURVE ( 'NONE', #1235, #415, #992, .T. ) ;
#2029 = CARTESIAN_POINT ( 'NONE',  ( 5.999999999999962697, 10.00000000000000000, -3.464101615137825885 ) ) ;
#2030 = CONTEXT_DEPENDENT_SHAPE_REPRESENTATION ( #1447, #1774 ) ;
#2031 = EDGE_LOOP ( 'NONE', ( #130, #443, #750, #175 ) ) ;
#2032 = CARTESIAN_POINT ( 'NONE',  ( 8.572527594031473190E-16, 2.200000000000000178, 7.000000000000000000 ) ) ;
#2033 = CIRCLE ( 'NONE', #1296, 2.500000000000007550 ) ;
#2034 = FACE_OUTER_BOUND ( 'NONE', #1005, .T. ) ;
#2035 = VECTOR ( 'NONE', #557, 1000.000000000000000 ) ;
#2036 = ORIENTED_EDGE ( 'NONE', *, *, #84, .F. ) ;
#2037 = APPROVAL_STATUS ( 'not_yet_approved' ) ;
#2038 = CC_DESIGN_PERSON_AND_ORGANIZATION_ASSIGNMENT ( #194, #894, ( #1421 ) ) ;
#2039 = DIRECTION ( 'NONE',  ( 0.8660254037844414832, 0.000000000000000000, 0.4999999999999950595 ) ) ;
#2040 = DATE_AND_TIME ( #725, #888 ) ;
#2041 =( GEOMETRIC_REPRESENTATION_CONTEXT ( 3 ) GLOBAL_UNCERTAINTY_ASSIGNED_CONTEXT ( ( #1812 ) ) GLOBAL_UNIT_ASSIGNED_CONTEXT ( ( #2123, #1605, #1949 ) ) REPRESENTATION_CONTEXT ( 'NONE', 'WORKASPACE' ) );
#2042 = VERTEX_POINT ( 'NONE', #958 ) ;
#2043 = CARTESIAN_POINT ( 'NONE',  ( 0.000000000000000000, 10.00000000000000000, 0.000000000000000000 ) ) ;
#2044 = EDGE_LOOP ( 'NONE', ( #818, #2126, #2160, #1395 ) ) ;
#2045 = DIRECTION ( 'NONE',  ( -0.8660254037844414832, 0.000000000000000000, -0.4999999999999950595 ) ) ;
#2046 = LOCAL_TIME ( 15, 10, 18.00000000000000000, #693 ) ;
#2047 = LINE ( 'NONE', #561, #1198 ) ;
#2048 = CC_DESIGN_APPROVAL ( #766, ( #1771 ) ) ;
#2049 = ORIENTED_EDGE ( 'NONE', *, *, #1346, .T. ) ;
#2050 = PERSON_AND_ORGANIZATION ( #991, #1554 ) ;
#2051 = LINE ( 'NONE', #1051, #1337 ) ;
#2052 = APPROVAL_STATUS ( 'not_yet_approved' ) ;
#2053 = EDGE_CURVE ( 'NONE', #295, #1736, #1279, .T. ) ;
#2054 = CARTESIAN_POINT ( 'NONE',  ( -1.219727444046190763E-16, 2.499999999999996003, -6.928203230275514990 ) ) ;
#2055 = ORIENTED_EDGE ( 'NONE', *, *, #1386, .F. ) ;
#2056 = DIRECTION ( 'NONE',  ( -0.8660254037844380415, 0.000000000000000000, 0.5000000000000012212 ) ) ;
#2057 = DIRECTION ( 'NONE',  ( -0.8660254037844415942, 0.000000000000000000, -0.4999999999999948375 ) ) ;
#2058 = DIRECTION ( 'NONE',  ( -3.255014963930502918E-15, 0.000000000000000000, -1.000000000000000000 ) ) ;
#2059 = ORIENTED_EDGE ( 'NONE', *, *, #347, .F. ) ;
#2060 = DATE_AND_TIME ( #745, #1378 ) ;
#2061 = LINE ( 'NONE', #367, #1938 ) ;
#2062 = SECURITY_CLASSIFICATION_LEVEL ( 'unclassified' ) ;
#2063 = ORIENTED_EDGE ( 'NONE', *, *, #1809, .T. ) ;
#2064 = LINE ( 'NONE', #1563, #1368 ) ;
#2065 = PRODUCT ( '711341.104 шайба', '711341.104 шайба', '', ( #429 ) ) ;
#2066 = DIRECTION ( 'NONE',  ( 0.000000000000000000, -1.000000000000000000, 0.000000000000000000 ) ) ;
#2067 = APPROVAL ( #1557, 'UNSPECIFIED' ) ;
#2068 = CARTESIAN_POINT ( 'NONE',  ( 0.000000000000000000, 0.6999999999999999556, 0.000000000000000000 ) ) ;
#2069 = EDGE_CURVE ( 'NONE', #1235, #1618, #264, .T. ) ;
#2070 = VECTOR ( 'NONE', #832, 1000.000000000000000 ) ;
#2071 = AXIS2_PLACEMENT_3D ( 'NONE', #266, #763, #1425 ) ;
#2072 = ORIENTED_EDGE ( 'NONE', *, *, #1289, .T. ) ;
#2073 = PERSON_AND_ORGANIZATION ( #991, #1554 ) ;
#2074 = LINE ( 'NONE', #411, #641 ) ;
#2075 = VECTOR ( 'NONE', #2124, 1000.000000000000000 ) ;
#2076 = COORDINATED_UNIVERSAL_TIME_OFFSET ( 3, 0, .AHEAD. ) ;
#2077 = ORIENTED_EDGE ( 'NONE', *, *, #1457, .T. ) ;
#2078 = DIRECTION ( 'NONE',  ( 0.8660254037844345998, 0.000000000000000000, -0.5000000000000072164 ) ) ;
#2079 = VECTOR ( 'NONE', #1107, 1000.000000000000000 ) ;
#2080 = ORIENTED_EDGE ( 'NONE', *, *, #1714, .T. ) ;
#2081 = DIRECTION ( 'NONE',  ( 0.000000000000000000, 1.000000000000000000, 0.000000000000000000 ) ) ;
#2082 = FACE_OUTER_BOUND ( 'NONE', #1210, .T. ) ;
#2083 = EDGE_CURVE ( 'NONE', #685, #1253, #2013, .T. ) ;
#2084 = APPROVAL_PERSON_ORGANIZATION ( #463, #356, #1816 ) ;
#2085 = ORIENTED_EDGE ( 'NONE', *, *, #1948, .F. ) ;
#2086 = EDGE_CURVE ( 'NONE', #1422, #801, #273, .T. ) ;
#2087 = PERSON_AND_ORGANIZATION ( #991, #1554 ) ;
#2088 = CARTESIAN_POINT ( 'NONE',  ( 2.999999999999971134, 0.000000000000000000, -5.196152422706648899 ) ) ;
#2089 = FACE_OUTER_BOUND ( 'NONE', #230, .T. ) ;
#2090 = ORIENTED_EDGE ( 'NONE', *, *, #953, .F. ) ;
#2091 = CARTESIAN_POINT ( 'NONE',  ( 0.000000000000000000, 0.000000000000000000, 0.000000000000000000 ) ) ;
#2092 = PLANE ( 'NONE',  #1452 ) ;
#2093 = PLANE ( 'NONE',  #1224 ) ;
#2094 = EDGE_CURVE ( 'NONE', #1348, #1483, #1609, .T. ) ;
#2095 = APPROVAL_STATUS ( 'not_yet_approved' ) ;
#2096 = CARTESIAN_POINT ( 'NONE',  ( -5.999999999999987566, 7.000000000000000000, 3.464101615137783252 ) ) ;
#2097 = CC_DESIGN_PERSON_AND_ORGANIZATION_ASSIGNMENT ( #1228, #388, ( #543 ) ) ;
#2098 = EDGE_CURVE ( 'NONE', #316, #1834, #773, .T. ) ;
#2099 = CARTESIAN_POINT ( 'NONE',  ( 0.000000000000000000, 2.200000000000000178, 0.000000000000000000 ) ) ;
#2100 = ORIENTED_EDGE ( 'NONE', *, *, #247, .T. ) ;
#2101 = DIRECTION ( 'NONE',  ( 0.000000000000000000, 1.000000000000000000, 0.000000000000000000 ) ) ;
#2102 = DIRECTION ( 'NONE',  ( 0.000000000000000000, -1.000000000000000000, 0.000000000000000000 ) ) ;
#2103 = PRODUCT_DEFINITION_SHAPE ( 'NONE', 'NONE',  #1062 ) ;
#2104 = ORIENTED_EDGE ( 'NONE', *, *, #1439, .T. ) ;
#2105 = CIRCLE ( 'NONE', #810, 2.000000000000000000 ) ;
#2106 = DATE_AND_TIME ( #134, #56 ) ;
#2107 = DIRECTION ( 'NONE',  ( 0.000000000000000000, 0.000000000000000000, -1.000000000000000000 ) ) ;
#2108 = DATE_AND_TIME ( #1784, #653 ) ;
#2109 =( NAMED_UNIT ( * ) PLANE_ANGLE_UNIT ( ) SI_UNIT ( $, .RADIAN. ) );
#2110 = EDGE_CURVE ( 'NONE', #620, #1286, #814, .T. ) ;
#2111 = CARTESIAN_POINT ( 'NONE',  ( 0.000000000000000000, 7.000000000000000000, 0.000000000000000000 ) ) ;
#2112 = AXIS2_PLACEMENT_3D ( 'NONE', #915, #1085, #928 ) ;
#2113 = ORIENTED_EDGE ( 'NONE', *, *, #1937, .T. ) ;
#2114 = DIRECTION ( 'NONE',  ( 0.000000000000000000, -1.000000000000000000, 0.000000000000000000 ) ) ;
#2115 = FACE_BOUND ( 'NONE', #452, .T. ) ;
#2116 = VECTOR ( 'NONE', #631, 1000.000000000000000 ) ;
#2117 = CARTESIAN_POINT ( 'NONE',  ( -5.999999999999987566, 0.000000000000000000, 3.464101615137783252 ) ) ;
#2118 = LOCAL_TIME ( 15, 10, 18.00000000000000000, #32 ) ;
#2119 = LOCAL_TIME ( 15, 10, 18.00000000000000000, #756 ) ;
#2120 = SHAPE_DEFINITION_REPRESENTATION ( #1399, #287 ) ;
#2121 = EDGE_LOOP ( 'NONE', ( #1731, #1671, #975, #380 ) ) ;
#2122 = DIRECTION ( 'NONE',  ( -0.000000000000000000, -1.000000000000000000, -0.000000000000000000 ) ) ;
#2123 =( LENGTH_UNIT ( ) NAMED_UNIT ( * ) SI_UNIT ( .MILLI., .METRE. ) );
#2124 = DIRECTION ( 'NONE',  ( -0.000000000000000000, 1.000000000000000000, -0.000000000000000000 ) ) ;
#2125 = EDGE_CURVE ( 'NONE', #1145, #1815, #1735, .T. ) ;
#2126 = ORIENTED_EDGE ( 'NONE', *, *, #319, .T. ) ;
#2127 = LINE ( 'NONE', #1798, #1189 ) ;
#2128 = DIRECTION ( 'NONE',  ( 0.000000000000000000, 0.000000000000000000, -1.000000000000000000 ) ) ;
#2129 = EDGE_CURVE ( 'NONE', #196, #1579, #1108, .T. ) ;
#2130 = CARTESIAN_POINT ( 'NONE',  ( 0.000000000000000000, 7.000000000000000000, 4.500000000000000000 ) ) ;
#2131 = COORDINATED_UNIVERSAL_TIME_OFFSET ( 3, 0, .AHEAD. ) ;
#2132 = ORIENTED_EDGE ( 'NONE', *, *, #1710, .T. ) ;
#2133 = CARTESIAN_POINT ( 'NONE',  ( -5.999999999999989342, 0.5000000000000004441, 3.464101615137784584 ) ) ;
#2134 = PLANE ( 'NONE',  #1197 ) ;
#2135 = ORIENTED_EDGE ( 'NONE', *, *, #610, .F. ) ;
#2136 = DIRECTION ( 'NONE',  ( 0.000000000000000000, 0.000000000000000000, -1.000000000000000000 ) ) ;
#2137 = DIRECTION ( 'NONE',  ( 0.000000000000000000, 0.000000000000000000, -1.000000000000000000 ) ) ;
#2138 = CC_DESIGN_PERSON_AND_ORGANIZATION_ASSIGNMENT ( #288, #1282, ( #1556 ) ) ;
#2139 = EDGE_CURVE ( 'NONE', #1078, #12, #300, .T. ) ;
#2140 = DIRECTION ( 'NONE',  ( -0.8660254037844415942, 0.000000000000000000, -0.4999999999999950595 ) ) ;
#2141 = SHAPE_DEFINITION_REPRESENTATION ( #2103, #817 ) ;
#2142 = ORIENTED_EDGE ( 'NONE', *, *, #1342, .T. ) ;
#2143 = CARTESIAN_POINT ( 'NONE',  ( 1.170938346284344789E-14, 7.000000000000000000, -4.336808689942017736E-16 ) ) ;
#2144 = VECTOR ( 'NONE', #1157, 1000.000000000000000 ) ;
#2145 = CARTESIAN_POINT ( 'NONE',  ( 0.000000000000000000, 0.000000000000000000, 0.000000000000000000 ) ) ;
#2146 = PERSON_AND_ORGANIZATION ( #991, #1554 ) ;
#2147 = EDGE_LOOP ( 'NONE', ( #910, #1207, #26, #1989 ) ) ;
#2148 = FACE_OUTER_BOUND ( 'NONE', #1391, .T. ) ;
#2149 = AXIS2_PLACEMENT_3D ( 'NONE', #2143, #638, #1496 ) ;
#2150 = CARTESIAN_POINT ( 'NONE',  ( 0.000000000000000000, 0.000000000000000000, 0.000000000000000000 ) ) ;
#2151 = AXIS2_PLACEMENT_3D ( 'NONE', #136, #487, #962 ) ;
#2152 = EDGE_LOOP ( 'NONE', ( #201, #31, #83, #2059 ) ) ;
#2153 = FACE_OUTER_BOUND ( 'NONE', #1866, .T. ) ;
#2154 = PRODUCT_DEFINITION_FORMATION_WITH_SPECIFIED_SOURCE ( 'ANY', '', #599, .NOT_KNOWN. ) ;
#2155 = EDGE_CURVE ( 'NONE', #1700, #396, #1472, .T. ) ;
#2156 = DIRECTION ( 'NONE',  ( 3.380207847158600080E-15, 0.000000000000000000, 1.000000000000000000 ) ) ;
#2157 = APPROVAL_PERSON_ORGANIZATION ( #554, #516, #1394 ) ;
#2158 = DATE_TIME_ROLE ( 'classification_date' ) ;
#2159 = UNCERTAINTY_MEASURE_WITH_UNIT (LENGTH_MEASURE( 1.000000000000000082E-05 ), #1335, 'distance_accuracy_value', 'NONE');
#2160 = ORIENTED_EDGE ( 'NONE', *, *, #597, .F. ) ;
#2161 = CARTESIAN_POINT ( 'NONE',  ( 0.000000000000000000, 0.000000000000000000, 0.000000000000000000 ) ) ;
#2162 = CC_DESIGN_APPROVAL ( #1086, ( #1421 ) ) ;
#2163 = LINE ( 'NONE', #978, #2144 ) ;
#2164 = ORIENTED_EDGE ( 'NONE', *, *, #319, .F. ) ;
#2165 = DIRECTION ( 'NONE',  ( 0.000000000000000000, 0.000000000000000000, 1.000000000000000000 ) ) ;
#2166 = PERSON_AND_ORGANIZATION_ROLE ( 'creator' ) ;
#2167 = CC_DESIGN_PERSON_AND_ORGANIZATION_ASSIGNMENT ( #1921, #419, ( #1523 ) ) ;
#2168 = DIRECTION ( 'NONE',  ( 0.000000000000000000, 0.000000000000000000, 1.000000000000000000 ) ) ;
#2169 = NEXT_ASSEMBLY_USAGE_OCCURRENCE ( 'NAUO1', ' ', ' ', #1519, #586, $ ) ;
#2170 = NEXT_ASSEMBLY_USAGE_OCCURRENCE ( 'NAUO2', ' ', ' ', #1519, #1613, $ ) ;
#2171 = NEXT_ASSEMBLY_USAGE_OCCURRENCE ( 'NAUO3', ' ', ' ', #1519, #1613, $ ) ;
#2172 = NEXT_ASSEMBLY_USAGE_OCCURRENCE ( 'NAUO4', ' ', ' ', #1519, #1062, $ ) ;
ENDSEC;
END-ISO-10303-21;
